agent_0,agent_1,agent_2,agent_3,agent_4,agent_5,agent_6,agent_7,agent_8,agent_9,agent_10,agent_11,agent_12,agent_13,agent_14,agent_15,agent_16,agent_17,agent_18,agent_19,agent_20,agent_21,agent_22,agent_23,agent_24,agent_25,agent_26,agent_27,agent_28,agent_29
-3.720709910849926,-3.720709910849926,-3.720709910849926,-3.720709910849926,-3.720709910849926,-3.720709910849926,-3.720709910849926,-3.720709910849926,56.411001003891194,-3.720709910849926,-3.720709910849926,-3.720709910849926,62.10507717910201,-3.720709910849926,-3.720709910849926,-3.720709910849926,-3.720709910849926,-3.720709910849926,-3.720709910849926,-3.720709910849926,-3.720709910849926,-3.720709910849926,-3.720709910849926,-3.720709910849926,-3.720709910849926,-3.720709910849926,-3.720709910849926,-3.720709910849926,-3.720709910849926,-3.720709910849926
-3.540588845449039,-3.540588845449039,-3.540588845449039,-3.540588845449039,-3.540588845449039,-3.540588845449039,-3.540588845449039,-3.540588845449039,36.299120693601445,-3.540588845449039,-3.540588845449039,-3.540588845449039,40.133472542406025,-3.540588845449039,-3.540588845449039,-3.540588845449039,-3.540588845449039,-3.540588845449039,-3.540588845449039,37.509171269425856,-3.540588845449039,-3.540588845449039,-3.540588845449039,-3.540588845449039,-3.540588845449039,-3.540588845449039,-3.540588845449039,-3.540588845449039,-3.540588845449039,-3.540588845449039
-3.207029865870644,-3.207029865870644,-3.207029865870644,-3.207029865870644,19.04976402096043,-3.207029865870644,-3.207029865870644,-3.207029865870644,19.526550662704878,-3.207029865870644,-3.207029865870644,-3.207029865870644,24.54408713752838,-3.207029865870644,-3.207029865870644,-3.207029865870644,-3.207029865870644,-3.207029865870644,-3.207029865870644,19.91307138754339,20.77104945302937,-3.207029865870644,-3.207029865870644,-3.207029865870644,-3.207029865870644,-3.207029865870644,-3.207029865870644,-3.207029865870644,-3.207029865870644,-3.207029865870644
11.83873595110913,-2.984283045901796,-2.984283045901796,-2.984283045901796,12.273711880912694,-2.984283045901796,-2.984283045901796,-2.984283045901796,13.044425757635238,12.372487139532655,-2.984283045901796,-2.984283045901796,16.346699305626238,-2.984283045901796,-2.984283045901796,-2.984283045901796,-2.984283045901796,-2.984283045901796,-2.984283045901796,11.28523318259923,12.264668089846769,-2.984283045901796,-2.984283045901796,-2.984283045901796,-2.984283045901796,-2.984283045901796,-2.984283045901796,-2.984283045901796,-2.984283045901796,-2.984283045901796
22.262802528939925,-3.168760428535426,-3.168760428535426,-3.168760428535426,2.5473895749217825,-3.168760428535426,-3.168760428535426,-3.168760428535426,2.5473895749217825,23.961893803617006,-3.168760428535426,-3.168760428535426,27.142660125093865,-3.168760428535426,-3.168760428535426,-3.168760428535426,-3.168760428535426,-3.168760428535426,-3.168760428535426,-3.168760428535426,23.70901792147671,-3.168760428535426,-3.168760428535426,-3.168760428535426,-3.168760428535426,-3.168760428535426,-3.168760428535426,-3.168760428535426,-3.168760428535426,-3.168760428535426
9.862483966397107,-2.8385295107724593,-2.8385295107724593,-2.8385295107724593,11.09980991685056,-2.8385295107724593,-2.8385295107724593,-2.8385295107724593,7.684802113881083,12.22373273156062,-2.8385295107724593,-2.8385295107724593,-2.8385295107724593,-2.8385295107724593,-2.8385295107724593,-2.8385295107724593,-2.8385295107724593,-2.8385295107724593,-2.8385295107724593,11.41492017784584,10.448377013808372,-2.8385295107724593,-2.8385295107724593,9.72138108179016,-2.8385295107724593,-2.8385295107724593,9.699897201411794,-2.8385295107724593,-2.8385295107724593,-2.8385295107724593
6.566602319941202,-2.5217243813379837,-2.5217243813379837,-2.5217243813379837,6.415452910200007,-2.5217243813379837,-2.5217243813379837,-2.5217243813379837,6.302943447047084,6.686568665591217,-2.5217243813379837,-2.5217243813379837,9.418344476441913,-2.5217243813379837,-2.5217243813379837,-2.5217243813379837,12.773436066081956,-2.5217243813379837,-2.5217243813379837,6.288318075032856,5.135696305315652,-2.5217243813379837,-2.5217243813379837,6.501155816387211,-2.5217243813379837,-2.5217243813379837,8.221386257160775,-2.5217243813379837,-2.5217243813379837,7.285942929401716
3.141411416892633,6.2303527443142315,-1.8887329384593554,-1.8887329384593554,-0.0972651967219764,-1.8887329384593554,-1.8887329384593554,-1.8887329384593554,3.6098162235001703,3.092452322345228,9.366918985196158,-1.8887329384593554,7.1281785644048,-1.8887329384593554,-1.8887329384593554,-1.8887329384593554,10.417462177242255,7.2896611864289085,-0.0972651967219764,4.1066319094607975,5.741202356655954,-1.8887329384593554,-1.8887329384593554,4.118492290031944,-1.8887329384593554,-1.8887329384593554,4.650283490674904,-1.8887329384593554,-1.8887329384593554,6.469866892318624
1.969789366181054,5.512702353302908,3.2581772367717607,-1.732067649147075,3.563722797108512,-1.732067649147075,-1.732067649147075,-1.732067649147075,1.4767503497612742,4.0913598541245975,8.278677877773916,-1.732067649147075,8.381849973916458,-1.732067649147075,-1.732067649147075,-1.732067649147075,9.779639835727343,7.188120641066779,6.436066393860485,5.401780953054163,2.651586641543003,-1.732067649147075,-1.732067649147075,1.3576944563347235,-1.732067649147075,-1.732067649147075,2.885083186581177,-1.732067649147075,-1.732067649147075,3.9188435734835947
0.9727483358866288,-1.4596410235108024,2.12915057050422,0.9727483358866288,3.0110305116536145,-1.4596410235108024,-1.4596410235108024,-1.4596410235108024,2.62591899988568,4.957123337500525,7.041441160087439,-1.4596410235108024,8.456379062608208,-1.4596410235108024,-1.4596410235108024,2.1876266043515598,10.46996926482382,7.835481048441507,6.9863116871882545,4.392320956085083,3.2227377486373983,-1.4596410235108024,-1.4596410235108024,3.2196751936293166,-1.4596410235108024,-1.4596410235108024,5.087733070605187,-1.4596410235108024,-1.4596410235108024,4.492008126445418
4.985754661443462,0.8878682086193951,2.486027405980442,1.1625377487772597,3.6189718230722736,-1.4479569705830952,-1.4479569705830952,-1.4479569705830952,3.084537325596921,2.113559527249961,8.030901735278407,-1.4479569705830952,7.88313669723623,-1.4479569705830952,-1.4479569705830952,4.669948572901683,10.59927353735614,2.253297807473096,6.752314362886883,5.788863460312345,0.8878682086193951,-1.4479569705830952,-1.4479569705830952,1.1625377487772597,-1.4479569705830952,-1.4479569705830952,4.034477776464946,-1.4479569705830952,-1.4479569705830952,2.253297807473096
2.480856920702515,1.544491330689925,5.9509988774026,0.9000304608523458,2.829816621785871,-0.5188578497267434,-1.3739668938018492,-1.3739668938018492,-0.5188578497267434,3.849197445844985,7.818100672342152,-1.3739668938018492,5.434183752360344,-1.3739668938018492,-1.3739668938018492,3.326213266983255,10.174127370256617,8.380071447002893,7.62689341699141,3.742811824579074,1.544491330689925,-1.3739668938018492,-1.3739668938018492,0.9000304608523458,3.8829518778979137,-1.3739668938018492,2.7169304706048374,-1.3739668938018492,-1.3739668938018492,-1.3739668938018492
2.3003014854429957,4.868343781034033,2.692972943242366,0.39588015951157884,2.270569319308887,1.4090083678593812,-1.0743212446647665,-1.0743212446647665,1.4276118345899853,3.3782166924402,7.995140186073384,-1.0743212446647665,7.730698200076988,-1.0743212446647665,-1.0743212446647665,1.2694538718632615,4.5329720963653255,8.31539627203367,7.209104654308638,4.5329720963653255,2.4023032019265593,-1.0743212446647665,-1.0743212446647665,0.39588015951157884,4.311836143116889,-1.0743212446647665,3.5145891775271134,-1.0743212446647665,-1.0743212446647665,1.4090083678593812
0.46035142421420694,6.514895312372318,1.9651131252640233,0.46035142421420694,1.7278413875757572,2.918262606866881,1.4812111861010833,-0.5246383863079429,-0.5246383863079429,0.4942778197005777,5.192423015909513,-0.5246383863079429,7.560590112701457,-0.5246383863079429,-0.5246383863079429,1.5336278619860866,7.647328128901394,8.317718077188111,5.72699489621173,2.6874229105916365,1.3066715438538712,-0.5246383863079429,1.7278413875757572,1.1272548170701246,1.4812111861010833,-0.5246383863079429,2.065814268430281,-0.5246383863079429,0.7936960435637197,0.4942778197005777
3.1037319917369945,4.8447486969794396,3.3761824802379117,0.8836645693103228,0.15747864674568243,1.0093531124613966,0.045149321296101746,-0.8756453958641071,1.143263710801526,0.003231491102368561,7.378930302004001,-0.8756453958641071,7.009383198172349,-0.8756453958641071,-0.8756453958641071,2.9555286579286015,7.575458363038855,10.420316488077685,4.843429485226243,-0.17993263641015378,4.308360317866268,-0.8756453958641071,0.15747864674568243,4.71291267285637,0.045149321296101746,-0.8756453958641071,-0.8756453958641071,-0.8756453958641071,0.003231491102368561,1.0093531124613966
0.42315341650193194,4.667607842627522,2.081445677431357,1.149108031979169,-0.06646133443226446,0.6085026091348482,0.24018320577416932,5.244459533918998,0.37774066300675846,2.1321398749932277,5.0733675517537975,-0.36814004885042495,6.111487789480605,-0.36814004885042495,-0.36814004885042495,0.9748254809435489,8.871024288705545,7.223229738557947,7.103003857503961,1.4833950867071701,-0.36814004885042495,-0.36814004885042495,-0.06646133443226446,3.484220130864249,0.24018320577416932,3.9428314141883,1.6329204335070897,-0.36814004885042495,0.37774066300675846,0.6085026091348482
0.6104032653908488,4.325385894785227,1.2822823193154094,0.9860799988477529,-0.19047724439113317,7.847409344606663,-0.7554744962660837,5.992175209281265,-0.04274777561518811,1.2822823193154094,5.739191344331654,-0.7554744962660837,5.515724069108574,-0.7554744962660837,-0.7554744962660837,0.8219396560360778,0.6104032653908488,-0.04274777561518811,4.862413082551819,-0.12253533682657991,2.103831501023265,-0.7554744962660837,-0.19047724439113317,5.245735735124732,-0.7554744962660837,3.6960183019172566,2.424709395941347,-0.7554744962660837,-0.04274777561518811,1.238459178229099
2.425029718221017,2.5839453853555567,-0.4846919047558858,0.5165500282680979,0.36139870711940736,2.7837694584477264,0.15553425933926937,4.31573328297342,0.6760359925806401,0.9218965813093243,2.911598690130022,-0.4846919047558858,5.6557403933432955,-0.4846919047558858,-0.4846919047558858,3.5925447926109277,6.926434335420498,2.7837694584477264,6.077804363483538,1.3634415971178755,1.7534234148737715,-0.4846919047558858,0.36139870711940736,5.171432060581365,0.15553425933926937,3.9839850375530217,1.8748627887102152,-0.4846919047558858,2.911598690130022,1.1421528355429853
1.5384594685742274,3.796121705322123,1.0964175685884574,2.0054030521734223,-0.08497775891134268,3.028138151715415,-0.04819156011333989,2.8969642950248096,-0.0665104917402002,-0.5073889190657535,6.753617958912181,-0.5073889190657535,6.21511614983795,-0.5073889190657535,-0.5073889190657535,0.470963415649884,9.598946709736202,3.028138151715415,5.210782538797673,0.9905336125175296,1.1687930264108368,-0.08497775891134268,-0.08497775891134268,5.2094203432145685,-0.04819156011333989,2.820444625107908,2.0708351753860983,-0.5073889190657535,-0.0665104917402002,-0.5073889190657535
1.0309035095904797,0.7006523854965024,1.2486351162139697,1.8103717236012158,-0.0504190636267403,2.18233891704251,0.08542605341497092,4.599977639655968,-0.3213926579268883,0.501255580694341,-0.059666248097514585,1.9961937197129722,4.537359918267848,-0.059666248097514585,-0.059666248097514585,0.5374423538201937,8.223900528159229,2.18233891704251,4.021374651483607,1.9236356938480026,0.6171535638195788,0.501255580694341,-0.0504190636267403,7.477138477892774,0.08542605341497092,1.9961937197129722,0.7006523854965024,0.6171535638195788,-0.3213926579268883,1.6447039966009518
3.5094569801349014,3.692097901468303,1.9685512313369093,1.271942351870068,-0.07827129958435415,1.9392054705359438,-0.018946934675462018,4.528668521189927,0.2679304172667971,0.20088553373021814,1.020980086021571,1.020980086021571,6.109716998626983,0.8298943735241078,0.8298943735241078,2.1724712152958845,1.3444852689829143,1.9392054705359438,3.638215055006487,1.3444852689829143,0.32713317918852813,0.20088553373021814,-0.07827129958435415,7.173862623383617,-0.018946934675462018,1.020980086021571,2.932116504448489,0.32713317918852813,0.2679304172667971,1.7289419388823486
0.7156323084704246,2.4124392127025915,1.5639168374012211,1.0790383278039335,0.2405644774570254,1.3695834647258438,-0.20083390684367658,3.5795773834559155,7.10239935024096,5.013331215553483,-0.20083390684367658,2.0816954092609676,1.0751091829213675,0.5879703419268327,0.5879703419268327,1.813975318675095,8.049197512229142,1.3695834647258438,5.485084809095074,1.4743056006339736,0.8757661849404278,1.1247208086970617,-0.11007598459253623,7.463522215827095,-0.20083390684367658,2.5933480950743215,3.8007380906944492,0.8757661849404278,0.19509197738290968,1.0751091829213675
1.3268711402774196,-0.16316883654388037,-0.438628999494605,-0.28256563799803913,-0.07729977875473328,1.9588025738935242,0.010507870894003513,0.5553330370575557,0.21011113461336986,1.832265787202536,3.139870501376668,3.139870501376668,5.2516455918240155,-0.34244547987367857,-0.34244547987367857,0.4186499725308669,8.662212211043329,0.5553330370575557,4.921560172765201,-0.0782792562152512,1.0602342248381147,0.74539941755299,-0.07729977875473328,5.330867283144861,0.010507870894003513,1.832265787202536,3.175728139294736,2.5467747040507054,0.21011113461336986,1.5646601948937122
1.5478613885630645,3.572896072286487,1.6729232880489493,1.1235094104913654,-0.1172008826671331,1.011239507243233,0.07176199420253557,3.7089718445125213,-0.1481851495360813,5.836970175913437,6.221462843399184,1.736424248419378,1.6729232880489493,-0.2063922738918862,-0.1481851495360813,0.1522417162996996,-0.2063922738918862,1.011239507243233,5.065222161665205,2.0194555607298197,1.2463459626850744,1.2459127434078052,-0.1172008826671331,2.123889745070881,0.07176199420253557,3.60134133716612,3.285802805300418,0.7050782895268369,-0.1481851495360813,-0.2063922738918862
2.3092064021799183,3.0182548106312517,1.9294536488584821,0.36274983681877515,-0.11286035847553619,0.4639573121934768,-0.04650318599658075,4.571942368233425,2.9345589966767416,2.4949441692664047,2.9345589966767416,0.8834039341208333,2.4949441692664047,0.1480531916661806,0.1480531916661806,1.4034493952841665,8.471604089371976,0.4639573121934768,5.143071328160226,-0.09304750351297952,1.6813641831583293,2.188032210795138,-0.11286035847553619,5.35064895643112,-0.04650318599658075,2.949674445668867,3.8376520957165603,0.7107298238587463,0.26830283222279194,1.7969506471380856
0.7190450305313351,5.753950444594793,1.050533024622982,0.5638472435871723,-0.04699202357664281,0.13404298223699865,0.0011061578416604878,5.355064398873279,-0.07104790150924845,-0.24412287726088167,5.141099234590259,1.5024504750490513,4.782566327370154,1.050533024622982,0.5560949834270315,0.7850286783841706,7.6062817316802676,0.13404298223699865,4.702390160491357,1.8189994487636554,1.2702883657123172,-0.24412287726088167,-0.04699202357664281,3.3599680533086267,0.0011061578416604878,3.520177920103101,2.0201460173001466,0.576660057697991,-0.07104790150924845,1.3960386946164065
2.2538221226095554,1.1509788571844168,0.7198637823996773,1.5961382279056542,-0.07004757614066989,0.4897112423644835,-0.09269610258197156,3.9496448260284325,-0.13383728201464754,1.1509788571844168,5.537659721018758,3.0107159873236164,5.6061012218412625,0.7198637823996773,0.4015639666965827,0.9574783294246391,7.543271388740065,0.9312383276247829,4.921446000985843,1.6160575416850822,2.0634242060089854,0.8686037862773575,-0.07004757614066989,5.380975657352156,-0.09269610258197156,2.709828354402659,0.4897112423644835,-0.6963535925111101,-0.13383728201464754,0.9426039069021941
2.7152225462163204,4.282083724245624,-0.19217317998353958,2.9457820281813474,-0.11188624407759937,0.3790578046264631,0.6254705963025514,4.022453902472457,-0.06732686412222239,0.8612376571193928,5.874033199575977,1.929716213031366,5.060999163605814,-0.19217317998353958,1.3953953062655955,-0.057468699984487864,9.289912061102111,0.3790578046264631,-0.05966205356787599,0.6254705963025514,2.16781307406034,0.8612376571193928,-0.11188624407759937,2.7880094173096936,-0.05966205356787599,3.459659297938609,2.0028210372089554,2.7880094173096936,-0.06732686412222239,0.9007536358590147
0.8327160035792849,3.073289412140203,0.27948259783378815,2.707568162515923,-0.013429201278149394,1.1822639374262822,0.07796775036344641,1.7080994976327326,1.6567744409073661,0.5582046597957793,6.028573737093564,0.31045827420111294,6.099181750094222,0.27948259783378815,0.9860600651853255,-0.5263814833771904,8.386111106311184,0.1892985592790127,6.014302581099393,0.07796775036344641,2.1183490459536447,0.5582046597957793,-0.013429201278149394,5.035491922962621,0.1251441927508775,1.6567744409073661,0.1892985592790127,0.977989919480652,0.28966084348785004,2.404753878849809
-0.07319450182261658,3.1752762541070214,-0.033212335675186694,1.4910634830758696,-0.06568569932781657,-0.06568569932781657,1.6815661328089742,3.061620030109327,3.1490512123397,4.5127510675146665,-0.07319450182261658,3.2689434702264135,6.992474017270228,-0.033212335675186694,0.38055867263571064,0.9374991906832196,4.5127510675146665,-0.06568569932781657,2.1389739333117412,0.9374991906832196,0.9244211415543866,0.42893266693050736,0.2954960548212927,3.4514275328627986,0.34609713546140286,3.6640165815715386,3.741675296463275,2.0248630259452645,0.2418015710504623,1.86317836015797
1.3621096867617453,5.590610848954942,-0.048058680589411124,0.8719609596208262,-0.050879670571350344,0.17357955388291793,0.7973988194399652,1.4666412568097906,-0.09213469241693498,2.384042353332039,6.54305509394339,0.6220192759085224,2.384042353332039,-0.048058680589411124,1.0188170407216495,0.6220192759085224,7.497521985712317,0.17357955388291793,6.698471971532565,0.7973988194399652,3.4771604881812976,1.131404469008019,-0.050879670571350344,1.4666412568097906,0.7369978458696272,3.6824746759093845,3.4070439247374655,1.7835761511243113,-0.09213469241693498,3.307139436200311
2.4910035346912576,3.984420785672608,0.23588860978961437,0.46045491068867794,-0.15203857343303276,1.3207287332850222,2.1792241597274535,3.7108236841500495,-0.08138879953924537,0.31174458638924096,6.162349014182613,1.4834365011545456,0.46045491068867794,0.5083385152738416,0.5083385152738416,0.5270202374604289,6.792791089253014,0.8017972866372738,4.026244556728007,1.1931372360608639,1.2672026587081415,0.31174458638924096,-0.15203857343303276,2.1792241597274535,1.0944789108284443,2.0562693434289905,2.3820449167651723,1.8225593898710084,-0.08138879953924537,1.3207287332850222
1.0933230979570019,4.653460128237819,0.07693890792750147,2.119309852274062,-0.06397482888295078,0.49114836740419787,1.861853583034176,2.4067060617398965,-0.13653547911788647,-0.08725258618510441,8.111205702727364,1.831005823089348,6.520677639158384,0.07693890792750147,0.5168861169884771,1.428606582680941,6.986003366055692,1.2840919187158741,4.395962985298459,0.9506716231483537,1.928682735043255,-0.08725258618510441,-0.06397482888295078,1.861853583034176,0.1672848652851549,3.223658846673829,1.6107067576295604,2.3247464895452823,-0.13653547911788647,0.49114836740419787
2.142399495727773,1.5223505232044432,0.9333011030968278,1.4838713051787833,-0.10531863065493491,0.6117786678937642,1.4603635278884615,2.2251230513002134,-0.07665869494181671,4.816529678767981,6.769818200803024,1.215366136458086,0.9051845541677436,2.050264000751025,1.207488983364212,0.5170064060768574,3.764183431265844,0.6117786678937642,4.553163166341429,3.764183431265844,0.8815552587625085,1.5223505232044432,-0.10531863065493491,2.050264000751025,0.8650801803338982,2.4985725418322993,0.1250770697560729,1.0878569561796696,-0.07665869494181671,0.9051845541677436
0.5868736142267281,2.4441200868465764,0.6759822810690623,0.1707640593185154,-0.12134309535100209,0.21905907643619763,-0.08282572186375449,3.6290235806542133,1.859456905827898,1.7457842734106153,8.218018422939508,1.7717402665046893,1.7457842734106153,0.7690276034782968,0.7690276034782968,1.828677881559294,6.619683752734262,0.21905907643619763,4.661724433273099,-0.08282572186375449,2.373342804293488,0.3123731406162824,-0.12134309535100209,2.463088040070326,1.1556103712311674,3.954067875281583,1.3014795174862743,-0.043154006696934005,0.20925397235802,1.1888009125129324
1.0770328259356223,2.0099914695014847,0.395385475239809,2.0738627297504797,0.33329471421893764,0.22482854303368047,-0.3207141081290352,1.2689695257424793,-0.3207141081290352,-0.12869716072265844,6.844147567635874,1.2689695257424793,4.138078785432569,0.2647965985871519,0.2647965985871519,-0.14632372739036204,7.937331007489153,0.22482854303368047,2.7550527069809974,1.9541884290056102,1.8307778691510321,-0.12869716072265844,-0.14632372739036204,3.771792291772699,0.9940522925747904,5.240648675017514,2.9936180744959846,1.5445935938714455,-0.3207141081290352,1.6687753917811385
1.374578828588977,5.363222366256708,0.49838810923150634,2.052883400889032,-0.03181892403480435,0.32237028609519636,0.850777738400983,2.224843248234814,3.25446340549056,2.3581663546568743,3.25446340549056,1.4547073758368145,2.3581663546568743,0.02108122847412583,0.02108122847412583,-0.1643460872924638,8.091811103210004,0.8189358751703203,4.602520061999168,0.850777738400983,2.661713784915766,0.3304861505465956,-0.03181892403480435,4.644854676979446,0.6249437363374943,5.382202423306939,3.331844462216832,1.449114209056857,0.14055659445162377,0.32237028609519636
1.7334899729310962,3.410704196919953,1.7155101922217695,0.7649175587685715,-0.007260476443395558,2.312655749998436,-0.026550477307162423,1.2651640305023417,-0.11322165459719148,0.559217234917214,2.4762397924111275,2.954649938811519,-0.026550477307162423,-0.2335748989988614,-0.2335748989988614,1.5064569017339362,7.165947300717911,1.3444647423693556,1.6754419348829168,-0.026550477307162423,3.2159638329432028,2.4762397924111275,-0.007260476443395558,0.7649175587685715,-0.2335748989988614,5.10281689641447,2.69410803888068,1.6754419348829168,-0.11322165459719148,1.0414060601814759
2.2341655326960814,4.0021327076689515,1.6880058119672154,0.8244066449306711,-0.04727683656293237,0.4328793939086734,1.1362414732096509,0.867728933397163,-0.16453947667089053,0.07035788797144196,5.105816781878042,2.599604097389658,1.1701045969339752,-0.13810832061765674,-0.13810832061765674,1.1701045969339752,2.7689904002703,1.4861638565578699,1.1701045969339752,2.7689904002703,2.467280831997378,0.07035788797144196,-0.04727683656293237,4.193671795782091,2.361312442753371,5.188061070195126,3.7819430321423426,1.20145484483529,-0.16453947667089053,1.634804500418481
2.50867028137982,2.775283810626363,1.6022096337617455,0.05757877853018464,0.23126738219049708,1.38555419054895,-0.009334103084865708,4.723459573307,-0.024981407655393695,1.6022096337617455,6.590549412464382,2.6521818189550936,1.6022096337617455,-0.003783488205673813,-0.003783488205673813,0.8691104844201859,7.121927878411943,0.68135143723234,3.7068638970424974,-0.009334103084865708,0.3258915378105104,0.05757877853018464,0.68135143723234,4.120114144893183,1.2778227446674724,3.774335995108513,0.3258915378105104,0.046697098954709554,-0.024981407655393695,1.9229833879664608
1.2933830921646008,-0.09684805136967295,-0.13773858361640492,0.5065156227905547,-0.034531859620154176,0.44283223313645853,0.015373198578773645,4.327845331893496,-0.3087539411404778,0.011881126321104524,6.659041888133398,1.1970250547164205,3.7379327433319993,-0.13773858361640492,-0.09684805136967295,1.5869250560257275,7.264243605908136,0.9106140890974035,2.2143191743215507,0.015373198578773645,1.4862783820701468,0.011881126321104524,-0.034531859620154176,4.731760920063037,-0.13773858361640492,1.9417625867358903,-0.3087539411404778,0.8716103204724552,-0.3087539411404778,2.5948989903043453
0.016388509832256065,9.903861372291008,0.3030238257636919,0.16127704467081808,0.21275173960950228,0.4109694962538589,0.10073589906017687,5.383937804225911,2.66666482517152,1.8352583847740116,2.66666482517152,3.389277290597438,0.3030238257636919,-0.1438712301485257,-0.1438712301485257,-0.19291271834703624,2.304607639160063,0.4109694962538589,3.895295028102419,4.1894333980548675,1.699162306804613,0.27919243890455403,1.8352583847740116,5.327698060515916,2.8115157603123486,3.284200105379701,1.120205393858152,0.5065939989604096,0.20389290560878565,1.3163023368323477
1.490283769540413,4.428084221323887,0.3037281617667229,0.7641822522253896,-0.052246646890386356,0.25600651130839125,0.26161477797765126,2.6279420069190413,1.490283769540413,-0.003544404316735056,5.181547166116748,0.5881091665765371,4.267099976356074,0.01597557792493956,0.01597557792493956,0.9584835081765591,9.10216201607812,0.25600651130839125,2.47591667218403,1.3840405505920041,4.10179497598785,-0.003544404316735056,-0.052246646890386356,4.788047402687458,1.8337910978236853,4.839794675489496,2.2926441802832023,0.5886793207109265,0.3940439988921215,0.5881091665765371
-1.0843206063884676,2.1633295535288317,0.6631545496686947,2.6579466692201486,-0.13779848627217464,-0.10733322550537791,0.14902277002110578,3.3139760407407253,7.6138445471419525,-0.010504839136820432,5.3157637601504195,2.6542328003702775,3.1263734727125296,-0.004988573569708832,-0.004988573569708832,0.27555828000732263,8.989431907820787,0.8857879215257718,2.1633295535288317,0.14902277002110578,1.8306561563576509,-0.010504839136820432,-0.13779848627217464,6.36058708191471,2.1523927770348776,3.880857706346629,2.2094614939587105,0.6844970962307297,0.006167247932531136,8.976306519008908
1.0205390089792608,5.861222566971073,-0.18644746579702332,0.15520121768525807,-0.13269226026216774,0.44718057325276006,2.1917357092130776,5.224689726120648,-0.07498119516460242,1.594541861703742,7.284646834158782,-0.07498119516460242,1.594541861703742,-0.18644746579702332,0.25526676810591364,2.7412210817926415,4.081517580578059,0.44718057325276006,3.739090500206627,4.081517580578059,0.7273967957513007,0.13432764037072653,-0.13269226026216774,2.1917357092130776,0.6697227357565095,4.126540610371373,3.68402539413305,-1.079052663852762,0.3936044638916987,10.44262546015608
2.3745853388950064,4.707185481910906,0.3832889209803589,1.5284254905671704,-0.06909614570455472,1.7157350729944776,0.9966620276712487,2.692122328673006,8.593621685559791,0.03330384506621181,7.194669513186086,0.38817273606408054,3.1013520927635314,-0.1585095000380107,-0.1585095000380107,0.8632198298449992,3.6608475393974675,0.7263163938533888,2.9225978262721375,3.6608475393974675,4.512299689307344,0.03330384506621181,-0.06909614570455472,0.9966620276712487,2.223716143324751,4.643972310399091,1.1347792080519938,-0.027441085274836685,0.6907660274785312,-0.027441085274836685
3.399187130987153,5.298983167970442,0.33187616340508597,1.1844798180405554,0.22200339583686937,1.206227178941434,1.4126266694366987,1.206227178941434,9.96310653651243,1.2957264126877595,5.966314739029497,-0.11901551840636906,1.2957264126877595,0.22203363628981482,1.4537018967848407,0.9122729693145254,1.4537018967848407,1.212243695549717,5.717631327318146,1.4537018967848407,4.328041390250174,0.3965971480355046,3.7151429230681647,1.4126266694366987,2.5341332483909444,3.1385084792490683,3.0043663955242232,0.5136995642138681,0.6291531652221434,9.983913922186192
3.2299841965271785,3.5464928114593155,0.20956239216895306,1.7255118632706294,0.5702056496947348,0.5601405940186371,1.2985755925627238,2.817292226833463,9.588389420706731,0.002120178356347757,4.832399777932937,1.9297715600519856,1.9944585851898362,0.06215214743788394,0.06215214743788394,2.951084566048543,3.270600918731574,1.3266434737628197,3.416066741318539,1.1522402508670442,1.9401485607462399,0.002120178356347757,2.5265025419411553,1.2985755925627238,1.1522402508670442,1.9401485607462399,2.569982429245438,0.776116761449531,1.055735523506366,8.343801122003777
4.339177532315165,-0.012924378405762632,0.8888235180056516,1.2987331578115702,0.6674696906671249,2.363437633811801,0.7595391449477771,4.329678531927606,10.969120317817534,0.006489111208134779,7.5057713753642705,1.6898922157379657,3.454014735706818,-0.059710079345377434,-0.059710079345377434,0.3246537588388768,5.115671581861248,1.5044456026202,1.2987331578115702,0.31435620293827504,1.5111243077124676,0.006489111208134779,2.352843615336506,0.7595391449477771,0.8801433806129956,3.1715300382018228,1.6824291901438602,2.938095720940198,-0.012924378405762632,0.8801433806129956
4.169325014792825,4.452737046587332,0.7259237447537119,-0.4820653033268044,0.31553026434744114,1.6312712282596769,0.4781120691605657,3.0430810588399164,8.03770207424331,1.1453514654848105,6.324891250813018,0.11630271598721012,1.1453514654848105,0.39803482417675184,0.11630271598721012,0.5072886234266025,5.218396228557614,2.805467472488287,4.165455538197246,0.6310083265982795,3.176155611325782,0.22698226705855692,5.11021366010989,0.4781120691605657,2.2930433260777394,4.1312040280858735,3.5855149879639097,0.4643993275533345,0.5806970180481784,10.065556640246953
4.365551294592047,2.3777493175722473,0.8084088644447721,2.780509848259289,-0.010538708689396499,1.7367807311321626,0.04401199048035678,2.7794506445985685,9.303170349795844,0.35042754923497815,6.398127988066293,1.1531130782638708,2.0500409761660197,-0.1922703968992352,-0.1922703968992352,0.8690786963194663,5.383199256649517,2.688608147587688,3.8375243285795815,0.3828722118995045,1.8550018620834838,-0.1922703968992352,1.0423627489119998,0.04401199048035678,1.8847073988107617,4.20471894629669,2.0353230306460803,1.6241168399185126,0.7708351100002987,12.297505107008634
3.307873529673939,3.6098431148508183,0.7641975028411387,2.4618045492175877,1.0222191356196364,1.4453189612001136,0.48300056465054697,3.020878036090361,7.8731482238530734,2.108232764840956,0.14842275098203972,1.2824462743877483,0.5038612909513871,0.14842275098203972,0.20216579794150707,0.14842275098203972,6.86022415194124,1.2824462743877483,-0.6900406613201572,1.8204762639500767,0.6649066718918571,0.4176376331959192,2.036268665518065,6.665313162294992,0.5060220034018836,1.8204762639500767,2.8292799084168783,0.393249685564354,0.22228822393426967,10.863371355816797
1.8781268782593636,4.963981020182153,1.4039725047039102,2.9141196571426873,1.3119429826475437,3.9244681657193263,0.30758868555417473,2.7608442999216614,9.509885853680153,1.3204594459466197,3.442842869460298,1.6137431360359313,1.3204594459466197,-0.47366364532811134,0.2176214704803408,-0.47366364532811134,5.496911997490203,2.845938875098651,3.442842869460298,0.6859677931741482,-0.01228109750849362,0.9842461350778179,2.1072048748101873,0.30758868555417473,2.5218033014837786,2.977398231570311,3.5603803887081638,0.31857601013650927,0.24094927215336046,10.731394729168024
2.169155305359148,4.170185963990944,2.362379360593495,-0.5803083581745047,0.5694018262658138,2.9118825853872483,-0.016989008138550032,3.438333066548409,4.29164496756019,0.4127730641152275,6.034865088338214,0.9217569163698901,4.29164496756019,-0.20419387833777738,-0.20419387833777738,1.4036890590315032,1.896361742684576,2.1500788534764728,4.183885202187441,1.896361742684576,3.4529549188323516,0.4127730641152275,1.896361742684576,-0.016989008138550032,1.6619244408553717,3.736472086547608,3.9638486432654965,-0.6408863168325128,0.7490929735905537,10.641137375105277
3.3973717131188765,1.6760193458015231,0.20574275644838505,1.2454347555307241,0.8008764575378455,1.0676907745435789,0.18136658082406662,4.161842713665521,7.247956507524434,-0.16917977834102244,5.290240759085293,1.5793451577793194,2.487961470835799,0.20574275644838505,0.10785745894077764,1.1831255968415135,6.2647807269400175,2.5234846151621833,5.720580012028746,0.37256162102118506,0.821594586299489,-0.16917977834102244,2.3160476957860383,0.18136658082406662,1.755222965750134,3.91061567010913,3.1667463612289395,-0.7541351473919046,0.8509449733413786,10.192804102238263
1.0006057688498182,3.273927160206712,0.40668344619238306,2.6932833684985122,-0.27091237128346846,4.119469763417249,0.1261784921057633,4.228916902709893,8.592160316742241,1.2600463848150703,0.8951289534957739,2.8914139486807757,1.2600463848150703,-0.27091237128346846,0.377411929053471,0.40668344619238306,2.8914139486807757,3.6184470856500566,1.8122745071160065,0.7710114245275363,1.05798726431206,0.3593938875247089,0.7710114245275363,0.1261784921057633,3.4879100519273316,6.189661872749641,0.8951289534957739,-0.817503718507535,-0.184622599484972,10.226163725306371
0.7216601301196064,3.9300474542908503,0.5309888391900832,2.051430780505278,0.9359547967672532,3.569452306184698,0.6006655174996568,0.4068788109053142,7.055512694557883,0.5024224830981362,7.204387156815352,0.31671202153054545,1.221742078261435,0.5309888391900832,0.392830394181898,-0.001588642669758819,0.7216601301196064,4.000736596343876,3.9777965607634678,0.7526037923053036,4.497903273032175,0.7526037923053036,2.9052290651604995,0.4068788109053142,1.6636451165382862,3.8531616644963953,2.1406283900289,1.1103018036795966,-1.0569743867078958,4.497903273032175
1.6397585901348655,1.567427420725767,-0.018016264177737162,-0.30087288293529946,0.9288427494043007,3.9216247392140184,0.2203194865750425,1.295538373528397,8.032216387253408,0.4798942602201913,5.7688035849204455,1.4775493041843584,0.4798942602201913,-0.018016264177737162,0.4466406315151127,2.43038117440197,5.426016420028744,3.606537435795713,5.741512610942035,-0.21735041346136963,1.6397585901348655,1.567427420725767,4.5253031777106925,0.2203194865750425,2.8224132404067253,4.2619005703442285,2.301870612307715,0.5240607959186427,1.295538373528397,8.836389427376616
-0.029137179324073545,3.4041800162115647,-0.07822015764632011,0.35855924715215814,0.25216202954892514,1.289637764108984,0.15877828540712965,3.2166397599541154,8.258474147127716,0.23304197354364506,6.6633043784645665,2.621769166764526,0.986661667361743,-0.07822015764632011,0.39470099551200205,-0.399745298286596,1.289637764108984,3.8093283834304015,4.6176789118048465,5.111336191611403,3.801301878954202,1.2551910191145812,2.819865466679415,0.15877828540712965,2.836187904006376,4.163897019722319,2.564989907212388,1.8010400409918779,-0.029137179324073545,3.02338346590237
1.4937285592872172,0.041088992494035775,-0.05896675982579222,-0.15130701987593156,0.6952287052402681,4.405498830999088,0.14768891826728572,3.4681836563574415,8.372703912720512,0.1606416479727536,6.906759450616517,0.041088992494035775,0.07329609810000767,-0.05896675982579222,0.26271638276600007,2.0911881614061643,2.828050765479,4.855411673701671,5.080423126449823,2.828050765479,1.2203540097205827,0.7433117233825476,2.8091799571664025,0.14768891826728572,-0.5060649474916384,5.530586129575404,3.483683342448481,-0.697177706703706,0.10391594641062671,10.078161444513395
2.971658437298004,4.723333445669964,-0.09373639887575189,-0.04698477583779674,0.5372385389909456,3.395734126812684,0.0716965795078848,3.9509175428925443,8.853471435551995,0.4811339019503917,5.760664337223841,0.4811339019503917,0.4811339019503917,-0.09373639887575189,0.1911792290091322,-0.4605572903873733,1.8149081298575127,5.454059249449545,4.017161096733624,1.8149081298575127,2.115251500829551,1.529896683051054,3.0141826124657998,0.0716965795078848,0.3749353554127706,3.8465817808455895,2.581259136713765,0.7157803837276239,0.6436552306435135,10.406993749747043
0.3228158266017782,3.899310914389662,0.3276099017328843,0.1625121137791259,0.42451556198349527,0.42451556198349527,0.11853186669412305,3.0829878622981273,2.385370648376924,0.31405869085350396,6.256459715818949,0.8558089741007021,1.2625803367926276,2.2623220712119,0.4623220712119003,0.8011250209608286,1.7694051584034582,5.657652452598263,2.385370648376924,1.7694051584034582,1.4785756943802453,1.028731380301331,1.2625803367926276,0.11853186669412305,2.6054632016899184,5.487560408630993,1.1268501323374773,0.7514147808006926,-0.043200014922151544,9.513015457091909
1.8087617540682184,3.5547135668790037,0.3204024178797336,1.7259137920254517,1.3537148262021894,3.7515772277909125,0.10148398755184165,1.873957199554906,8.693413932323212,1.0390294379140672,7.11733861125358,1.2744875646942635,0.9487052521629962,0.9420559738018843,0.04205597380188436,2.4963113407526856,2.6366105111006046,4.079870483849735,3.7678803512141195,-0.1619236539118533,1.474902554729838,-0.1619236539118533,1.9376783910453055,0.10148398755184165,2.649946749664073,4.645509550370286,1.6471918812553965,0.1575056816381012,0.5942136018644317,8.906191205948925
0.8215041129200972,4.10175091868155,0.4451159743128041,0.5799289487853473,1.5540478415775774,2.3160285590409995,0.09323782151743301,4.8336737862904355,9.3307002277914,0.8602356653807415,7.254354994749811,0.07883939406042484,1.0850312527420487,1.1891325292426125,-0.010867470757387615,0.27083466593233463,1.1227141557901488,5.8089970934704604,5.092346592733915,1.1227141557901488,0.6274618643137435,0.8215041129200972,2.8926635664036286,0.09323782151743301,-0.21140435816885939,4.151582029482244,1.5628699844641702,1.1931210621147825,1.704425575833631,8.638506903502584
2.3120593025107876,5.207575256941798,0.4750998680809106,1.247111463080789,0.7109932116880421,4.979724441038043,0.18693116719794278,3.1705787065939566,9.482640569361177,0.7117577507164862,5.885032909605984,-0.11934404604028415,0.7117577507164862,0.7975796142041958,0.7975796142041958,1.4321358921246872,1.8637998644530296,6.202529775808818,3.886613154776841,0.18693116719794278,2.722003727256495,0.18693116719794278,3.1041839645047595,1.247111463080789,-0.055056794901391815,4.200100508152533,0.8798503179506765,0.9659182440259224,1.1860963480940914,12.563736512567196
2.840961748677793,4.462202650499754,0.2331955782907546,1.9597584590854098,0.8872328591138284,4.5531863592829716,0.9869990877382541,2.165527353004764,8.78532628992062,0.6480162670764187,7.304013249040474,-0.09431443428784556,0.7670663067969439,0.3556855657121545,0.4702612348889775,0.6595206928013205,1.8404913062260433,7.1902413259138305,3.679934235594847,0.43445850517673834,1.2443391101711077,1.0715831781122847,3.713193859124465,0.6595206928013205,1.0827269582181507,3.2362711576842917,0.6480162670764187,-0.5718659533102988,0.4855909563167688,10.626238800344607
-0.3488860383285908,2.3028011397782224,-0.3488860383285908,0.6052985808387529,0.21471831008731146,3.7728811909180995,0.427203358057753,1.3675293406466809,7.513073974593751,0.8045384728056838,6.487737962844775,-0.22167842152207154,1.064387963689032,0.551113961671409,0.551113961671409,1.9658887376136993,2.347786149437688,-0.22167842152207154,4.373485177845453,-0.41511385093217085,-0.5862381660185212,1.7715152874215077,1.8690093745850995,0.427203358057753,0.5886327281470959,5.291708025429132,3.5013683084474314,0.11420273685482679,1.2483556128024609,0.5886327281470959
4.832278298558701,3.401344911985746,1.5622952330944868,0.785127154099613,0.4184153930617664,0.5330102030875388,0.785127154099613,5.03724094934459,10.719560234086126,0.7176403274784442,5.816544812609118,0.9445701131202792,0.7176403274784442,0.48968726367290405,0.48968726367290405,-0.2947751047215125,2.5596714927308195,3.9016749630965673,3.4812521690513694,3.9016749630965673,3.2594976435450063,0.4533216670909843,2.7714046200518565,0.6539958574927509,1.824235521675409,2.877184136957881,3.317209565092934,2.026846859485506,0.3572054964443591,4.832278298558701
2.7641570905566417,2.363529535661763,1.337960357482589,0.6947940450114354,1.808877479079823,2.173935253552984,0.6947940450114354,4.907079838664938,0.23526778783929328,1.0154991988115316,2.4183168294238437,1.4093523713675233,0.23526778783929328,3.1183168294238435,0.914728031923015,2.4394592764798797,3.82865523304803,1.808877479079823,5.629233084116841,1.808877479079823,1.7748607445238442,1.2770606346927984,3.364334221333425,0.9470142345456001,1.3851752447101404,2.363529535661763,1.8935230451845664,0.4654311012207488,1.1502316540847426,9.958965651927917
2.4616986236735676,4.3665927912137,1.1336224340371008,0.6057991610578174,2.227612937215779,4.287600914928352,0.6057991610578174,4.15885198459172,10.168989690068981,1.33069381343704,4.626801088666311,0.46623971776526396,0.5284206081628301,0.46273165382230047,0.46273165382230047,0.8884207056663764,1.5245235942150128,2.227612937215779,4.0256380584818805,1.5245235942150128,1.33069381343704,1.9962487292438562,2.494480081357955,1.1910017084534734,1.1482090679180947,4.579970136703366,1.7380028046712508,-1.1929699033290782,2.0953047610373225,10.31736027456062
2.2341201117825333,4.447854148682721,-0.057233309082114076,0.008265139974423907,1.580836712362284,1.580836712362284,0.9832651399744239,3.185459380304259,10.652758146915161,1.2770428023112959,5.946923106570423,-0.34462573601980295,0.9273707443220056,0.9339235274746579,0.9339235274746579,-0.34462573601980295,2.681416710980051,1.7459589385049907,5.178998952198432,1.7459589385049907,-0.34462573601980295,1.591501510453695,-0.34462573601980295,0.008265139974423907,-1.1297506054813107,2.2341201117825333,1.3806074291459611,-0.2633948604368571,1.4003696742686182,10.346189720892228
8.708908807029022,3.7945887713583564,0.7766630627039013,-0.012315787066098066,1.172373945853818,2.8796726003583326,0.36268421293390185,3.3492786067121028,2.2798782733786997,0.24624554040702365,5.480168278780625,2.501247522005047,1.1221286509156256,0.3421065814154595,0.3421065814154595,-0.07077606170566883,2.292817024824476,1.172373945853818,2.2798782733786997,0.7769303798937737,2.405727706099667,1.7869604312547855,-0.07077606170566883,1.5070493722086449,0.6837079931050016,1.7173929961991887,2.210588647682501,1.6188131880202095,-0.04274523735839192,8.19382402693929
2.967821161912133,2.0997544615172776,0.9291597622805445,0.4011251595536928,0.6325302106417193,0.6325302106417193,0.6729139022439624,1.1040629499480112,8.991165174760125,1.4033233954587248,7.803436630359073,1.818391207041235,2.0997544615172776,0.2811896629249065,0.2811896629249065,1.4702143275752395,1.1040629499480112,1.6305985751780183,5.325198262762717,0.2979139022439625,3.864953276315244,0.30511178477729084,3.713927141617127,1.555409912752378,1.233474875348367,3.8519530822878005,2.9216080373936446,-0.49285311695819956,-0.11919087465892658,12.04475895498938
4.521566036224463,3.70193178379798,-0.5883167556380356,0.0458726205674945,1.1574565401659072,1.33801926937865,0.34587262056749446,2.8177280856890055,7.443224099197904,1.8032324989318138,7.661978805744301,0.6827448395730433,1.2734304490088928,0.0,0.0,2.7285997635996444,0.8117606807989345,1.1574565401659072,3.245377307325631,0.8117606807989345,0.5774737835272019,0.9827448395730433,1.5891613360860304,1.9082315821236344,2.843746234563642,2.8850218233334592,2.4925343628699688,1.1759558298940722,0.7192895160931141,10.352682470247592
2.21731515608603,2.389282775644521,2.357512137648433,-0.11447158353088936,0.3457508566722086,2.3697940877569823,0.4855284164691105,2.389282775644521,8.129998292182607,1.8928519172717873,1.112961746226394,1.3828332954178817,0.04802040104405822,0.0,0.0,0.0307437395041438,0.9224088263786513,0.3457508566722086,4.577642132176586,1.042179658146534,0.7656951743577868,0.648020401044058,1.042179658146534,3.104888276116612,2.99151577651822,3.4029674521700515,4.052017203130766,0.9320831277996418,1.7995556428775632,0.7656951743577868
2.6398186272990065,3.169340488021801,2.417933252220509,-0.10532348179164061,0.2063732063362924,4.3117073025194905,0.3446765182083593,2.4855477659728975,4.230607058199389,0.6211028095571758,0.6211028095571758,3.510616908301375,2.554460139209586,0.0,0.0,0.3083300996028954,1.204620945800369,3.711467987854062,-0.4724458623312513,4.230607058199389,0.4744170682322527,0.6563732063362924,2.113688100616289,2.9603684781589297,4.014529782711467,2.113688100616289,3.1005084924135278,0.9753615166527765,0.17027752820578584,3.711467987854062
3.1227474761324623,2.7256287226978144,1.705399280905995,-0.11100626194541988,-0.01355629296275307,2.6112506289335675,0.26399373805458004,2.0368162062521846,0.5563841118952346,0.5997676938102973,6.856326494921373,1.6208304365089838,0.5997676938102973,0.0,0.0,0.5563841118952346,1.5938741594122465,0.7539333690434155,4.974695783993093,7.3473647131433335,2.4559578177345647,3.047777087840576,1.9430741993739917,2.9166593127497817,2.5390941997816343,1.6208304365089838,0.8208391603692071,2.9864132158079895,2.4169431759187514,2.0368162062521846
3.158783606222922,3.387804819363983,1.7000707440088625,-0.09938836095257204,2.8857448312118024,2.7754819376268807,0.05061163904742795,2.911421982726449,4.618639805946505,1.2478700569209906,7.685601704080396,2.0913318325114183,1.6229034610487594,0.0,0.0,0.7732714162321696,2.179709219668848,1.3026418502940003,4.875157518364419,4.618639805946505,0.30319880732736393,0.32174071068202603,2.8627231775084234,3.526009732454542,0.7280234653352906,1.545076201151324,4.2623810724979325,0.4371808863800861,1.061235131436363,9.39403568075677
5.321787049757086,3.5896529795586556,1.5557163245312011,-0.014733878668139244,0.908859918941157,3.756317738904493,2.3753649846754152,2.1282299327753065,3.78069470408296,0.8154512961873923,7.3185082455154715,2.9415778053971176,1.3855410397631651,0.0,0.0,0.7524925491370121,2.546113783551405,1.6097965039791036,2.068787325526894,3.78069470408296,0.8154512961873923,-1.3163138808571773,1.5557163245312011,2.0753649846754154,2.543822711763787,1.9717055929923208,1.7631115152933439,0.3716674099521054,0.0,8.84549614929429
4.886453625968059,4.124634031182076,1.4136409605412812,0.2186566846179928,0.9453483177483155,3.622652227896081,1.9545548798863823,3.511891117375588,1.9115952985698295,1.417564221993196,2.3942970625352116,1.125305645672268,0.8062070937033761,0.0,0.0,1.5776635511524268,2.3942970625352116,2.2272858959470976,3.187234024308699,1.9115952985698295,0.7849753692312879,2.5606849037338577,1.4136409605412812,1.3545548798863825,3.4510279324547426,0.8062070937033761,2.395554912367026,0.7500266895589838,0.0,4.886453625968059
2.781800608187371,3.9577055780067885,0.8046920807958452,0.19160435586109248,1.5191984826460732,2.3891606870355364,1.7270721785230418,1.5191984826460732,2.0314058001294244,0.6429060344446731,6.161020878793081,0.9817804936356515,1.605866714440287,0.0,0.0,-0.4632589782391184,3.228895305366798,2.2019661298253825,6.2130812119973875,2.0314058001294244,0.7573305037580806,2.6865479171707043,0.8046920807958452,3.887721949897927,1.331833637419726,3.314460372686608,4.787960348468786,1.8317144309906404,0.0,3.887721949897927
1.7557233119687532,3.6871619245048426,1.3826681866851924,-0.13227470958082133,0.800816447508367,3.763994830123197,2.3872090888318094,0.800816447508367,1.2148064971965988,-0.13227470958082133,6.642226249757478,1.109879211530455,1.4224153456888546,0.0,0.0,2.2554813168151937,3.3587460832462117,3.047060984744548,4.458856087616895,1.2148064971965988,3.113718857720362,0.011163296877992446,0.800816447508367,1.8271590056813056,3.089749574606389,5.486270887627484,4.299115300137388,1.080782308978123,0.0,7.327669885583838
2.858324745002713,0.8907123345113658,0.4206238236166444,-0.011871834779741498,1.8582066960257775,3.107661352170974,2.0077373756580226,2.740928756295787,1.2996722151281506,0.8630339159971833,5.856476313186219,1.8039282624871398,0.8630339159971833,0.0,0.0,1.5968888494665312,3.8587853656617486,2.230091533660158,5.790867527494588,0.8907123345113658,1.8547021119985385,1.1087783093790002,0.4206238236166444,2.2001545373576468,1.6684796217854898,2.820476032643558,2.884770733357423,0.6997306881894458,0.0,6.244040562463116
2.3593205007394134,1.8952391194781706,0.15343050158234173,0.3571405599912642,2.3593205007394134,2.856509614944631,2.311077948171458,1.737642770101139,0.8003025826977038,1.3673337734595374,6.987118984550162,0.15343050158234173,1.1388825822642705,0.0,0.0,1.8952391194781706,4.720884383883454,2.623829228458236,4.049867944394114,0.8003025826977038,3.180693888358582,1.8660337866187713,0.15343050158234173,2.0110020571078713,3.4343096603231187,2.0110020571078713,1.717023411244446,0.7870601530424667,0.0,-0.05965714328884686
0.8321402621992394,0.6141837885235336,1.0595409634234536,2.155137310535141,0.8321402621992394,3.7843248975323136,2.9720024778461864,2.771000699382045,0.2362075935098539,0.9271496545564063,7.539655524136593,0.3011855144324429,1.1654125717073587,0.0,0.0,0.6141837885235336,2.372002477846187,1.3044609647706797,2.155137310535141,0.2362075935098539,1.3759216539150358,1.527149654556406,0.15890532233755553,2.3272120498314295,1.3481366754734956,3.775305505597703,2.5227271612352618,1.6906859929007687,0.0,8.858910126224698
0.5678519825707202,1.4456118334075065,1.27596975847012,-0.06729323243843904,0.5678519825707202,4.7834262189291845,2.9114633017910294,3.366371597852336,0.31687951782467383,1.6369319308880872,6.651584445989413,2.7244287186632627,2.020544929650577,0.0,0.0,1.4456118334075065,3.8309533706637935,3.647021676603209,2.83812330328773,0.31687951782467383,2.259897787529309,-0.01577362470272009,0.955203045977441,2.8559154667274314,2.0854603714215125,3.9624454884740294,1.6369319308880872,1.1091975675223116,0.0,10.918277999785621
0.8990546943741752,0.8964514239334426,1.4821917397711941,0.8728982499164405,0.8990546943741752,3.2625183019421016,1.3245239303925604,2.0014803552367932,1.003155488296736,1.8338550004248435,6.897310669940376,0.5624706173382472,1.9586197645203423,0.0,0.0,0.8964514239334426,3.4381993854147592,5.174788793733421,5.424280807144997,0.6456805509532295,1.5670559168630633,0.0,1.0462437847683979,2.756249344682622,2.000942463378678,3.6574831226622306,2.3303657160670372,-0.9264221517632629,0.0,10.132604194249263
7.972122015067801,0.4539529165514321,0.5446790188931243,0.10446888123939058,0.6202357310650736,2.459462825183257,0.0,2.310783224221149,1.1595573451991859,0.39218620313301356,0.39218620313301356,0.5446790188931243,2.3692607704684105,0.0,0.0,0.4539529165514321,5.220642480935479,2.241491994969304,4.932293646213787,1.9229974286296896,3.4219214156059587,0.0,1.6382527984092699,1.7730602623619114,2.241491994969304,2.7905823591270034,2.9061126080063286,2.0336051586619734,0.0,10.406868580751276
3.384546723258531,0.9713694173616517,3.0106695296244395,0.6914150358476694,1.7308120694753448,1.3622859674132528,0.0,1.851510938807802,1.6776971384738713,0.6602903534490405,3.384546723258531,0.257218345919064,0.6602903534490405,0.0,0.0,1.869293740198413,5.99978808632983,0.257218345919064,5.07949900137719,1.9111934873945304,1.8076630574014325,0.0,2.201865366560461,3.869246511574907,0.6602903534490405,4.622310653915554,3.4216690305074344,2.1344693449755727,0.0,10.866913548591016
1.8424388111240588,1.0461587492056996,3.0133551216376153,0.6887481175363692,3.2658329255644265,0.6887481175363692,0.0,1.261296401182004,-0.17713941797819818,1.44318527711029,1.8424388111240588,1.1957899664412284,1.5616220827827436,0.0,0.0,0.46623627146716606,4.87519163146004,3.571120071170943,4.333927326601133,-0.17713941797819818,2.730497033705772,0.0,2.002338859555829,4.093999240752354,1.9286405937103586,5.523086337251128,2.9010614923239504,0.0,0.0,8.853937567497317
1.3752509286691796,2.006624043386583,3.1122687669428934,0.670409246266188,1.3752509286691796,4.3149733623775015,0.0,2.2543565318158296,2.2115281647236755,2.2453704924819684,1.3752509286691796,1.14361743885598,0.6676287478670883,0.0,0.0,1.3666011409263457,2.14243033915706,3.8267207717992133,2.2543565318158296,2.14243033915706,2.5112813875573052,0.0,5.326783664022466,5.362047261437931,0.6676287478670883,4.278856232810126,3.446996533832415,0.0,0.0,11.703238025734313
0.9212667158763175,1.1209965752264626,2.222658696316797,2.385460647293394,0.9212667158763175,2.2295424742947354,0.0,0.913771302211207,2.2850415735812413,0.8621617637052,0.9212667158763175,2.0600030532900546,0.8950834328717153,0.0,0.0,3.8314806713783747,4.1777113261488905,0.9607763403737426,2.1461166250948582,4.364133362993785,0.913771302211207,0.0,1.9012512832939454,5.586746792315106,1.618214865429658,-1.157826931376665,4.081351575974141,0.0,0.0,10.700339249498956
1.0931177131867096,1.5337196153167327,2.025575138205557,1.8534672308892102,0.16984111257091275,3.3504651849452176,0.0,3.139483891478399,3.872412538042553,-0.007199166556862258,1.0931177131867096,1.1723670022870982,1.8586840472842066,0.0,0.0,1.1749758867926712,3.9043809734323114,2.8330369508425184,6.89605841941505,2.8330369508425184,1.1062624767306193,0.0,1.5511045480424477,4.5179921771810045,1.1749758867926712,4.499717958984855,0.16984111257091275,0.0,0.0,11.062414624846605
0.7953876308069927,2.565885375709704,2.501119462840622,2.7797736813062635,0.19704336074422338,4.34505703147544,0.0,0.7358870164770349,3.721696143715404,-0.17415817835545666,0.7953876308069927,1.6537203890305492,0.2361457519737584,0.0,0.0,0.32512033880153923,5.3622983341631265,2.0826206352031535,1.195716284430989,2.0826206352031535,1.5890778250039614,0.0,2.0236788491955995,4.40786333698042,0.32512033880153923,0.2361457519737584,0.7358870164770349,0.0,0.0,10.351417503265925
1.433091719266752,1.9576036988010797,1.7406997343343706,2.166849025024356,-0.6284709263567995,0.21824800422667234,0.0,4.86101901263774,4.634588734543008,0.9135131402479056,0.4512986123870759,2.7097135762834808,0.9135131402479056,0.0,0.0,2.694731921935011,0.865913192658015,0.865913192658015,6.014753871022137,0.865913192658015,1.4343461805736588,0.0,2.8867200419172336,5.396494446703592,2.9484200751195115,4.867579120340633,2.235421133036346,0.0,0.0,9.934272214878057
1.3632594231808506,0.22547399200421528,1.087938851516379,1.350303821252033,1.7988727260165862,2.1013649616243906,0.0,-0.8360442037238478,2.211645226539171,1.1246390313718257,0.9035474805742572,1.3975379640813077,0.22547399200421528,0.0,0.0,1.1582116760631944,2.3885399972219217,1.8126934611853687,5.440992708342521,2.211645226539171,0.7912692075511185,0.0,2.984645917277731,2.3885399972219217,0.790511970171274,1.1246390313718257,4.01415370984112,0.0,0.0,1.1246390313718257
0.6297681343543302,3.078487314375703,1.440317025650655,1.5297681343543301,1.271760358036133,1.216738733501478,0.0,3.2090870924483514,2.896463046623724,3.1645751818465837,1.1881961080238461,0.9682122865102298,0.5857243400589764,0.0,0.0,1.709319166670132,2.241509907158381,2.216820416099495,5.169581115267293,2.241509907158381,1.5567886442434204,0.0,2.919029839109708,4.907720384539906,1.271760358036133,4.587164911062174,2.489184383876268,0.0,0.0,10.294388310874147
0.18414657586086924,3.1074426327311087,0.8718836459537397,2.7564285464113274,1.0445725714998784,4.5180077862569386,0.0,2.1564285464113278,3.8331865414939528,0.694967437294713,1.6032577525830116,1.2611366705337186,0.9244461024212627,0.0,0.0,3.0779053838233468,4.229217811942401,2.523506849930107,5.124359383518431,2.2399264425522554,1.3288158776073642,0.0,2.7269451271534733,3.6797452834684057,1.0445725714998784,4.140398213351429,2.2147346262637244,0.0,0.0,10.637843379088833
1.4454808789927873,3.118994452024759,1.9337935095606433,2.7182516338623373,0.619866075925707,2.128661124408379,0.0,1.2182516338623373,2.3490117954488947,1.2520900007780582,1.8038111287729781,1.5527806755541422,1.0647730941582982,0.0,0.0,0.4456085419999648,4.779120081180379,2.4076561521683977,4.820434262329747,2.3490117954488947,1.9411061229615694,0.0,0.6546620925791414,5.962654080658313,0.619866075925707,3.0734201572914763,0.6546620925791414,0.0,0.0,4.820434262329747
1.4197635394333437,3.1451116266080836,1.5959548984156693,2.498662814447518,1.0409274234369552,1.4739225765946327,0.0,1.5986628144475181,1.4197635394333437,2.9680404575231574,2.099531308873249,1.689626037977133,1.7137200671474897,0.0,0.0,1.370159965463397,2.629616293598791,2.549129527406223,5.077825170025914,1.760330804793082,0.9765357953399803,0.0,1.0409274234369552,5.8505787771672715,0.7703008476156945,4.5966489341655,1.0770563154092294,0.0,0.0,9.054072047956598
1.1891429428291844,1.2074788431278356,2.2597272071897625,2.5309737082490926,0.4129291191045331,2.5352309318205295,0.0,0.7309737082490928,1.683652494999811,0.5049640334601531,3.0531328192899987,1.5610848023274346,1.914534935781925,0.0,0.0,2.2244843309983935,2.4561644726947547,3.7691701150618306,6.180438192080253,2.4561644726947547,1.3972360514610909,0.0,1.2074788431278356,4.326238605499546,1.1905355803406954,1.2074788431278356,1.268261116005211,0.0,0.0,1.268261116005211
1.3152503392044117,4.080512360881966,0.34000034248505756,1.348519308288675,2.3141578463004358,4.501513661309726,0.0,0.7485193082886752,2.2248378347053537,1.8852196722162817,3.5075726208117266,2.3517208146259097,1.711612388197699,0.0,0.0,1.046686930032267,3.58541180540565,3.45678105912302,-0.744988981081308,1.9193092088170187,2.8140706774882798,0.0,2.674171810336731,3.7123207742616753,1.8184302235142904,1.8184302235142904,3.735426653115632,0.0,0.0,10.207419755466914
2.085134793922511,3.878718378742249,0.07142279371843485,1.9626573348469136,3.105065529401468,1.905760263922521,0.0,0.4696480636642371,1.0652302672869067,2.547744642127596,1.3626573348469138,1.3401131746683497,1.7437385996858026,0.0,0.0,1.0499729416688826,4.805170230601259,4.285807081580184,5.276868379023485,1.0652302672869067,1.3427123689916676,0.0,2.1553996142538057,6.703542899719627,1.1633029106778607,1.9733794847390458,2.088714223480019,0.0,0.0,11.028209008964192
3.84845903235142,3.9029250565883213,0.14818803766642108,1.9289814687418207,2.7583779049071264,2.07530051116792,0.0,0.12898146874182057,1.2902725162939122,2.155195692655191,2.482381756128323,2.104526332475846,2.225152166119359,0.0,0.0,2.696442720291498,4.11859661895889,2.4561341956652725,2.104526332475846,0.14818803766642108,2.213636437066248,0.0,0.14818803766642108,6.349768371435522,0.8216245110713147,2.806144088208751,2.4561341956652725,0.0,0.0,10.505841817117469
3.9610261304854735,4.83420855693364,0.3956825808331489,1.5642952226830236,1.869886696799691,5.267624647847599,0.0,0.9353471057017325,2.052603947503822,2.6279857395996515,3.398321607713533,0.6322812319854185,2.6950727710033333,0.0,0.0,0.9155894215136997,2.4021610740820076,4.469717599524402,0.3956825808331489,2.4021610740820076,2.082172358805444,0.0,0.9353471057017325,5.694928050421857,0.03376307971600503,3.537074135945114,3.7583692421377752,0.0,0.0,10.360766497312087
3.575740566085099,3.3223631245587724,3.692190871386912,0.533723167278046,1.3012065472498315,2.9549967905097874,0.0,0.233723167278046,2.1858207374103764,1.3564252129232424,3.3284395910597597,1.5695866149030901,3.6770220448347914,0.0,0.0,0.4311252079725917,3.709897420670869,3.5089706655891666,5.1584894079509045,-0.11734153628117383,0.980736908413956,0.0,1.2293283960808328,4.717799338477236,0.980736908413956,3.1857233916656598,3.9897718178247006,0.0,0.0,9.615382308652368
2.4581895271634715,3.458487103228207,0.8875997138641576,0.9854716149021292,2.9551257169692504,3.2383081077949867,0.0,0.08547161490212918,1.1937906870281614,2.148001038469088,3.5232791765127387,1.331450711433364,3.436849557106699,0.0,0.0,0.8159805199503116,1.8816137165028013,5.428365448568417,2.3328153781331613,1.8816137165028013,2.4255137227123065,0.0,2.5581853250793483,4.432192149323233,2.3374126823331265,4.3931141552793385,2.479166069742505,0.0,0.0,1.1937906870281614
2.4743628464573484,3.228097547915397,0.5112255163058494,0.2661833706677187,0.2112255163058495,0.3762541823786235,0.0,-0.0338166293322813,1.5346204729282833,1.9858493880515462,4.400459122677388,1.0509307209929686,3.3992712068007753,0.0,0.0,0.5017500025365107,1.4366752741499877,3.499962801071666,5.474849688862954,1.4366752741499877,3.055223744777652,0.0,1.6034778357243777,4.053817552467099,2.0479730251837247,3.8809460721160276,3.5696748276025563,0.0,0.0,10.839912838238108
1.6725034272887163,3.9688708565979463,2.836154488730497,1.3564981794260713,0.6743356434914662,2.3474886784988214,0.0,0.3530900345411759,1.5082752370470582,2.131229769062233,5.555378599293335,0.5480334685004454,4.950778647744057,0.0,0.0,-0.43631386445857834,1.577058439607254,5.102331833432634,2.283138525656793,0.8348418336146326,1.2064981794260714,0.0,2.0258847072242907,2.336482258287968,-0.06282908868471171,-0.06282908868471171,2.5881133949181123,0.0,0.0,10.634363477159486
0.8404190091981477,4.540809076745287,2.431066504897865,0.2847416309519958,2.1045145440677038,3.1126957462720606,0.0,0.05974163095199578,2.04503621264674,0.2932028207234838,3.4384389349883007,2.6721600598560946,5.329572926139918,0.0,0.0,2.894104287142168,2.1285602756535416,2.640540302821715,4.553474836666827,2.640540302821715,0.8404190091981477,0.0,2.9604292628393645,3.69013152172924,1.7196851982111134,5.159774570729358,1.959087578266839,0.0,0.0,11.71972047579872
2.860710975197271,1.391161132280335,2.171989448935981,0.6058566719355938,1.4260682213489555,1.391161132280335,0.0,0.08085667193559376,2.51681453001663,2.078012530957297,0.5866513591392063,3.219198204940654,1.2988719587557274,0.0,0.0,1.3850434690837705,2.460377781072421,1.4260682213489555,5.65793365008493,1.4260682213489555,0.5866513591392063,0.0,2.299886750985228,4.745672939660084,1.7401145080102303,5.093346871054266,4.283553335389967,0.0,0.0,5.093346871054266
2.495316199865917,3.334781811408055,2.3601813659031254,0.22384780555925887,0.3421837330777948,1.6592540581055824,0.0,0.07384780555925888,3.827370422092663,5.92860456127163,3.517088715182575,1.0351201775142405,6.049649020676281,0.0,0.0,2.3645047339872263,2.468638918092972,0.4309641264698572,2.9078495723208806,1.0021436998718023,1.0035292859866516,0.0,0.935828895796847,2.2101813659031255,3.6743659853370136,3.7599543481675175,3.448285497449472,0.0,0.0,8.472178176570864
2.7677348781638327,4.492858001303986,0.03820898116469054,0.0,0.1413769296456835,2.6189559246324032,0.0,0.04945935104966845,3.3477004158939785,1.084490389363799,4.981637097042059,-0.10078980871664076,0.6727615165869673,0.0,0.0,-0.4262184471453899,2.3091930394438394,3.550264459299452,2.3091930394438394,3.183612934741926,-0.22958375867362538,0.0,4.043808970914642,3.719961669822816,0.6727615165869673,5.908054254299012,3.555044246860427,0.0,0.0,10.790099512350999
5.2618530313321425,5.464127410855682,2.0675713232364825,0.0,3.6948515022041573,3.7896201035121875,0.0,-0.022370874531183138,3.6310421825394466,1.8611178158064732,2.616595504405012,1.7501133084094629,5.515537752900578,0.0,0.0,0.37762912546881683,1.3219469935359605,2.616595504405012,2.559154831787067,1.3219469935359605,0.5143140220207528,0.0,2.7904708940623473,3.1186737976817684,0.5143140220207528,2.6930677388397215,5.387969103155757,0.0,0.0,10.098870471703611
2.0223199310347084,3.663264629938524,2.7732188757484124,0.0,3.1065081475279905,2.5820860101212575,0.0,0.2952866240740671,5.221166373818159,0.3720926332024579,4.844942412939059,2.8336392158010844,6.507228838216962,0.0,0.0,1.5422501628770529,2.524730111483375,4.046397506924269,3.8769531888289346,0.12263816156828078,0.8918145119762516,0.0,2.5894797282994393,5.623597590384134,1.3352442507361122,4.090951409649,1.0841269528949538,0.0,0.0,8.445931199172861
1.5190839050713234,4.239405341515843,2.4745787650434745,0.0,0.6484300588288109,3.3049338287497134,0.0,0.591273260176289,2.0811503417650403,0.9742820660301389,4.611620420972983,1.9874141154683553,6.599920794054936,0.0,0.0,0.07444284208397453,2.427636795847548,5.105570157896966,5.869202048419702,2.0811503417650403,0.8327155104202756,0.0,4.118166429726286,6.329405198878875,1.6690839050713233,3.0590253612729805,2.0802492756090873,0.0,0.0,8.64619943336519
1.0239207653168219,2.0903667161533734,2.741815805663327,0.0,0.7388604234312656,1.223366197632953,0.0,0.40078100558777613,3.280011764003054,2.742511430905774,4.523399641562425,1.4289608463210464,2.0458471963738467,0.0,0.0,1.3158388785704715,1.5763428282171614,6.7054943011842685,2.0458471963738467,1.5763428282171614,1.4109624120018711,0.0,3.967854728624926,2.4418158056633272,1.3239207653168217,3.516901524642878,2.8816738728177183,0.0,0.0,9.718128998314432
0.7647771726877974,4.814274863199912,2.8024537838858463,0.0,-0.7816967939776491,3.17694018542904,0.0,3.318607456610378,0.032200493134621144,2.0778925885171375,5.041291983081221,1.0480507769265641,7.436230139475716,0.0,0.0,1.2641957029901714,1.7330828489433,3.318607456610378,4.858182753450804,4.211669331519671,0.6184763589605357,0.0,4.838067520164682,5.264007208184353,0.9147771726877975,4.8995581668406984,2.8428909480358735,0.0,0.0,8.643083011368086
1.5777324087485165,4.1224454333351135,0.9712924699576144,0.0,2.2724622047786642,4.602862598570976,0.0,1.6802020309685899,2.347378221605933,1.446043571825164,5.556180020600138,0.4959773694346178,3.2195723030966614,0.0,0.0,2.2285276737387476,2.5894748528652234,5.127982794256599,4.116823828218579,2.347378221605933,0.4509717045316245,0.0,3.6146561343083734,3.815339853319812,1.3461080765121225,3.2195723030966614,2.6731914513279196,0.0,0.0,10.599855027357592
1.9125846925906045,3.503410795991402,2.379607058938855,0.0,0.7078312158022613,0.7078312158022613,0.0,0.5553769681868818,1.245228025134273,2.1177179552078145,6.927581947700614,0.7803769681868817,5.003635790739601,0.0,0.0,1.2694180454745112,3.098789483985928,5.514892265696372,2.7854411678386395,1.245228025134273,1.4829138543288114,0.0,3.218410356160298,4.901588542022881,2.0616793368489628,3.0261751506399577,1.7710391267314396,0.0,0.0,10.154037859454345
2.397877818935761,4.374694630142903,1.3351632222241683,0.0,0.3794611470710121,3.7840168096647373,0.0,0.39343792504353864,0.7354712116408008,2.6177169842201238,0.9601632222241684,0.7544611470710121,6.400004659243391,0.0,0.0,0.0,1.224279597336655,5.241656549197695,2.280672773472137,0.7354712116408008,1.1049867263771729,0.0,4.508051774194655,2.280672773472137,1.4406093463830225,5.0605494272920994,1.224279597336655,0.0,0.0,10.541812642031724
2.281307710338066,3.7712575192663342,1.600846936765005,0.0,2.2059181055985992,2.913174518678737,0.0,0.61572811266709,0.9321010975884614,3.827603399972671,2.281307710338066,0.4902708093860177,5.652538820503695,0.0,0.0,0.0,2.0272903159028566,5.399194111506617,4.934242690502774,1.3013290152182337,1.7833165519249727,0.0,3.142937292524585,4.266472703888801,2.0491432243087617,4.767675227036138,3.799917047165128,0.0,0.0,1.8200668975730754
3.3464500225681073,2.499777044453224,-0.11139286373953253,0.0,2.622402342124902,2.4661705225751827,0.0,1.2013580062235527,1.253563042949793,2.491883832224016,4.783069352075912,1.7608582426060657,5.5204155786576345,0.0,0.0,0.0,1.1855160019024917,6.018489158933431,4.575423651050384,1.1855160019024917,3.028380150384424,0.0,4.779662440871451,3.028380150384424,0.9913613043796752,5.113088460474511,3.8153390712985287,0.0,0.0,8.761640234487341
2.008735993413274,4.679293268303183,1.6144814548107769,0.0,1.9591008643793697,2.4591939429634433,0.0,0.5458967641689028,1.075960389221632,2.773540419914255,6.0891646485676745,1.0880779326039327,6.619093634885923,0.0,0.0,0.0,1.1388162124031054,0.5458967641689028,5.904462724875397,0.1967338489882676,2.2447438055412072,0.0,0.1967338489882676,2.2447438055412072,2.5194240888705797,2.818063199371233,3.5367172647408207,0.0,0.0,10.627417172193027
1.8647811933454528,4.332792891347608,1.9196241309488684,0.0,1.1026486382699734,3.624514795588425,0.0,0.9112424751061833,2.414360951637982,3.317526059168545,3.217836427125553,2.7961043823055136,4.259025397896314,0.0,0.0,0.0,1.6624504767573922,3.217836427125553,6.996260585160488,0.2214378737549808,1.8598926743912525,0.0,3.0356984951088557,1.8598926743912525,2.9009619590193574,5.416591804848064,3.4369241905572836,0.0,0.0,10.337838223155583
-0.13482687787711733,3.4995581108384353,3.9974415108545296,0.0,1.652843931403345,3.8814385959349518,0.0,0.8533174407052792,2.9866441619400126,1.2894498568014774,7.2626604091265055,0.0,6.1555382193093875,0.0,0.0,0.0,2.041225116905497,2.984572814654394,4.677690812509088,2.984572814654394,1.285870289224106,0.0,2.837387583768965,1.285870289224106,1.990003729424802,3.7615594365834255,2.822998638799883,0.0,0.0,11.609289794100428
3.7440794456410873,-0.08488087036392611,0.9784332377255811,0.0,0.8427230142114204,2.620130540043567,0.0,0.8788458742753797,2.7278789531419623,1.294970748457358,5.552795846518136,0.0,6.263202532229711,0.0,0.0,0.0,2.1887066576089786,2.495712423556306,4.4005049763252355,2.495712423556306,0.44120794010790854,0.0,3.340679307023673,1.8772007232079169,0.19337811740313823,2.7102650502186223,2.38461395020373,0.0,0.0,9.28896918986684
2.3630480899988506,4.028224030440875,2.829951910492144,0.0,1.61116690166795,1.2543683705564401,0.0,1.3599003215325818,4.440186054134273,-1.4523013796055617,5.226410493870522,0.0,6.433678515186383,0.0,0.0,0.0,2.7720660215146236,2.1822719151283048,2.3454725443383038,2.1822719151283048,0.5473492189799349,0.0,0.9021450132867227,0.9021450132867227,1.70436837055644,2.3819361060133986,4.603161142990427,0.0,0.0,8.997535146474984
0.26164746743940837,3.959752202659937,2.176461250151956,0.0,1.262726611443271,0.8574148856101872,0.0,0.510861738372455,4.317954677186969,0.47060239350934463,5.88960192620078,0.0,2.9154319311723724,0.0,0.0,0.0,2.782203249532251,1.4457239375034239,1.4264612501519558,1.4457239375034239,2.933259022135352,0.0,3.784526341493078,2.9154319311723724,1.607414885610187,4.447499149286873,0.26164746743940837,0.0,0.0,8.908413226100311
3.085258590520814,2.645589238038844,0.9665135609046493,0.0,2.0496821511958654,0.36694048013337877,0.0,0.12762745350461183,0.21979608638436132,3.051636263048322,6.806949231205006,0.0,4.238640528907553,0.0,0.0,0.0,4.071124307322077,2.726778465818527,3.540555689437502,0.12762745350461183,3.141201010546755,0.0,1.5005701015177721,2.11869423624963,0.8169404801333788,4.087600158067618,2.776075713298629,0.0,0.0,0.5165135609046493
2.226582579158546,4.459852559220411,0.7055490565402738,0.0,1.5301562550550878,2.632002373350224,0.0,2.5511171013904437,5.024696854395269,-0.03433096363693555,7.195579207041973,0.0,0.5678927699298856,0.0,0.0,0.0,4.072344251728393,3.0181237129399157,4.888859046837617,0.40554905654027373,0.5678927699298856,0.0,4.336074958922508,1.4049842716241556,1.11320387555406,3.202190794619634,3.5892925650299863,0.0,0.0,10.196764639560138
2.4581984851091323,4.100825734743386,0.677473733577747,0.0,1.803106707638253,2.567780011436193,0.0,2.4541226342174993,2.461581341804683,1.4609597838827186,7.946757547722975,0.0,4.45299519705707,0.0,0.0,0.0,4.497354063358356,2.207519220265277,4.758984096784259,2.461581341804683,2.7420511480854057,0.0,2.5329754809853595,2.5994457125618045,2.2456729062756375,1.9456729062756377,2.265930086693861,0.0,0.0,10.382328380690792
3.799523886453524,4.636213139011655,1.5672506254983571,0.0,0.7619857017286922,2.2213438061268937,0.0,1.2672506254983573,1.7688866804060188,2.9220183423344004,5.812974803559192,0.0,6.134010130806397,0.0,0.0,0.0,1.3115703535138656,3.377400305257443,6.38153126303371,1.7688866804060188,2.2494823655361436,0.0,3.9612163161570235,2.3057100722417254,2.8837764623236133,3.611990277153416,3.041465147221757,0.0,0.0,10.537841433953261
3.384531272894416,4.135711904420299,0.0,0.0,-0.7820167753840539,1.0375590863368456,0.0,1.692780561338013,2.888783848977385,-1.3362469668973465,7.663277834168131,0.0,6.83985776942708,0.0,0.0,0.0,2.195906782909462,3.971839868974986,6.020777734158279,2.195906782909462,3.2843475546119993,0.0,2.5556780362439846,1.9826939545370212,4.389298053059303,4.591077953129304,3.5671423242955713,0.0,0.0,11.209285877987014
2.702058679552283,4.255220351568708,0.0,0.0,0.5723808022265827,0.14056492884023744,0.0,2.389395875900153,3.3323847720378525,2.7789612009819424,6.770365187862822,0.0,4.9571401375251885,0.0,0.0,0.0,0.2204364379681097,1.593354741396258,4.176857031786844,4.9050208542004325,2.1833809546622867,0.0,2.8972950465401652,1.593354741396258,2.6360734121902176,0.5723808022265827,1.3593623386548974,0.0,0.0,10.2591633823562
3.615723374480939,5.1053249220006895,0.0,0.0,1.4923951574838716,1.3015167198212663,0.0,1.6150794823077899,3.47450930842133,1.508051889469707,8.189558137425376,0.0,5.584988786857103,0.0,0.0,0.0,2.176490835702257,2.5271211506322624,3.9329527808412443,2.5271211506322624,2.6944991698742307,0.0,2.8686164216139605,2.176490835702257,3.177653931600625,5.015505754142888,2.821303598421035,0.0,0.0,8.59247809156699
2.868051321844682,5.056162778531111,0.0,0.0,1.5509803998135425,2.3775025272459467,0.0,1.077621066159625,3.8168117435452817,1.3846244820208846,6.893076082851286,0.0,3.5879692272269077,0.0,0.0,0.0,3.600000255132377,1.038177461248936,3.1984019838646853,1.038177461248936,2.581975748335385,0.0,3.915071353651476,2.48217016533149,2.80110010655165,3.648398506443522,2.3982029469457045,0.0,0.0,10.43295153830939
2.179597427915808,5.023181418106523,0.0,0.0,-0.2869678799333353,1.769802266499527,0.0,2.505423426303912,4.959656123484138,2.2206935881321237,7.720753591392483,0.0,6.0786074274548,0.0,0.0,0.0,1.769802266499527,1.3520811564480681,4.7155069357069035,1.3520811564480681,0.5869967065144084,0.0,2.925447598315361,2.5167648776117564,3.285740130086139,2.6878447307779707,2.530044583955215,0.0,0.0,8.866573260466279
2.29864355553536,4.466929376129849,0.0,0.0,2.182320896468807,4.307324700208011,0.0,3.026258351163489,5.125380015690402,2.294132186373566,4.762516919034901,0.0,3.71048154521164,0.0,0.0,0.0,2.1967662068256346,0.550555154406834,4.696557825262963,0.550555154406834,2.8130968104533327,0.0,2.1445687930853325,3.9537778234885286,1.1716765932092406,4.15967977638847,2.879422140905185,0.0,0.0,9.778880638808117
2.6944902128855563,3.465917693677108,0.0,0.0,1.9928557917935887,3.484315225520763,0.0,2.2277751278633544,5.415481352070708,1.9217990621712835,5.901774137821233,0.0,6.423277118920718,0.0,0.0,0.0,0.9739706076065916,0.745058966981033,4.516296076582027,0.9739706076065916,1.066461322705361,0.0,2.5581973930943245,3.5546759738056664,2.1005993351472045,3.856973122206287,3.0497748118742325,0.0,0.0,9.387381152717685
2.0030392798271244,4.4002159611705665,0.0,0.0,2.098946765307457,1.352092924316174,0.0,2.1942318024578724,2.6796903240606365,0.9120159433818269,8.527379624850454,0.0,5.4097273447277505,0.0,0.0,0.0,1.632081301098001,0.9927777585127819,3.6826462752822264,2.6796903240606365,1.8913726525896482,0.0,0.8018603039254496,2.970748225897824,2.8240839620846194,1.8913726525896482,2.970439469087587,0.0,0.0,11.060207287764289
3.03455801896263,2.05681625920229,0.0,0.0,-1.1156348866482528,3.271377232294555,0.0,3.956961648566246,2.5023248723736753,1.1883583595571432,8.013393133642975,0.0,3.0225463388395504,0.0,0.0,0.0,3.0225463388395504,1.3262067717915589,3.6772881901412644,2.5023248723736753,2.173875429221058,0.0,1.9615879511611864,3.7730940459314857,1.5704496570446504,1.9615879511611864,0.7679926258292666,0.0,0.0,11.197750488935757
3.057594346361921,4.775203165297715,0.0,0.0,1.0713711500555476,3.103864540039347,0.0,2.530988461995984,1.2180428386995528,0.7913703152059254,5.84862141152054,0.0,6.251972463748172,0.0,0.0,0.0,2.3256485028224336,1.9021227346628502,3.6332482975747418,1.2180428386995528,2.1029433071618717,0.0,2.459519553557875,4.575813589252009,1.0913703152059253,3.2099089053183385,1.6311084833404994,0.0,0.0,8.91581304070531
2.5456895005005173,4.909246651180599,0.0,0.0,1.7568838648631364,5.645699772204362,0.0,4.153384963210335,1.9020590895715155,1.6431314371847578,7.692453816587831,0.0,1.6431314371847578,0.0,0.0,0.0,2.7304018589550174,2.722097684517482,5.305612872488308,0.8600513800644143,1.8383857556618175,0.0,2.245900458224365,3.150069174744044,3.0765391341032635,4.0803054174702185,1.0375977555965794,0.0,0.0,10.21663723224087
2.7850121962334695,3.011744426738703,0.0,0.0,1.8459088592690893,3.8213554389787903,0.0,4.343475139850709,1.0012564804828163,1.9324258799320535,6.032756461590024,0.0,2.5150153912665965,0.0,0.0,0.0,2.538326164195805,0.6764016699884232,5.568115905627933,1.0012564804828163,1.6151828417400538,0.0,2.5150153912665965,4.9151982535198355,1.880351943621196,0.6764016699884232,2.974507046101628,0.0,0.0,8.931400569037088
3.1091634449278063,4.82874247449177,0.0,0.0,3.317346177947101,3.7309070962409425,0.0,3.174419632130928,0.8946438394311157,2.295889639427126,5.535361597641952,0.0,3.871958448432944,0.0,0.0,0.0,4.016245346788886,2.488590362237293,4.57494286507115,1.602037980026544,1.1311781994109589,0.0,3.0757214233426624,1.5926605866572805,3.064883124089664,4.204451925099042,1.1619435038127366,0.0,0.0,9.922829020553912
3.4527897166208534,3.597746345662459,0.0,0.0,1.4395050529372584,1.075789594069922,0.0,4.040487032360668,1.2646121939230892,1.076661813458668,0.9046133915496224,0.0,3.3841402095569935,0.0,0.0,0.0,3.8530225733637518,3.7007952876023844,4.139235822583385,2.004928431977293,2.2232985252365203,0.0,2.6327803187250383,4.7163054756498175,3.877656722473744,4.209191748389689,4.3042148622904595,0.0,0.0,11.275692284982052
0.689942975666381,3.1302334462687074,0.0,0.0,2.0635038588540366,4.006394798997758,0.0,2.3315776352136837,-0.5271471642346885,0.38242774165501037,6.788111844417523,0.0,0.689942975666381,0.0,0.0,0.0,1.9264501959024263,1.404627559800663,4.515003166732051,1.9264501959024263,2.1290539008275315,0.0,3.9024964870941248,5.97317690211366,2.004627559800663,2.1290539008275315,1.8433436525622289,0.0,0.0,-1.1081356796590345
1.6446556954106792,3.5219376335313264,0.0,0.0,0.5803343123326169,0.3073664719348682,0.0,2.1211855108844517,2.0020876502250307,1.929855822930909,1.8018937694436956,0.0,1.929855822930909,0.0,0.0,0.0,3.9150770650251983,2.448616036350105,6.077151498472753,0.8107434256005168,3.1172543704094267,0.0,3.5310189450426694,6.395258783596252,2.295598709460396,1.3127936828905344,2.0192691691735964,0.0,0.0,10.474858590057652
1.5249226797017368,4.68538122661591,0.0,0.0,1.0994666777860462,3.216360610523143,0.0,3.8583052190790847,0.960042085556197,1.7841149557191849,7.4804113996879735,0.0,1.7841149557191849,0.0,0.0,0.0,2.6547505401485854,3.135925302624112,4.109215709831594,0.960042085556197,2.047742652909273,0.0,1.091766760060489,6.241663251397593,1.6901081592736842,1.091766760060489,2.156345990385871,0.0,0.0,10.440848843845721
4.65372988356903,3.213031672383443,0.0,0.0,-0.08302581130286885,3.8385508790348832,0.0,3.394153179019545,1.2385951516861564,1.6995949524612441,6.280834173660025,0.0,1.6995949524612441,0.0,0.0,0.0,2.100686335000896,1.8737873635850806,3.3364769956511493,2.100686335000896,3.0702467423324125,0.0,2.869130676410785,6.2016398114781754,0.8955455307375526,2.071072790733991,3.0705633767852105,0.0,0.0,8.700602499708832
2.694496494358991,5.162357332270164,0.0,0.0,0.6196052442890998,1.8626196735698795,0.0,3.328290864005474,3.3371532891020554,0.8202638407888472,3.3371532891020554,0.0,0.8202638407888472,0.0,0.0,0.0,3.393691863041799,3.030443581061815,4.985266327699676,1.8626196735698795,2.7405174766402154,0.0,3.9956229318590037,3.853207993790253,2.6050599027806953,3.9823055599296726,5.094133682404671,0.0,0.0,11.44561814986989
4.075964025520713,1.8259709187684068,0.0,0.0,1.6783285746771488,0.38915845286786366,0.0,2.6690430360775146,1.909098797805841,0.20504157918359622,4.5537607079722875,0.0,0.7514599157593994,0.0,0.0,0.0,1.462300807860147,4.824375533635132,4.310764495899546,1.462300807860147,1.5755851024780918,0.0,1.378328574677149,5.429313554122039,1.504833689623291,4.455224677692895,1.9936914938108516,0.0,0.0,9.953022952779886
2.914926195545348,3.8164594011467305,0.0,0.0,2.2972648440839274,4.862122286255775,0.0,5.147352195356677,3.0767436392256986,3.3536647641530744,5.171080336835337,0.0,0.15638849045568406,0.0,0.0,0.0,1.951018930295572,0.15638849045568406,3.6464523287533392,1.3671355345938394,1.3671355345938394,0.0,1.6972648440839275,5.266386527540082,1.3986275861571946,1.951018930295572,1.519075275964984,0.0,0.0,11.140941320959236
4.527333578524323,4.122531361660501,0.0,0.0,0.0,3.0163159968110107,0.0,3.901675273607734,2.930925590300362,2.214906784226406,5.715835238548931,0.0,0.5488863326293125,0.0,0.0,0.0,2.3638601119074294,2.522499056015781,4.987276681852255,2.522499056015781,1.5785704735079047,0.0,-0.44768526354928484,5.121428488445236,1.290214321049872,3.8911543058105886,2.4647447644459266,0.0,0.0,10.705689071957565
1.7052180345875214,3.1743628118532516,0.0,0.0,0.0,1.9323131800881916,0.0,4.5568296372035455,1.2173899197567657,2.290950678432793,2.5647253152519296,0.0,0.5614371451923496,0.0,0.0,0.0,2.7529469208189075,1.4571542487044362,6.373167156422672,1.4571542487044362,2.333600689221496,0.0,2.1086062656682394,4.0798377446468965,0.0,3.283310881948334,0.9785685707411396,0.0,0.0,10.866506788911673
0.9089815977050217,3.350169958338526,0.0,0.0,0.0,2.7827231421437055,0.0,4.278437907396655,3.402491769243971,2.7245991772857883,6.012178536039098,0.0,1.2379510311687556,0.0,0.0,0.0,2.889079122183931,2.797702043627367,4.7180494130015775,2.4564937902621713,1.1084744761387872,0.0,0.2910274037881887,5.470448593172579,0.0,2.358877898576303,3.489534849943864,0.0,0.0,0.2910274037881887
1.9359847050425971,4.608589568941803,0.0,0.0,0.0,3.6594838594218486,0.0,1.990730039454975,1.990730039454975,2.022694841765019,6.994289550957166,0.0,1.5862357844175194,0.0,0.0,0.0,3.9676038968270455,3.8084676972902507,3.213438970322555,0.8170195610013941,0.7372067639228326,0.0,3.213438970322555,3.822970344834078,0.0,5.157119064444345,0.7372067639228326,0.0,0.0,9.39098590682785
1.2861578169590955,3.9628132684090174,0.0,0.0,0.0,0.8318210038337689,0.0,4.388861797824313,2.826325253424955,2.229808299701975,6.352169582432537,0.0,1.8540675525433246,0.0,0.0,0.0,1.6494718233104047,3.5810676917275797,2.2213693769097604,1.6494718233104047,2.0378869482504745,0.0,1.7764138155130005,5.403158755849372,0.0,1.6494718233104047,2.606580830613175,0.0,0.0,11.93416644702196
3.897418052546685,3.9880769095658803,0.0,0.0,0.0,3.191268807424907,0.0,4.271777892142841,3.4022259512910034,1.914624895136502,7.859683678705173,0.0,2.051757421278694,0.0,0.0,0.0,2.5690067212444663,1.1349304301839505,2.5398210865732085,2.095821731897389,2.0586469649713264,0.0,2.0509568400317515,5.43471649177835,0.0,1.1349304301839505,2.785631836103831,0.0,0.0,9.07253263934765
0.7359713057559015,4.3688308299953995,0.0,0.0,0.0,4.265239862563746,0.0,5.85409832485137,4.232264577862394,0.5890189228031417,6.633232390793495,0.0,2.4467999655303236,0.0,0.0,0.0,3.020655576814984,3.8543683506536293,3.7903339160683007,1.3579205491974964,1.0899719907684438,0.0,2.2335674132908565,6.732992520286573,0.0,3.412492607344169,0.7359713057559015,0.0,0.0,9.582880731692029
3.8228903409218553,4.152219891574858,0.0,0.0,0.0,1.7169176117368294,0.0,3.3183905809500267,4.044526153404739,2.412885459904004,7.819322021998654,0.0,3.1298825030699793,0.0,0.0,0.0,4.523560792643639,3.628045226881169,4.4268836700843766,0.36018836897923223,0.7056597513696446,0.0,3.2077184566522474,4.23783379201325,0.0,3.6157582785105893,0.7871351494642989,0.0,0.0,11.617364561971517
2.833948077459896,4.949135777556516,0.0,0.0,0.0,4.120823405681686,0.0,3.9553911732467637,5.143726008051663,2.8170631769119443,7.983152142165076,0.0,3.3419793654398435,0.0,0.0,0.0,3.802188923003206,2.1497580384562354,4.162681505773844,2.1497580384562354,1.8328866958840504,0.0,0.8685320215575102,5.41654090262579,0.0,4.06164336209438,1.5626756998948357,0.0,0.0,10.33042821647942
3.169777422316239,3.808363073341564,0.0,0.0,0.0,4.371211272036265,0.0,3.2407756972709074,6.618081839861698,2.033709748004062,9.058493157195247,0.0,3.4344740104259537,0.0,0.0,0.0,3.9259436480092735,1.6897925219342003,3.8209237035491337,1.6897925219342003,0.6753969644216362,0.0,3.2802762771877334,5.351963215339484,0.0,4.6420783625735424,2.279028321419849,0.0,0.0,8.991937310529163
3.9215701751841188,3.476859384912876,0.0,0.0,0.0,3.248835108729221,0.0,2.882109773019564,6.090152553457834,2.626029506791914,6.250727698071352,0.0,-0.07580300419296108,0.0,0.0,0.0,2.155829057074083,3.0160147877977703,5.708565906191636,2.155829057074083,0.9470545739200606,0.0,3.3044802182790805,3.7979090040570105,0.0,4.34295646467583,2.490681475473101,0.0,0.0,10.480202756326428
4.011920416456756,4.685446096634588,0.0,0.0,0.0,2.222424324923626,0.0,2.5002342582797965,6.393399332277158,2.7206542428908476,5.960418990689875,0.0,0.6235359577553583,0.0,0.0,0.0,2.5432267619405176,3.1406084363954365,4.432062739389616,3.752485785140512,1.9767722570086799,0.0,1.116246575728779,5.7598037655647145,0.0,4.082736923244054,1.4776360780365014,0.0,0.0,9.491081419624416
2.7295863530118503,2.302744054035715,0.0,0.0,0.0,2.145341367132875,0.0,4.976031313395905,8.381550700354238,1.199264396615563,2.302744054035715,0.0,2.902947026014077,0.0,0.0,0.0,1.392040790266456,3.7238739333833943,1.183948922839036,2.7608490772056635,1.183948922839036,0.0,1.183948922839036,4.865437829043956,0.0,2.9131687289678116,3.6759097880332408,0.0,0.0,9.163786952039377
1.2210114456820882,4.808026134670179,0.0,0.0,0.0,3.651186196913974,0.0,3.343863608218501,8.461206892261838,1.6797255309369439,8.199091078557686,0.0,1.2210114456820882,0.0,0.0,0.0,1.8997070134531633,3.7922973829892337,5.063943079603567,1.2210114456820882,0.9189209458032629,0.0,4.056044177577216,5.606755290289663,0.0,4.147672362402101,2.1387785503217724,0.0,0.0,10.593309837099694
1.8876748582421878,2.558650159094324,0.0,0.0,0.0,3.6703902273669367,0.0,2.694800896642925,5.934034243095338,2.0100198384849257,6.569706589926774,0.0,5.374498788329848,0.0,0.0,0.0,1.9397420039381128,4.777744391582797,5.4705668745438345,1.9397420039381128,2.0776888248675696,0.0,5.714042323169079,3.931529077473045,0.0,3.283911257205315,2.5428323339856758,0.0,0.0,10.617434193886773
2.063878885568046,1.3372996430808124,0.0,0.0,0.0,2.4166398843660697,0.0,4.304791847445958,8.145788756006171,0.7784272831819412,6.322263875434895,0.0,3.894336279407849,0.0,0.0,0.0,0.9510227561134416,1.03877642629969,5.795249888372764,0.9510227561134416,2.836314286688845,0.0,1.6281640573371734,-0.309413108725169,0.0,6.428405130168725,2.5339196779184587,0.0,0.0,1.3372996430808124
4.509816913925596,0.8623752238036585,0.0,0.0,0.0,5.280914450669929,0.0,2.9874884115509763,8.833964635121381,3.0442655512302856,6.770789003306435,0.0,5.419279765293524,0.0,0.0,0.0,0.9033961692229243,5.417368170517426,4.194963417596141,1.8350759082733756,2.0682699713696904,0.0,3.611649900143021,4.94723382716155,0.0,6.170118046047561,2.748890591860707,0.0,0.0,9.900817176965713
3.1890465132224945,3.113301170707374,0.0,0.0,0.0,2.615994372418607,0.0,3.3391890368015713,8.856370611770233,0.6227718433500612,3.6164925716194163,0.0,5.386484238153407,0.0,0.0,0.0,3.6164925716194163,2.1060216606882056,5.164291332869534,2.1060216606882056,3.3151977081318424,0.0,3.4424617473514907,4.972725352638516,0.0,4.711578304623549,1.41538012698501,0.0,0.0,8.549987097865078
3.017724572691628,1.929578012245377,0.0,0.0,0.0,4.747528920616368,0.0,4.418540777278394,8.033642782620916,0.8830213785109181,5.915951647575319,0.0,5.054133510196094,0.0,0.0,0.0,1.75408229737506,-0.7343496711662336,6.613424472276694,2.2757812757049853,1.0061322415418374,0.0,3.3202063822538963,5.2180487597814516,0.0,2.8762885309746915,0.4446619096941644,0.0,0.0,9.240829104483726
3.1358550989499396,2.5559196314956947,0.0,0.0,0.0,2.999611719508112,0.0,4.124807876119366,8.332348417028628,1.0781422443397655,6.064933664624212,0.0,6.522754240314664,0.0,0.0,0.0,1.8473832803193613,5.107639878982759,4.442380273878007,1.5878207736195642,2.4227395749185723,0.0,3.0939246098128743,4.2506390530386895,0.0,4.167878357544465,1.1838800763063955,0.0,0.0,8.959457138129064
2.221429836098401,2.221429836098401,0.0,0.0,0.0,3.7922238790909217,0.0,0.6911335897518075,3.7922238790909217,0.6062243144153077,2.6705245171881504,0.0,2.6705245171881504,0.0,0.0,0.0,0.9815156377486708,5.024696431364678,4.929071041343806,0.9815156377486708,0.6911335897518075,0.0,2.7147067046611406,5.720268816157178,0.0,5.102456790872649,2.4197585258258827,0.0,0.0,11.139596512288312
2.616524748937412,0.7245829315704927,0.0,0.0,0.0,3.390577034725214,0.0,2.350716894156768,7.850622258413889,4.739049330567973,7.592684750803386,0.0,4.841201263685236,0.0,0.0,0.0,0.9700718128661635,1.8692197597978515,5.501049479865485,1.8692197597978515,0.3834502477441821,0.0,0.3834502477441821,3.8801043297750777,0.0,3.7783184022463123,3.5258690972123605,0.0,0.0,8.979578975651433
2.025135342048652,1.951527715223908,0.0,0.0,0.0,2.232524706559955,0.0,3.4642607221264043,9.434494001190776,1.951527715223908,8.715113933861295,0.0,4.442767371414927,0.0,0.0,0.0,1.7170433684830333,4.571256346248498,3.9008024412885893,0.4098860654791707,1.4802808061288422,0.0,4.35030785194066,4.2219609601724235,0.0,3.0077556959552227,3.5146273864972035,0.0,0.0,9.8894063300496
2.5317341373977564,2.3414790028322456,0.0,0.0,0.0,2.3073840774869305,0.0,4.676789071691293,9.054818963167735,2.9280260735364743,6.375056781597412,0.0,4.713005820729395,0.0,0.0,0.0,1.9573917286057143,5.100360224421327,5.290479437765935,0.7772916791898893,2.177888273696875,0.0,3.9689410978961526,4.956934361164707,0.0,1.2426911116395365,1.2426911116395365,0.0,0.0,9.67866533424358
3.255593367672201,2.342995915761167,0.0,0.0,0.0,3.2887992513165147,0.0,5.106110000123129,4.534989958979903,3.978788726957295,6.729244826751293,0.0,4.37902818223024,0.0,0.0,0.0,2.315039088416407,2.5025131053085445,6.025303056371283,4.534989958979903,1.957403640054881,0.0,4.469312166828711,5.842174411752307,0.0,2.5025131053085445,-0.7488120362251378,0.0,0.0,5.106110000123129
1.3389652903491982,2.4334472063599693,0.0,0.0,0.0,3.3568548494746464,0.0,5.53754096191692,3.628248053300036,1.1519736137919938,6.856417494304669,0.0,0.5050640640911268,0.0,0.0,0.0,1.3389652903491982,4.004756698844734,3.304178474047491,3.628248053300036,0.5050640640911268,0.0,2.22333502236875,4.674747280430563,0.0,2.0791286085411813,4.465129622590601,0.0,0.0,7.2505734279205605
3.5396204295258036,2.533931053278403,0.0,0.0,0.0,1.5069734885334665,0.0,3.8201379819316688,6.407273214702861,2.6155088974100087,5.058989818725667,0.0,2.1204042917255177,0.0,0.0,0.0,3.0454334710778417,4.754432325297739,3.879850156841006,0.6607868897207704,0.6607868897207704,0.0,2.1204042917255177,5.0116806231513795,0.0,3.8237795570999156,2.0924648955744733,0.0,0.0,7.823713698210925
1.6879036828591314,4.5674813882138,0.0,0.0,0.0,4.356350836201519,0.0,0.8133955135615166,2.7432296401015406,3.8035030660973144,6.230542935126279,0.0,4.498480429180725,0.0,0.0,0.0,3.5147663324569676,4.822397282354019,6.620138896548527,2.7432296401015406,1.1868261136892462,0.0,3.0974155905058143,3.179681474624486,0.0,4.647152514671863,2.892410284514051,0.0,0.0,9.175574584031793
2.257019337716367,4.639039527507531,0.0,0.0,0.0,3.0501214833166386,0.0,4.308981270891024,2.742531397674152,1.4741727686386639,5.817139055663733,0.0,4.208644790531723,0.0,0.0,0.0,3.4770536192788017,3.0501214833166386,6.485974316988546,2.742531397674152,-0.22381819831216604,0.0,2.4481914964307894,4.224457176613662,0.0,4.596498090191925,4.210371386704433,0.0,0.0,9.137698795658078
1.7434433975543464,4.567614793860673,0.0,0.0,0.0,4.0354813695431355,0.0,2.3139552291134358,1.8861329618012324,0.8234681245266975,7.066958073824792,0.0,4.734824689647245,0.0,0.0,0.0,4.566285269832773,2.6895096360615103,4.199461440838284,1.8861329618012324,1.4941825034467164,0.0,2.5461183361546085,5.043371469688172,0.0,3.4840605019695188,2.294062055496735,0.0,0.0,0.598514452680926
2.3961222218406384,3.4571684888046175,0.0,0.0,0.0,1.6841479754136373,0.0,6.331925048464036,2.9930248230953476,0.726209391002219,7.3071726977049645,0.0,4.778804600696513,0.0,0.0,0.0,2.218013393660087,4.852641590303389,4.647685386909182,0.8934627900202927,0.726209391002219,0.0,1.6841479754136373,5.1260689250473614,0.0,4.830704840459768,2.4636992355649023,0.0,0.0,11.779253098810171
3.0793636092082783,1.6498211725063865,0.0,0.0,0.0,3.6230083568256997,0.0,2.6544315290388676,1.359212355415981,3.048565040946826,4.926864150028711,0.0,5.538532735682183,0.0,0.0,0.0,6.593799460558962,4.486812624952506,5.690398998605857,1.359212355415981,0.37191826987323184,0.0,4.674355049642896,5.631315506897677,0.0,3.1562028937072535,0.9262115356484351,0.0,0.0,9.894189066249732
-0.030503030784652704,3.959677911045574,0.0,0.0,0.0,1.4528839761421763,0.0,3.975877885691116,1.4528839761421763,0.8044478581789867,3.975877885691116,0.0,6.339004620374958,0.0,0.0,0.0,5.763455794545691,4.9960721020900545,1.7746634329274682,1.8548669494349679,-0.030503030784652704,0.0,3.421422110386395,5.797984578569524,0.0,5.421506186577564,2.5500054714190177,0.0,0.0,9.28711946797698
1.9459300373768598,2.799057539085266,0.0,0.0,0.0,0.2975606622618353,0.0,2.6720737578901073,1.1177551828385575,0.2975606622618353,4.739699489096164,0.0,4.912444273208369,0.0,0.0,0.0,5.531028254139902,4.3186720540019055,5.440475309288945,1.1177551828385575,0.8977266861563801,0.0,5.248514736242244,6.786183135304952,0.0,7.226397690149934,3.2435923255825427,0.0,0.0,9.909769137148864
1.7658551605539785,3.1774758971695465,0.0,0.0,0.0,2.089251782868608,0.0,2.9916715039755455,0.2666843836890649,0.9909515790925711,4.023913272061958,0.0,6.5252366004993,0.0,0.0,0.0,6.60982753531616,6.374587868779949,3.671210614982183,0.2666843836890649,0.8717253286301383,0.0,3.276920855070367,5.301864192305541,0.0,4.470103763717923,3.485879164565742,0.0,0.0,10.22945428392601
2.539606061108016,1.533748288839711,0.0,0.0,0.0,2.3198306023547817,0.0,3.3024090735467473,0.2827624973769204,1.521703038576317,5.950409613484536,0.0,6.0589103151918735,0.0,0.0,0.0,6.180443535072934,5.6638831525862186,4.442801996525406,0.2827624973769204,1.8770748776310369,0.0,1.533748288839711,6.002391004352926,0.0,3.114393935063533,2.2540816359896945,0.0,0.0,9.83888395178898
2.4717872847070996,3.8026165214902523,0.0,0.0,0.0,4.4906433518431115,0.0,3.3966236280234643,2.2467133775084043,1.579783739463568,5.612456336772294,0.0,5.423028734228901,0.0,0.0,0.0,8.165958999756633,3.309931198988682,4.703471019866598,3.309931198988682,2.266525551848914,0.0,2.638833669848018,1.4790716400621822,0.0,4.314695074425088,3.882892831168137,0.0,0.0,10.079451459070471
3.0016374288411707,4.226029335865372,0.0,0.0,0.0,3.7969060757082937,0.0,2.4780332015009776,0.5976946853838742,2.760397968790685,7.509262027738009,0.0,6.47572048359741,0.0,0.0,0.0,0.5976946853838742,2.3153577427896925,4.35250970410655,2.3153577427896925,3.0965459461643103,0.0,2.494877122655974,2.3237998001818063,0.0,5.473604224982151,2.3237998001818063,0.0,0.0,11.680655969273278
2.1266423877062968,3.256052674985711,0.0,0.0,0.0,4.149124468061776,0.0,3.862558040658117,1.8707496227358382,1.8920828429805296,4.659508181251887,0.0,5.10063456495453,0.0,0.0,0.0,7.31600855865554,2.4134486260343597,4.445645147855379,2.4134486260343597,1.7425670211590785,0.0,3.355973277239912,3.1390747144526947,0.0,3.927365994830089,3.1390747144526947,0.0,0.0,8.63777634282638
2.777681481441909,4.407720586793999,0.0,0.0,0.0,4.184381882652546,0.0,4.056732326627049,2.094559748387955,1.071042462755937,7.916120952610709,0.0,3.902922732913026,0.0,0.0,0.0,8.278692500963741,0.8418238622930347,0.07396451497197463,0.8418238622930347,1.0459710092170724,0.0,4.171249082484768,1.732973038598842,0.0,0.8418238622930347,1.732973038598842,0.0,0.0,11.012439128695155
2.91498111469942,3.568396675816652,0.0,0.0,0.0,0.6290341190456229,0.0,3.3915024836253522,2.610654401633739,1.5116125256180146,6.966949460979511,0.0,4.615373075492519,0.0,0.0,0.0,8.356246148092445,2.008988142520545,5.326027821043969,2.6421844219973902,3.432782909084205,0.0,4.250140991135815,1.0880535791218904,0.0,3.2815790529816895,1.0880535791218904,0.0,0.0,8.585440000074572
3.345590899642732,4.225391193614573,0.0,0.0,0.0,2.87751927268545,0.0,4.339203835563316,3.0053693026680777,2.0280501939899205,6.734795799078026,0.0,5.043714127559318,0.0,0.0,0.0,7.839049150916362,2.216176781751944,3.5544843782626208,1.3142469725883388,1.449717793914802,0.0,2.3476986240371094,2.7645687216779273,0.0,3.8877569901746187,1.3142469725883388,0.0,0.0,10.923871362216023
2.211571079016107,4.00574943995753,0.0,0.0,0.0,1.4520213710680439,0.0,2.4006933915173154,3.517771431828252,3.0995231882666943,7.125819593352385,0.0,6.323876806495482,0.0,0.0,0.0,8.283491524169477,1.4520213710680439,3.464382307480547,3.0422387973071237,2.387898067100973,0.0,2.657831811242748,2.3050853390755894,0.0,1.4633260453655128,2.0409575123877506,0.0,0.0,9.422850868379502
1.2243614643500653,3.7519845019114824,0.0,0.0,0.0,0.3654755829040108,0.0,3.215769836632735,3.6083525372066503,1.654780219313996,9.335919493277515,0.0,5.312900047625973,0.0,0.0,0.0,0.3654755829040108,1.4683272466987825,5.716759062087802,1.4683272466987825,2.170355511645366,0.0,5.221522635854887,0.3654755829040108,0.0,4.740512004779714,2.848276522545987,0.0,0.0,10.86172695319551
1.392076357636174,2.5530398019804146,0.0,0.0,0.0,1.0260009616492896,0.0,1.434952868810536,4.611125949459835,2.5777302530663593,7.39328625664346,0.0,6.386523433530966,0.0,0.0,0.0,8.574238318934817,0.8525611265899938,4.1691900188863045,0.8525611265899938,2.822754670991355,0.0,3.0642452576610295,1.434952868810536,0.0,5.460987317150305,3.493609383322827,0.0,0.0,10.452425636443078
3.6413146898746094,4.247888076911578,0.0,0.0,0.0,2.4784237711582775,0.0,1.3171986219782221,4.031439270113025,0.5444419491455343,6.0672266262706165,0.0,5.282992144463259,0.0,0.0,0.0,8.009767371722331,0.5967438548546427,5.420996558609876,0.4347256890742977,1.7508325048646527,0.0,2.7167636453671866,1.3171986219782221,0.0,3.788096390614823,2.437897743136448,0.0,0.0,9.28504486146441
2.2905783334277965,3.031420195210795,0.0,0.0,0.0,2.7542128019085945,0.0,2.0667843093340403,5.918268091184583,3.1079913419714678,6.818260838551597,0.0,6.651280181087206,0.0,0.0,0.0,3.193176007644048,1.1704582127409509,4.792984451568809,3.193176007644048,2.8854496910831946,0.0,3.5054075936936284,2.379622508691978,0.0,5.12880537062131,4.420666306759618,0.0,0.0,9.751299708919714
3.050301213014341,4.602914316302031,0.0,0.0,0.0,4.156475034033003,0.0,2.9128505386171177,6.160856935964496,0.36634747651657573,6.636857802106293,0.0,6.755893315440324,0.0,0.0,0.0,3.461486424874412,1.623240615187489,5.909914749374946,3.461486424874412,1.5473536354536372,0.0,4.433697789266059,1.980455574528426,0.0,2.3000784779668133,4.063680554807718,0.0,0.0,0.36634747651657573
2.8764654843016215,4.255043131808293,0.0,0.0,0.0,1.594592263119149,0.0,5.092898088640649,3.15759552542069,1.678421306895404,6.509050876299583,0.0,5.744998441249848,0.0,0.0,0.0,2.629223266210044,3.15759552542069,3.892963363550286,2.629223266210044,1.932030989719763,0.0,2.6996057745756428,2.152962174201683,0.0,3.7934640789770304,1.837574664592291,0.0,0.0,10.051759645118096
4.413007523055779,4.93463317576348,0.0,0.0,0.0,2.4651973369636426,0.0,3.8477066324926636,4.348978415325201,2.0885078008742353,7.5796999771552125,0.0,6.18401535859637,0.0,0.0,0.0,2.3476248754074356,2.3866431248523305,5.478173649555908,2.3476248754074356,-0.34109250532734264,0.0,3.16925526931476,2.395287144314853,0.0,5.597803009410018,0.9586145263378205,0.0,0.0,9.642426499616272
3.7496359541571707,1.7355607387055254,0.0,0.0,0.0,1.5805005809972603,0.0,4.2275112701979705,1.55797985068086,3.496968814968486,6.9894620124328295,0.0,6.458568066722408,0.0,0.0,0.0,1.551146980353719,2.231771397125045,5.699096948560712,1.551146980353719,2.5637498677629313,0.0,3.255219992088292,3.8501230604761014,0.0,5.922543092619831,3.845358226858722,0.0,0.0,7.802569594174416
2.0002414664221293,4.921846923750791,0.0,0.0,0.0,2.3491471999864797,0.0,2.0660518874637495,0.02703233911747624,1.338237422335917,4.839858278252612,0.0,5.558393237389429,0.0,0.0,0.0,0.6906674730056397,3.2700626454235633,5.44023258277781,0.6906674730056397,0.02703233911747624,0.0,1.5498198587338092,4.121914913222205,0.0,5.2671247443802764,2.3565394319978226,0.0,0.0,9.929094655147596
2.6580434116769402,3.792872737942635,0.0,0.0,0.0,2.252998669982052,0.0,2.5140242930708556,6.108821570800597,1.503606495795257,7.446579321175446,0.0,2.1062771473470603,0.0,0.0,0.0,0.27798809690669823,3.4328091058839876,4.036704168776847,0.27798809690669823,1.4208847782679743,0.0,2.3293190866648263,3.8221029184406032,0.0,3.3530978448747057,1.5171720721939508,0.0,0.0,8.50163010407331
3.3706918537684913,3.656691824952256,0.0,0.0,0.0,3.448333175451533,0.0,3.788814991820721,2.12341579231718,1.2028918086901412,7.321410947903339,0.0,5.295189388850121,0.0,0.0,0.0,0.957456480048447,2.12341579231718,3.4097228339001893,0.8893484623289388,3.68644035741917,0.0,2.429705925935461,3.7024466090065373,0.0,3.0289361704049167,2.9660053941834734,0.0,0.0,10.810561381821607
3.3712104672647425,3.7998565044627934,0.0,0.0,0.0,2.893676360163044,0.0,3.770082459574396,8.295540933687297,2.020368224090043,6.772044381400897,0.0,4.638362348378647,0.0,0.0,0.0,1.530286947292414,1.2599310697839925,6.086679870108937,1.2599310697839925,1.2193023114392811,0.0,3.3772095978154706,3.574740928921769,0.0,4.721307338558713,3.272808094093082,0.0,0.0,9.847975281573635
1.63787963671165,3.6330765927705038,0.0,0.0,0.0,2.9566339636138435,0.0,4.208586970255121,3.2556490647125975,1.2221937633519218,10.465923760559427,0.0,6.451761545089223,0.0,0.0,0.0,1.857695669127492,1.4078021156423979,1.6228070626100248,3.2556490647125975,0.5156278814581451,0.0,3.0547421809627533,5.256283498135559,0.0,6.224697638306948,1.6228070626100248,0.0,0.0,2.296677776522352
4.24053982662462,5.319481120506601,0.0,0.0,0.0,2.9875580425942676,0.0,2.6368262459363336,2.5515484199022422,1.8971963171172728,5.480683824087543,0.0,5.977059625390713,0.0,0.0,0.0,2.3797345552468525,2.381211867915811,5.540093842507332,2.5515484199022422,2.2367809671032832,0.0,5.985691617347223,5.208374800661965,0.0,5.175393284284215,1.598284547494689,0.0,0.0,10.245579953280275
1.8291196425045961,4.308759489745273,0.0,0.0,0.0,4.170378789221821,0.0,3.7326604907600553,2.3046574287898682,1.1888634670161948,6.151246566490878,0.0,5.73187535629005,0.0,0.0,0.0,3.0853428376353897,2.099312195139351,2.3839793767913218,2.3046574287898682,1.8175248718491657,0.0,3.60092814850059,4.613987903503096,0.0,2.5404825259750896,0.43193265082930754,0.0,0.0,0.43193265082930754
2.8052426137477053,4.288100147243341,0.0,0.0,0.0,2.5409067261252014,0.0,1.7313102955941193,3.7416163025019746,1.165180372476969,7.182308415316051,0.0,4.300247351060035,0.0,0.0,0.0,3.213381944055036,2.8966207812679143,3.6434479835668316,1.7313102955941193,2.6981170675201707,0.0,2.522926507715791,2.6981170675201707,0.0,3.617216254237379,1.2977717058532392,0.0,0.0,9.79613337191061
3.8225036793009544,1.8449533902618296,0.0,0.0,0.0,5.341662176121309,0.0,0.8311538269710007,2.089430850583482,0.45738991944509716,7.245204876426922,0.0,7.066272566244087,0.0,0.0,0.0,3.907515667624258,2.924334348465,4.589224969054784,2.089430850583482,4.163291134950741,0.0,2.2234078506073187,1.4727828556087819,0.0,0.35713320541150323,1.8240603130088635,0.0,0.0,9.395217627175624
2.453110830378314,3.5298912316887248,0.0,0.0,0.0,4.238397857096185,0.0,3.0346562487033366,0.14211207467404868,0.1219041476013258,6.480310111389304,0.0,5.802292005624355,0.0,0.0,0.0,4.416086900836689,3.424032811538396,5.446817510622248,2.9550834367974645,1.9996200718233696,0.0,3.453773196107702,1.9996200718233696,0.0,3.6109043565956584,2.6748323979863207,0.0,0.0,11.057434860254176
2.175157678697342,2.774879348790427,0.0,0.0,0.0,1.167560299295327,0.0,3.8212404052147684,1.374400859899698,1.4238291229654976,5.9094195680067365,0.0,5.575687750000061,0.0,0.0,0.0,4.525136170435782,3.5703699714233212,5.312019158645385,1.374400859899698,1.7213874901470003,0.0,3.1305141224646142,1.7213874901470003,0.0,2.535748758687371,2.743216190789726,0.0,0.0,10.971350463251309
-0.12213853921242974,2.6916384838687994,0.0,0.0,0.0,4.692314176897608,0.0,2.122916808885444,0.8384960227638557,0.3914067870819417,8.063886692276698,0.0,3.861890524917069,0.0,0.0,0.0,4.3622364971956,3.259159725375209,0.6132657098018962,0.8384960227638557,1.0309889074279357,0.0,3.2852963153688846,1.0309889074279357,0.0,5.861624234290874,2.954296621545111,0.0,0.0,10.159355690464025
2.4683291795734483,5.822528575166062,0.0,0.0,0.0,3.527065962342726,0.0,1.0164642574991853,0.35974152765310297,0.4465638173395649,8.16675677932482,0.0,5.418521462487978,0.0,0.0,0.0,5.7546407159010355,0.383740077366346,5.821268616978003,0.35974152765310297,1.0117336456916972,0.0,3.398208307324716,1.0117336456916972,0.0,4.494389766719092,3.3447870657674774,0.0,0.0,9.678187126294116
3.8974146883838348,3.1285596909052615,0.0,0.0,0.0,1.439787716952508,0.0,6.079461591083749,4.831906471670645,3.1966537413957936,7.037950035259278,0.0,3.161053791623643,0.0,0.0,0.0,2.978905907628992,5.232315226366378,3.161053791623643,2.978905907628992,0.7075157277690276,0.0,3.167539964633728,0.7075157277690276,0.0,4.677132650689029,3.1062748543993335,0.0,0.0,4.831906471670645
3.212231521984146,2.9204982797800803,0.0,0.0,0.0,2.977204034933857,0.0,4.170358276082018,4.418865966601813,1.5042901953691021,7.729465952298318,0.0,3.861299016977054,0.0,0.0,0.0,2.192715206959729,3.9553999132838333,6.315901708553103,2.192715206959729,2.8770828685287695,0.0,3.176378263945789,0.9204419779722892,0.0,3.946899134843027,3.427214069655625,0.0,0.0,4.418865966601813
0.6151523748684928,1.0334751035746272,0.0,0.0,0.0,3.901521929516474,0.0,4.526610133045675,3.948912226924129,0.04980567230660429,2.798975613766411,0.0,4.913555356922222,0.0,0.0,0.0,1.3905103209978247,6.6870402244526455,3.4503561945000776,1.3905103209978247,2.2893726133035712,0.0,3.2684674441659194,0.6151523748684928,0.0,4.1964206928834225,0.04980567230660429,0.0,0.0,3.948912226924129
3.3839154084298393,1.863449576165451,0.0,0.0,0.0,2.8520640016906516,0.0,2.5334759704222822,2.220424891364218,3.2139060766333425,7.576807650839413,0.0,5.531722276174931,0.0,0.0,0.0,0.7133630024694132,6.665192269192507,1.863449576165451,0.7133630024694132,0.060787670758674126,0.0,2.3791937976368915,1.1281686422384305,0.0,4.253680349272652,1.8121972385256295,0.0,0.0,2.220424891364218
1.0764881610991646,2.0994318950953708,0.0,0.0,0.0,2.240287504445675,0.0,2.901878364650749,2.399879012430127,-0.31480992765727306,6.079830921258755,0.0,7.586618244667421,0.0,0.0,0.0,1.0712867917593183,6.972157267754645,5.374262795549136,2.240287504445675,1.120581807454486,0.0,3.2079113804965393,1.7072264581206906,0.0,1.0764881610991646,4.26598869573038,0.0,0.0,3.706807979363209
2.938160236748659,3.773469559459757,0.0,0.0,0.0,0.8137329518047403,0.0,2.4490591588349364,0.8137329518047403,3.174582109826945,-0.2807767862086499,0.0,4.931231281521882,0.0,0.0,0.0,1.4562851901155511,5.258662404350422,5.083401379262893,1.4459853012680892,-1.3623709908272335,0.0,1.4459853012680892,1.9981892325926296,0.0,2.274582109826945,2.35705125053639,0.0,0.0,4.801639301654161
2.873157912719919,3.8198603322911464,0.0,0.0,0.0,2.299654917583837,0.0,4.054569368433838,3.6333722175832484,2.0414871419259124,5.535774578128476,0.0,5.193227405547997,0.0,0.0,0.0,1.7623569923040945,7.414844779285056,5.766036305760192,0.3240364695759401,2.624906424622126,0.0,2.238913942513435,-0.18569025299299546,0.0,1.7414871419259126,2.887147820600216,0.0,0.0,4.472701610188531
3.690319335187951,2.1705811014206406,0.0,0.0,0.0,1.244731760660204,0.0,4.491234970870324,4.943946084745813,2.2926086438821973,2.1705811014206406,0.0,6.916961763523589,0.0,0.0,0.0,2.003308125033118,0.37220230828434,1.244731760660204,7.794729358662417,3.1490162517526485,0.0,0.6436927851069094,1.5569672829704488,0.0,1.3926086438821974,2.690303805150011,0.0,0.0,5.131981183472122
3.1679846895679535,4.1037736427667015,0.0,0.0,0.0,4.131888857565803,0.0,3.104064731685658,4.818273703110599,1.4479129063173235,6.101741872574055,0.0,3.961103800975221,0.0,0.0,0.0,2.477709018109454,8.98441127689808,3.8154580681346326,0.6287356281292034,1.4653871726419032,0.0,1.2650782434660948,1.6509972128347323,0.0,1.1479129063173237,3.144648014286177,0.0,0.0,1.0939042986672756
3.0324164264510998,3.70546487550019,0.0,0.0,0.0,4.9031674117069874,0.0,2.912335878389953,5.160178854354796,1.167140804967339,6.519369970399154,0.0,5.5767389551275635,0.0,0.0,0.0,2.326230536864047,3.6163541054738744,4.7844489038657265,3.6163541054738744,-0.06928556351655724,0.0,4.301014328342701,2.7252656664629304,0.0,0.5671408049673391,3.223764979342762,0.0,0.0,7.352011195984852
3.2002698794662026,-0.7756581130646218,0.0,0.0,0.0,4.021323018163289,0.0,3.475898768089504,6.868275481269556,1.3013895770356005,6.994448561733975,0.0,1.3747301588972685,0.0,0.0,0.0,3.851818998055585,2.9365186317367162,5.363121239699811,2.9365186317367162,3.683040345881375,0.0,1.3747301588972685,4.001994706593509,0.0,0.4013895770356005,2.087888740856197,0.0,0.0,5.75094391383063
3.2370610792237473,3.594730276040734,0.0,0.0,0.0,2.3618831644988876,0.0,3.251124292998246,0.12114423101379823,0.6811315478583322,6.314947689664429,0.0,4.157642896155273,0.0,0.0,0.0,3.770196774500461,3.1003811457524506,3.827915335634763,3.1003811457524506,-0.8227441548097651,0.0,1.5841592754564564,3.7699105004517888,0.0,0.08113154785833221,3.47268379119074,0.0,0.0,6.852073439961334
1.6233588794567817,4.636346831476894,0.0,0.0,0.0,3.3742844577039026,0.0,4.151893922785073,1.9679545192521846,-0.22597372472675736,2.233597960247125,0.0,2.233597960247125,0.0,0.0,0.0,3.7397049142026986,2.0995699939003423,1.9679545192521846,4.158225066500923,2.183602654717091,0.0,3.1691627968190175,4.101090884353397,0.0,0.48750084885666517,3.4627574560450913,0.0,0.0,8.084712078316839
2.895034263850259,5.6781155047490675,0.0,0.0,0.0,2.9627193588426484,0.0,4.848555814781947,5.95338724939833,2.9487385445647547,6.456474141307617,0.0,4.581438622388042,0.0,0.0,0.0,0.7864741605989976,2.245913938858561,3.3607727967361725,2.245913938858561,1.0357558765262742,0.0,2.9869674391239096,4.016074496555711,0.0,0.5787065356671702,3.3160412650746607,0.0,0.0,8.187225060617502
3.1227126384857335,3.2549776763344576,0.0,0.0,0.0,3.0848002321851418,0.0,4.258893257586925,3.5143617237740563,2.6787212689399555,8.745329708327745,0.0,5.729657216675772,0.0,0.0,0.0,4.268132486013725,3.5143617237740563,2.0585441769708948,0.249028370279922,2.3053872842863794,0.0,3.7895521837351502,3.566599541875515,0.0,0.249028370279922,3.3547087588119306,0.0,0.0,7.725644607876663
1.396919094844135,3.1290606209340126,0.0,0.0,0.0,2.674967080424486,0.0,2.6552724553321383,7.528310813884281,1.4810547270049177,7.089649007761746,0.0,6.0846022190081275,0.0,0.0,0.0,5.55600286220355,1.4850015673512507,3.013904308652528,1.4850015673512507,1.3572200785198185,0.0,1.63896578159341,1.396919094844135,0.0,0.42305725428611657,1.3703226519734604,0.0,0.0,10.360306818602222
3.4082693737888277,2.6033703279262603,0.0,0.0,0.0,4.606491966246341,0.0,3.9252603095352203,4.771746874029324,0.524895603984236,7.643253097687724,0.0,5.911865989647066,0.0,0.0,0.0,5.587828425310342,1.4322173513329892,5.35677099021934,2.152477099590509,2.9288839810140335,0.0,3.2087333563002423,2.491849115907127,0.0,0.6536931735980884,3.661563376501457,0.0,0.0,11.339917637249144
0.190722697431054,5.097342781272345,0.0,0.0,0.0,3.273228401949182,0.0,4.709316831407376,1.0324074590411267,2.018462625462588,6.891505917150406,0.0,5.939199248782701,0.0,0.0,0.0,5.953209166007072,1.320542702699001,0.190722697431054,1.320542702699001,2.1724736126658484,0.0,2.582534133596191,5.027111571659184,0.0,0.6539920528252677,2.6093610321120595,0.0,0.0,10.707298502294234
1.4601989267650028,1.5811670461231335,0.0,0.0,0.0,2.6121980344933218,0.0,2.7495231557705404,8.516831037315152,2.0363822319296285,7.774966945304438,0.0,6.3750437346681315,0.0,0.0,0.0,8.366113454941596,0.15169787786359148,1.4601989267650028,2.1604209166393247,3.6352159781488402,0.0,2.476542742404182,3.55672863002861,0.0,0.15169787786359148,2.546368386097701,0.0,0.0,9.98851235196599
1.4083056562418983,5.461440714286269,0.0,0.0,0.0,3.083658755917435,0.0,4.1815526230784785,7.798680042802537,3.5452278120595864,5.903591982979596,0.0,4.344315897495376,0.0,0.0,0.0,7.862761628431572,1.1043938153755588,5.760435719964118,1.1043938153755588,2.143126643541651,0.0,1.743222279384224,3.854040631248967,0.0,0.427219291523679,2.695361278973946,0.0,0.0,9.70693628948507
3.1733482084026274,2.4874178043186106,0.0,0.0,0.0,3.500104719337916,0.0,3.2703267647984062,8.545069619121692,2.144874339052933,6.4596850087310305,0.0,4.199268476164515,0.0,0.0,0.0,8.480146355697638,0.33388115204580016,4.938603652782762,0.33388115204580016,2.1271700611397715,0.0,2.3781566665822096,0.7822398956143926,0.0,0.7093257198807457,3.964819918722738,0.0,0.0,10.517669335501425
1.5216909974180801,2.8419183086186184,0.0,0.0,0.0,2.5481284154825286,0.0,4.295270737306462,8.232200813076123,2.3426976560260937,7.489123428217816,0.0,2.8419183086186184,0.0,0.0,0.0,8.48666101910688,0.283562147660143,4.650002608304949,0.283562147660143,2.518635482736493,0.0,4.1368091274745336,5.184683090945778,0.0,0.7138605917915242,3.2160076287522754,0.0,0.0,10.744859638827405
1.692007825750626,4.304858807530996,0.0,0.0,0.0,3.1408536298089658,0.0,2.7553876215189224,8.429775917594155,1.2736629105206059,7.112661093501368,0.0,5.227170693279376,0.0,0.0,0.0,7.287043358045574,0.2877187802087222,3.2106168733491436,0.2877187802087222,1.8235339951009495,0.0,3.8717514699916515,4.501786405196466,0.0,0.48444028274315987,1.692007825750626,0.0,0.0,8.603649144622583
3.500646029030477,3.5027331227023,0.0,0.0,0.0,3.3187175557250885,0.0,-1.1426011260553797,8.159021524580252,2.042783745081666,5.627346582100145,0.0,5.178307592454204,0.0,0.0,0.0,9.586891950939062,0.24073612258550905,5.3094060554669715,0.24073612258550905,1.654463435777446,0.0,3.9534604808071117,5.153026369761588,0.0,0.7775342110339961,1.466315377558039,0.0,0.0,10.409606590732649
1.963734337205685,2.9650612562201912,0.0,0.0,0.0,3.640994539177814,0.0,3.7227077114038156,4.598035736759928,0.8753493724205671,-0.0246506275794329,0.0,4.3063835823467125,0.0,0.0,0.0,4.598035736759928,0.17125713040831272,3.6545799921870272,0.17125713040831272,2.3121291738697605,0.0,2.6684139769561086,5.639235720857851,0.0,1.9822765593073937,1.8975438461899856,0.0,0.0,9.591674494325067
4.905072643967549,3.172740089077582,0.0,0.0,0.0,0.9393767443267045,0.0,4.269267305412663,9.016930909982095,0.9856132805734972,3.266015761683531,0.0,0.7815570600193439,0.0,0.0,0.0,3.620533697075423,0.7339454626029549,3.3789867364454347,3.620533697075423,2.622401390267655,0.0,4.190783829300904,1.5655442173994696,0.0,2.000376255087047,3.735762561514642,0.0,0.0,9.127244174494148
1.7980233983865845,2.6537587027539233,0.0,0.0,0.0,3.071325367963645,0.0,4.519875577932621,7.20330521242201,0.5881698255159651,6.902149318078823,0.0,5.755587340759251,0.0,0.0,0.0,-0.011830174484034894,1.1852943840400338,4.712171638941571,6.254280636006882,0.7039844509774139,0.0,2.6052562295899193,0.3165615671314087,0.0,2.226850850038161,0.10530006929375169,0.0,0.0,0.7039844509774139
2.048671118417076,4.085044167712324,0.0,0.0,0.0,3.5129055667455766,0.0,3.8964037328863568,2.382398758212135,0.0,8.27862908057853,0.0,6.047789850196168,0.0,0.0,0.0,3.3596560142308514,1.5043642643829014,2.382398758212135,3.3596560142308514,2.0853047337692314,0.0,2.1509913700057375,3.380935824450747,0.0,2.3544599743428534,-0.4758454950298159,0.0,0.0,10.260364600059098
1.6710130167347519,1.9825739776680118,0.0,0.0,0.0,3.840742926937676,0.0,3.707741030081322,9.548248387396594,0.0,5.834789462024937,0.0,6.276469209133246,0.0,0.0,0.0,3.4824110735069764,1.5371257751024525,2.776740812096549,3.4824110735069764,2.107519518855688,0.0,3.4567467892684673,2.1350075293219386,0.0,0.854403858059455,1.6588072380528254,0.0,0.0,10.208806741958417
1.4381642089784303,1.8052052537719996,0.0,0.0,0.0,1.4381642089784303,0.0,4.22527270651601,8.684720939701666,0.0,6.307298509529699,0.0,5.009430809219808,0.0,0.0,0.0,2.6597762243968495,2.1976787812576752,4.372686384098433,2.6597762243968495,2.5222254786023255,0.0,3.817068361127664,5.421007060921388,0.0,2.037478840419236,3.250768846155623,0.0,0.0,9.628200077873403
1.9493762890483357,1.587004884013581,0.0,0.0,0.0,4.082246707263878,0.0,3.2189768935897334,7.794113870900592,0.0,7.359833503100114,0.0,1.364699835430592,0.0,0.0,0.0,1.31934238084272,3.70427885131972,3.018919334172468,1.31934238084272,1.587004884013581,0.0,2.803380508842608,4.772601386652778,0.0,2.8969903483820243,3.0330302844526256,0.0,0.0,10.417939246049034
2.709648719540958,3.235392569992795,0.0,0.0,0.0,4.000473756540421,0.0,3.118736424081758,8.029470768852388,0.0,7.180269465389523,0.0,6.833310467052066,0.0,0.0,0.0,1.1777592029334518,3.3788518817186226,5.5851421525452425,1.1777592029334518,1.834206864969761,0.0,2.5307004271633806,5.171841471079646,0.0,3.1751209884855416,0.8693870785846023,0.0,0.0,2.946550094294649
1.6014878091021854,3.7061862600586784,0.0,0.0,0.0,3.566375896403074,0.0,6.353638331426906,8.307309384401814,0.0,1.5225361253389396,0.0,5.421284606566975,0.0,0.0,0.0,1.3310356386565205,3.4663386894415593,1.6014878091021854,5.4705471570978155,2.7873259367866896,0.0,3.941257309145832,1.6014878091021854,0.0,2.3586049722190086,0.9226719555329759,0.0,0.0,5.4705471570978155
1.6376904687455338,4.018320268246718,0.0,0.0,0.0,3.2908398953902056,0.0,3.3671454552601285,9.834824260397225,0.0,7.999686391168647,0.0,2.2745183741858908,0.0,0.0,0.0,0.5996434389543605,3.931530314849599,2.2745183741858908,0.5996434389543605,3.1106622370085577,0.0,0.48762498589355857,0.48762498589355857,0.0,4.350441421901054,0.48762498589355857,0.0,0.0,3.931530314849599
1.6144533563734607,3.9831439839757388,0.0,0.0,0.0,4.095030967707802,0.0,2.6634463088541427,9.49075630371467,0.0,5.8331153837870495,0.0,4.311604279749144,0.0,0.0,0.0,0.2807179419494167,3.7713521162059047,3.7149499964055215,0.2807179419494167,1.5918899425009516,0.0,2.545347786033512,5.311503190773791,0.0,2.895145271848605,3.2846080335048646,0.0,0.0,6.687790781866735
2.7483507916867675,3.5549921920320635,0.0,0.0,0.0,4.211570450504467,0.0,3.4552460934202385,5.021406814240868,0.0,6.8850607467038545,0.0,5.377549369063532,0.0,0.0,0.0,0.27539906874376974,2.6832823182497156,5.021406814240868,0.27539906874376974,3.5383207686476057,0.0,2.072591344069703,5.507214401591924,0.0,2.8016435742368766,2.6006781094144324,0.0,0.0,7.801524720329304
5.0727583668895,3.3991394120794696,0.0,0.0,0.0,3.034605327924269,0.0,5.536086722924707,5.8121458827766475,0.0,6.878961137162309,0.0,4.075062737243594,0.0,0.0,0.0,1.039478729272107,4.795520767294235,4.047568818981889,0.702732211628403,0.19179615886410792,0.0,1.039478729272107,4.117590871880977,0.0,3.847741842194572,0.7920863079914635,0.0,0.0,0.13828818903428972
3.3385695510949223,2.7935006806284184,0.0,0.0,0.0,1.729868612569517,0.0,3.5003829894751517,7.994730354210154,0.0,3.3385695510949223,0.0,6.097720698266347,0.0,0.0,0.0,1.394657560801772,5.781187087162329,5.009967256848371,0.4020608755009165,1.4728384408601454,0.0,3.068189010808805,5.413201170905437,0.0,1.5014676840862997,2.0583751167743745,0.0,0.0,1.729868612569517
0.9769259212998826,3.972625252116755,0.0,0.0,0.0,0.6998235599712072,0.0,2.430546219108754,8.286514319947578,0.0,5.385169768885717,0.0,1.9233069714772983,0.0,0.0,0.0,0.5440149004416205,7.361995726695129,2.102326409720518,0.5440149004416205,0.6998235599712072,0.0,1.9233069714772983,4.402098442976816,0.0,4.367388746871004,2.0498833885242904,0.0,0.0,8.993809539623781
2.001827269141248,4.173768183481446,0.0,0.0,0.0,1.267952646168678,0.0,3.5771677539859854,3.5614450124980626,0.0,6.576861306132818,0.0,3.4844805786110613,0.0,0.0,0.0,0.652991918743481,6.15226538797931,4.822809622116851,3.5614450124980626,1.237471829492707,0.0,2.565726222535593,5.0459798402775515,0.0,4.368965871127047,0.7959592734985272,0.0,0.0,8.782271976495357
1.5286873769924176,4.761384510824705,0.0,0.0,0.0,3.3184100860342465,0.0,3.0174061639826184,3.882048006484483,0.0,5.179093500567682,0.0,5.311302738670923,0.0,0.0,0.0,1.3328699422948347,6.685800136696572,4.144181696456091,3.882048006484483,1.0949315624211615,0.0,4.241984551847037,6.392543934423204,0.0,5.64096318127876,2.2956643292339334,0.0,0.0,12.049302348917553
3.1583984990961156,3.8732616769294568,0.0,0.0,0.0,3.1561469484348432,0.0,4.483164012679495,1.7918957573405871,0.0,6.170346972609113,0.0,5.85066460325536,0.0,0.0,0.0,0.7003816655615275,5.880604492357655,5.075129586272921,1.7918957573405871,4.236375213790792,0.0,1.7918957573405871,6.3655436008961725,0.0,3.9834366066785485,1.8059062240470438,0.0,0.0,0.7003816655615275
2.9221036227220476,4.687585067052473,0.0,0.0,0.0,3.2205252160023523,0.0,5.967737376800533,2.656744633011346,0.0,6.978897248782994,0.0,5.4034764796374,0.0,0.0,0.0,0.7578499180946446,7.760306633339711,4.903222573020361,2.656744633011346,3.444199354805301,0.0,2.9073948838157784,4.366037831706832,0.0,5.354421086551823,3.0614324805892394,0.0,0.0,9.533059562826715
0.8527327612444564,3.5248232703401814,0.0,0.0,0.0,5.619352294772936,0.0,3.009318904337414,1.9319738823927781,0.0,7.17789673195509,0.0,6.431010248546361,0.0,0.0,0.0,1.2346558282329643,7.5580934836285145,3.8075948523312446,1.9319738823927781,3.135388744352257,0.0,3.6411772662254513,6.06921644219911,0.0,4.171270675204548,2.8955098194933555,0.0,0.0,11.427832319408862
2.975786264315652,4.080512160833232,0.0,0.0,0.0,2.3630798226035243,0.0,3.886140226691483,0.7383554071963319,0.0,7.892048952886079,0.0,4.805706345038779,0.0,0.0,0.0,1.6531433678365042,5.955397362320225,4.9060528579959035,0.7383554071963319,1.9802418389520422,0.0,2.150003881315279,5.02807695205275,0.0,5.2026395865593225,2.0633829293251535,0.0,0.0,9.149812360557531
3.036282485769441,3.679329018400097,0.0,0.0,0.0,4.343988029231081,0.0,5.052758091696085,0.99850336856854,0.0,7.516061583789831,0.0,3.4000497125629225,0.0,0.0,0.0,2.549792003180597,7.271346090260393,4.358661972484385,1.318783641216537,3.55102882382337,0.0,1.318783641216537,6.0661739137067165,0.0,3.9498159098129277,1.4624231834313202,0.0,0.0,10.029255478733726
3.514917177677323,3.7521266271861453,0.0,0.0,0.0,1.0399732867808884,0.0,3.8470053615531006,0.4587653860011992,0.0,6.64537230284359,0.0,5.601300976686901,0.0,0.0,0.0,2.6961588494814923,7.3549600596121945,5.491934462460874,0.4587653860011992,1.0399732867808884,0.0,3.662244978680303,2.3668320724077256,0.0,2.9764204046209004,3.935859858230009,0.0,0.0,12.338558906342799
2.5707086373789845,5.337995029964921,0.0,0.0,0.0,4.854278545034685,0.0,0.5917001757162934,0.27135939154683975,0.0,7.623918535780215,0.0,5.275707132724544,0.0,0.0,0.0,3.14170787944517,6.783994883924884,3.878249394402376,0.27135939154683975,1.317348312039398,0.0,3.1755116581006018,4.850683010685384,0.0,4.260502512275254,3.456775828072832,0.0,0.0,10.276488630938045
2.5172488632587147,5.337132745317029,0.0,0.0,0.0,2.853819822178215,0.0,4.019609761939214,1.732614344365004,0.0,6.409158391134536,0.0,5.8364353864580325,0.0,0.0,0.0,1.732614344365004,3.8874531121603435,4.5912413664725245,3.8874531121603435,0.9547169362396415,0.0,1.4177961970466761,4.617936851915702,0.0,4.189103855018468,2.125449572276055,0.0,0.0,10.646918990705197
2.9106390562330966,3.144591295657491,0.0,0.0,0.0,4.293334883451325,0.0,3.8645971687336007,1.9551385132791488,0.0,8.503899623033124,0.0,2.259877683619553,0.0,0.0,0.0,1.7532895221239206,2.259877683619553,1.9551385132791488,0.49626283459156373,0.49626283459156373,0.0,1.9967246223520863,1.4423275371666135,0.0,3.520165254168712,1.4423275371666135,0.0,0.0,9.799101881342294
2.800266002613917,4.292109249212259,0.0,0.0,0.0,2.5794530410134513,0.0,3.932319944609645,1.6923989128252008,0.0,8.165439533881479,0.0,5.185960598850941,0.0,0.0,0.0,2.480109268926907,2.632917072437871,1.3546760894856478,2.632917072437871,0.9445709656554907,0.0,4.8144059696027295,5.579659557187702,0.0,4.606501821738621,3.509819968780997,0.0,0.0,9.368400091782092
2.314447100705572,4.356964414649223,0.0,0.0,0.0,3.478677034703552,0.0,2.897574926522888,2.1516970419359267,0.0,4.884794028048946,0.0,5.637686729467976,0.0,0.0,0.0,2.5904067176985155,1.9396953797340606,4.227035168257485,1.9396953797340606,0.8456912750011462,0.0,2.45831183851209,5.743404910637028,0.0,5.849561454438412,3.9529426505078322,0.0,0.0,8.676899477234429
3.162573494596743,4.387368612393645,0.0,0.0,0.0,3.03123313315246,0.0,3.1361918354953713,2.562896549853206,0.0,3.0912253500957996,0.0,4.758000170094989,0.0,0.0,0.0,3.4651036869694325,2.4346650627648097,3.5528131563273404,2.4346650627648097,1.5560723184239809,0.0,3.8653056939172594,4.951205333252164,0.0,4.951221452343499,0.1991453545373247,0.0,0.0,10.485304008618089
1.4653902277395137,1.4561875004592844,0.0,0.0,0.0,2.898037270053887,0.0,3.382538662077419,2.3889613988442444,0.0,7.077646433706568,0.0,5.943788874736554,0.0,0.0,0.0,3.4490783424308122,1.4538069214887148,3.4505024107477684,1.4538069214887148,1.1078193770050084,0.0,4.816520584757479,4.630962867266863,0.0,5.070791313404347,3.901000049660727,0.0,0.0,1.4561875004592844
2.7828100957529154,3.098638531985554,0.0,0.0,0.0,3.518538424594145,0.0,2.9789601113367334,3.112239449839746,0.0,5.9470387903964905,0.0,2.7828100957529154,0.0,0.0,0.0,4.700829484082909,1.167408679492133,0.8739308182462976,1.167408679492133,3.7901995057308637,0.0,4.311826615957215,4.412106079792375,0.0,3.467352207653771,2.700841713785172,0.0,0.0,1.9990925809070186
2.5599561438644245,4.903119094522157,0.0,0.0,0.0,3.4040173997983896,0.0,1.7505675327874368,3.547044200533569,0.0,6.499301473685038,0.0,2.5599561438644245,0.0,0.0,0.0,4.051663450605511,0.44816588594209883,4.525424082101007,0.44816588594209883,2.3520647558212575,0.0,4.619710331674018,6.079905918749243,0.0,3.1891066377661454,1.7505675327874368,0.0,0.0,10.881320780056617
4.650367158346995,5.106702635570859,0.0,0.0,0.0,4.312086871307184,0.0,2.589746861442786,3.7682127176992815,0.0,2.5466524236719255,0.0,1.5783124220059972,0.0,0.0,0.0,4.9228045207802005,0.8464012426915195,4.4733507733974225,2.5466524236719255,2.524231769091086,0.0,2.2530601111735282,6.866151284112289,0.0,4.898726547124583,2.8862958084630383,0.0,0.0,9.019435123301342
3.5857623613916036,4.96825278670024,0.0,0.0,0.0,2.532567283924138,0.0,4.080096153171232,4.458570635776376,0.0,4.824338965609326,0.0,-0.02208031557938252,0.0,0.0,0.0,2.6847363218844063,0.9782319399950191,5.12862990252378,2.6847363218844063,1.6995168814502697,0.0,2.9274437404079294,6.02521869538716,0.0,5.514305901904484,1.7284722728839517,0.0,0.0,10.543272658894367
2.7151145063156688,1.066330404052177,0.0,0.0,0.0,2.8676447858315592,0.0,3.382453674269544,4.1887243542745285,0.0,7.556591354706369,0.0,2.7151145063156688,0.0,0.0,0.0,2.0450211293848755,1.7423184085025163,2.723805179565791,2.0450211293848755,2.2913090393177495,0.0,2.039283027392824,3.2223841622862306,0.0,4.474467994412695,3.400085454140402,0.0,0.0,9.24997738615313
1.7124458141074363,4.672885293120687,0.0,0.0,0.0,3.016331162475192,0.0,3.447180215093539,6.071668769362425,0.0,4.7924406059353695,0.0,1.7124458141074363,0.0,0.0,0.0,1.0679080054380592,1.8597777134285334,4.874391394927501,1.0679080054380592,2.181332513897852,0.0,1.0662874014733343,5.072499586512669,0.0,3.339746796041515,1.057492327315322,0.0,0.0,10.557532351411018
1.001348118713025,4.373764267525717,0.0,0.0,0.0,4.271437524933286,0.0,3.1771402465068483,5.414095035268872,0.0,5.499486694502083,0.0,1.001348118713025,0.0,0.0,0.0,1.7499485858762505,1.9404374411944456,4.558997616035698,1.1679580258119988,2.1915903608009555,0.0,2.230596762296712,5.0264721881210255,0.0,4.017697987888479,3.5285621377347076,0.0,0.0,10.849338468359477
0.861233862137668,3.016008781853307,0.0,0.0,0.0,2.913443373415059,0.0,4.900972721419139,3.3042732787129583,0.0,7.5724971229927105,0.0,0.861233862137668,0.0,0.0,0.0,1.8738332355440928,2.0030614007589733,4.674981167588669,3.004651447400765,3.7374626959765136,0.0,2.0030614007589733,5.252212505368007,0.0,4.248127747986919,3.3042732787129583,0.0,0.0,0.7447786588333047
2.700971974340622,3.3343295803958957,0.0,0.0,0.0,3.751652495552091,0.0,4.968151521876379,5.770429606355847,0.0,6.998213517511619,0.0,1.2127084781035666,0.0,0.0,0.0,2.433652051904607,1.7364255646709725,5.199455468600074,1.7364255646709725,1.5538636278451445,0.0,2.586038230315649,7.392281796866675,0.0,3.6792122084689107,3.4037794397583725,0.0,0.0,9.406878557590218
1.9453309623204318,2.3052631943303203,0.0,0.0,0.0,4.908395621077636,0.0,3.4989283652863423,6.0859200724592135,0.0,7.007052507816686,0.0,1.6998135593516184,0.0,0.0,0.0,2.4154436403262305,0.5826142233840286,5.101365811242555,0.5826142233840286,0.4535475738252947,0.0,2.472769075181426,2.3052631943303203,0.0,3.8074623515714467,2.468677236533725,0.0,0.0,10.120515611746434
4.162075308418391,0.036154129672293464,0.0,0.0,0.0,0.893134587446919,0.0,1.9416415459015879,5.890006835183216,0.0,7.301810760624442,0.0,1.4568293265536794,0.0,0.0,0.0,1.3855599990437897,0.7873089171791777,4.519981131745318,1.3855599990437897,2.2344146542371943,0.0,3.802994474517161,5.560886928122179,0.0,2.416881523919562,1.7601029993103103,0.0,0.0,11.497690258912735
3.5285160979835473,3.6311817110839177,0.0,0.0,0.0,5.03646011925537,0.0,2.9880336804007195,7.483325899453887,0.0,5.490441387407276,0.0,2.158651851118869,0.0,0.0,0.0,0.10658029140720426,1.3634099632490502,3.2374573250357166,2.576547101827833,1.7138874002198348,0.0,3.508027782489655,4.0505577749201676,0.0,4.336043182752869,3.7141712676954928,0.0,0.0,11.085617861496932
2.401640657148315,3.913583145035205,0.0,0.0,0.0,5.1539245479412585,0.0,3.0373979185210183,6.663956902098249,0.0,1.0849178863966862,0.0,2.615578606543565,0.0,0.0,0.0,1.9321579743504584,1.6008872190324135,5.658654777343932,2.5532069605092036,1.6041221114687039,0.0,1.0849178863966862,4.0204772267819715,0.0,0.5050660636531027,3.775842865933099,0.0,0.0,8.808210585338696
1.5567259124769444,4.196925887076064,0.0,0.0,0.0,5.292377061948619,0.0,2.0782308724820076,6.433021780637411,0.0,0.9547819809400725,0.0,2.676742119485336,0.0,0.0,0.0,3.1978723395489292,2.184932758193354,2.0782308724820076,1.5567259124769444,2.035328187588157,0.0,0.9547819809400725,5.358032968530315,0.0,5.1306795654462825,2.8825462572910223,0.0,0.0,10.978511720026939
2.14075318172584,4.0897206048836185,0.0,0.0,0.0,-0.03981399463396118,0.0,1.8442210679454816,8.590627578761609,0.0,6.782806768985119,0.0,3.5608748665605554,0.0,0.0,0.0,3.43232716811698,2.2870549212989437,4.410339063397577,3.0366652174484567,3.0441514743331566,0.0,2.094182488899957,4.061741662882791,0.0,3.6281313621970352,1.6167709615089665,0.0,0.0,10.759847802175118
2.158955450839158,4.419702230847538,0.0,0.0,0.0,1.4433360537742308,0.0,4.925687902697878,7.474937941249683,0.0,6.983753757629269,0.0,3.7305838830019082,0.0,0.0,0.0,1.4433360537742308,2.784125399270983,5.254135645746027,0.9923074523818737,1.6875351715622189,0.0,2.023321983429254,3.595267315173907,0.0,5.1807729006847,2.5775547549654294,0.0,0.0,5.1807729006847
1.5915504388973325,3.7137056699297615,0.0,0.0,0.0,1.6929050878548908,0.0,3.109921925940017,8.688300234041366,0.0,1.6929050878548908,0.0,4.067221376977392,0.0,0.0,0.0,2.5646664686066942,2.991991137727941,2.961990244811756,2.056325098929904,2.5537281019246003,0.0,2.9542208136116135,5.791876355406349,0.0,6.156900709873927,2.5643781560754575,0.0,0.0,8.697655685077113
3.3266178511309707,3.912273606049102,0.0,0.0,0.0,3.216336433873076,0.0,3.2129082732359637,8.807276718236139,0.0,2.7176607650327083,0.0,3.7612462861493183,0.0,0.0,0.0,2.4394787476496327,3.315094668822013,2.7176607650327083,0.7203225751424034,1.821598045343555,0.0,2.0155880794910996,4.460540365354961,0.0,4.280573258030217,2.563784209804579,0.0,0.0,7.879767577120169
2.764718642339321,4.664945783289035,0.0,0.0,0.0,1.0792478852927105,0.0,3.345855556525604,4.520706479433437,0.0,7.246795361331155,0.0,3.934828706890719,0.0,0.0,0.0,3.3427974817031085,3.9570111844973304,2.019540025999504,4.520706479433437,4.37331229084109,0.0,2.5396847011761015,5.705429040464374,0.0,3.7673475178365496,2.5898661963467315,0.0,0.0,2.019540025999504
2.3277518788851146,3.222893120210205,0.0,0.0,0.0,3.191486099175371,0.0,5.12952359806043,3.0993789674427346,0.0,6.495494774713157,0.0,4.354751138753852,0.0,0.0,0.0,4.170071330341132,5.218761287406575,3.8228214347465186,3.0993789674427346,1.601942924393518,0.0,2.7921679708206404,5.9734180754821,0.0,3.689051776977816,2.080877699630462,0.0,0.0,9.727069284278443
2.6021587948817917,4.521866922556297,0.0,0.0,0.0,1.2367352351806766,0.0,3.4048360870281633,3.123619638088182,0.0,6.107675733641296,0.0,5.034600095641074,0.0,0.0,0.0,3.8351453442602548,3.8450460204562233,0.05350162340126728,3.123619638088182,3.3450757391029895,0.0,2.5562436994363287,4.6316007997376545,0.0,4.31342226691287,2.8784456261788396,0.0,0.0,9.372973557726912
2.4369126008076285,2.657496823888619,0.0,0.0,0.0,3.2043101856927083,0.0,3.4775402691616937,2.182178384281989,0.0,5.490406012284534,0.0,4.400973762886956,0.0,0.0,0.0,4.8885303787153305,3.71009929851662,3.113963594727124,2.182178384281989,1.1254472412794174,0.0,4.120887798158317,0.9577366271765249,0.0,4.957446790699213,2.8292991536781806,0.0,0.0,10.915276031702895
1.9785213357436027,2.2722085603846156,0.0,0.0,0.0,2.6360170945011556,0.0,1.598938068122166,-0.6218094416933582,0.0,6.9941945786444375,0.0,1.6524256551509797,0.0,0.0,0.0,4.941032600274066,5.272702111891528,2.2722085603846156,3.4550035833748076,2.0201127208079734,0.0,2.731655522563582,2.731655522563582,0.0,4.751866654526493,1.598938068122166,0.0,0.0,9.959142040132784
3.6393245260045903,5.916680044940982,0.0,0.0,0.0,4.543629802466729,0.0,3.0458194881303515,1.7250166862463097,0.0,6.241515367415618,0.0,6.124332459474989,0.0,0.0,0.0,4.77878665128097,6.148418672878663,3.813303807080445,1.7250166862463097,0.3811470978775997,0.0,4.070262149847288,4.590111813873582,0.0,2.632388024753325,2.1615943343886825,0.0,0.0,10.223763809732919
2.553584250610382,3.847902189240156,0.0,0.0,0.0,2.4975501466742593,0.0,3.6561104176302286,3.192820557217798,0.0,7.706714034689469,0.0,2.4461655315286195,0.0,0.0,0.0,2.4975501466742593,5.0550118807528746,4.290271073941715,1.9498544790381724,0.5348235820458779,0.0,0.5348235820458779,4.412140069993074,0.0,3.857138031021957,3.3723143642128828,0.0,0.0,9.569420244100247
4.183135901399746,2.6998300930152443,0.0,0.0,0.0,4.3927836809757785,0.0,3.4430108249133946,3.67970226866325,0.0,6.461501865455908,0.0,5.1509423018112,0.0,0.0,0.0,3.9902605495399284,6.725273561746515,3.642107094389138,0.9533831144788247,3.4876874132409377,0.0,0.16770798722777358,6.1161805479885825,0.0,3.687800921714003,3.959135738447456,0.0,0.0,10.349087628825046
5.302987436024558,5.377642768836776,0.0,0.0,0.0,3.5609270347062165,0.0,1.7825736041392033,1.514456299705131,0.0,6.576625211372934,0.0,7.077692301733257,0.0,0.0,0.0,4.004570434487575,6.1878650109062425,3.4889885552259274,1.514456299705131,1.625703401163526,0.0,4.029862848614751,4.59765216006469,0.0,5.139295333643622,4.28736974332062,0.0,0.0,11.076890633942412
1.6458232257663217,3.985374317757916,0.0,0.0,0.0,4.087999788027385,0.0,1.6458232257663217,0.8376203195690037,0.0,1.9919044066002456,0.0,4.614567267127784,0.0,0.0,0.0,1.9919044066002456,1.9919044066002456,4.55404034702777,0.8376203195690037,2.6540644569629808,0.0,2.5986184707222977,2.4233703477689668,0.0,3.8436218325829543,2.771918751303221,0.0,0.0,11.281380686084912
0.49465234041590905,3.722811835107149,0.0,0.0,0.0,3.3252082460364276,0.0,0.49465234041590905,0.7941735169491027,0.0,5.429816610678337,0.0,6.386180553693112,0.0,0.0,0.0,6.491287888720386,7.3282806151856805,5.31528402362473,0.49465234041590905,1.9021315252026452,0.0,2.982318807595286,3.1130069150556547,0.0,6.264731319981209,4.208310600830201,0.0,0.0,8.336971333445268
3.360956522048066,3.0941601874850204,0.0,0.0,0.0,2.76486606937043,0.0,2.0287894436013203,0.5965612411282363,0.0,4.045832721671394,0.0,2.76486606937043,0.0,0.0,0.0,6.150008149397132,6.404501515550014,2.8110462830209593,0.5965612411282363,1.1521542213705893,0.0,5.859018976263547,6.1793675854598895,0.0,5.718512748291593,3.4134205117959535,0.0,0.0,10.229849030479134
3.7191349235805236,4.21574779952815,0.0,0.0,0.0,3.0055291925808447,0.0,1.288721441614967,0.30898424598885543,0.0,2.7510314588281117,0.0,4.775446690503812,0.0,0.0,0.0,7.13366093759539,-0.581194598609591,4.481665144333987,0.30898424598885543,3.028528178440354,0.0,4.051515961846749,1.288721441614967,0.0,3.394231409787804,1.4816622429440545,0.0,0.0,9.450115387399332
2.057509597871602,4.433369256048684,0.0,0.0,0.0,4.914276800526251,0.0,1.1296219253556579,0.28919866828837504,0.0,4.819024767094587,0.0,6.8189392100701705,0.0,0.0,0.0,8.483453280809831,6.849774090864439,5.330705327769995,0.28919866828837504,2.252900663668674,0.0,2.710719872771925,4.464714328483469,0.0,5.037037405082035,2.2104797289742306,0.0,0.0,-0.7966718099209702
2.1187772635203856,4.059303982217546,0.0,0.0,0.0,2.02488335524115,0.0,1.4270433871657944,0.2506501721393206,0.0,7.099038516808106,0.0,1.0725807253061799,0.0,0.0,0.0,3.9014692099974337,7.907064236169648,3.764585598629452,3.9014692099974337,2.12011952573918,0.0,3.8245880657729576,0.2506501721393206,0.0,1.2216189203290566,2.9027446179075516,0.0,0.0,10.338443140096478
3.4596422207023143,4.273332064356144,0.0,0.0,0.0,1.736419558524363,0.0,2.940163147181134,0.957623255688733,0.0,5.9473822554497024,0.0,7.672358395559787,0.0,0.0,0.0,3.0099888744339536,6.588952364059135,1.9761076227566243,3.0099888744339536,1.3049434620742173,0.0,3.327070907355888,6.455915200980477,0.0,3.902170198028117,0.30063350641248343,0.0,0.0,10.885415580430843
3.119622464632725,4.964062398394986,0.0,0.0,0.0,0.7899484633692064,0.0,2.3524515707930687,1.5298275329005688,0.0,7.934863610872352,0.0,4.345858471397574,0.0,0.0,0.0,2.7561230188920756,1.934483353817897,9.965177346784184,2.7561230188920756,3.2491007613284997,0.0,2.816372259425242,1.934483353817897,0.0,3.9765179066350482,2.1069800013507205,0.0,0.0,3.8929505284917183
2.6746600864400008,4.797491645185365,0.0,0.0,0.0,2.119147326273267,0.0,4.184260541741407,2.0972623794924394,0.0,3.8138599699130697,0.0,3.8138599699130697,0.0,0.0,0.0,1.8739299408233308,7.256310629093711,4.1419720319540945,1.8739299408233308,3.537823868806389,0.0,2.364035750918536,5.551497111330592,0.0,6.111460291092728,1.1136424275583368,0.0,0.0,9.908090570737514
3.3997650969557274,3.6222933021908545,0.0,0.0,0.0,2.3746687449902812,0.0,2.8152061141785336,1.997469277019674,0.0,5.362548427489407,0.0,6.195773477102998,0.0,0.0,0.0,1.1105889777824278,8.22266360690499,6.1019944238382635,1.1105889777824278,2.8827581373284135,0.0,1.6886079563294516,3.7439284815955713,0.0,5.038495252722825,2.2872616355162334,0.0,0.0,9.256335988936785
1.2397110867416674,2.8628277264247237,0.0,0.0,0.0,3.5059087918882104,0.0,4.332533685537668,2.5692538304017147,0.0,7.285743286214923,0.0,6.549804097876638,0.0,0.0,0.0,0.4276250814908725,8.274512598052878,2.870209229977044,0.4276250814908725,0.4206380136535537,0.0,2.523142901961712,5.205647304628006,0.0,3.954390251115956,2.9466973225083057,0.0,0.0,8.53374926152678
1.8747511125474299,3.5729158508890633,0.0,0.0,0.0,3.549232842216322,0.0,0.8995526867481028,3.1429274257490976,0.0,6.816184173599506,0.0,5.320782137838075,0.0,0.0,0.0,0.30172988842193427,6.616930330048424,4.5934196788648025,0.30172988842193427,1.4359836321716155,0.0,2.824389539354937,1.8747511125474299,0.0,4.8827301243862635,2.779092127916441,0.0,0.0,9.864716079931778
3.49950485772058,6.059503081761449,0.0,0.0,0.0,3.7189826414832057,0.0,3.3492502592829707,3.519798527711183,0.0,8.674027151307072,0.0,5.4777132797126376,0.0,0.0,0.0,0.9643750414071619,8.287798023350494,3.49018180629115,2.342167673658696,1.5644344357479978,0.0,3.8448089959494838,4.547364285404109,0.0,3.7523708345435787,4.169988127771149,0.0,0.0,9.445894970657505
1.7639229219772998,6.093005324126093,0.0,0.0,0.0,1.869227543177765,0.0,5.434425716591914,4.512594763576872,0.0,6.687512364155653,0.0,5.667035363532934,0.0,0.0,0.0,0.4440379717984184,6.172562134064293,3.976307419752256,2.756874528431942,0.4440379717984184,0.0,3.8388313136534187,4.617525486799234,0.0,4.426039153311796,1.869227543177765,0.0,0.0,10.026318481852242
3.056194470433183,3.646804810150932,0.0,0.0,0.0,1.5613529362909657,0.0,2.380687481073878,3.968171603643558,0.0,6.170913251371036,0.0,7.631927643941877,0.0,0.0,0.0,0.9863647061356676,7.086192087123179,5.609838242023619,2.606732335765727,1.7491312892769102,0.0,4.130994721190008,1.5613529362909657,0.0,4.272335234905872,2.2055764984656636,0.0,0.0,0.01024066864595517
2.8872605999985046,3.957480186668879,0.0,0.0,0.0,2.7098530613061227,0.0,3.5259480809062267,5.145273253902479,0.0,7.219860843658992,0.0,4.40204141702037,0.0,0.0,0.0,1.1811253142074487,7.830654473087589,2.8470530355006654,2.9338128467878515,0.9964671287467468,0.0,2.633450803067126,4.590276355991976,0.0,2.8470530355006654,2.661110088635717,0.0,0.0,8.63840595291067
1.2994850110320646,2.819281450605294,0.0,0.0,0.0,3.072255909825383,0.0,1.2994850110320646,5.552009572904127,0.0,6.854192620885903,0.0,5.582404594738974,0.0,0.0,0.0,1.8154770634351154,7.802087175221652,5.136984829300696,3.431020842700112,1.28495741383718,0.0,5.275434673034544,3.6784640067869234,0.0,5.2230864659206375,4.790186303022907,0.0,0.0,11.754302416454513
2.4054049573198073,3.817495187985176,0.0,0.0,0.0,1.6384680084476084,0.0,3.5294249801918856,6.593463985352174,0.0,1.9464575606179042,0.0,5.121180831864829,0.0,0.0,0.0,1.7249378352079112,3.817495187985176,5.87948051540073,-0.47540696076101097,0.8100186095597699,0.0,0.29561572061542096,1.9464575606179042,0.0,5.008896292433504,1.6384680084476084,0.0,0.0,11.441923779391038
4.013278167518308,3.151245137576082,0.0,0.0,0.0,2.4224997718836527,0.0,2.9450155112683856,1.360344764451721,0.0,6.897337287289656,0.0,2.879073088657754,0.0,0.0,0.0,-0.5290319696596772,3.4814066892115134,4.195717942349894,1.6431193593621396,10.170045517650188,0.0,2.879073088657754,3.708229510990932,0.0,2.5736232435139472,1.360344764451721,0.0,0.0,3.4814066892115134
1.6570316358829753,3.531603939493077,0.0,0.0,0.0,2.1314543012602347,0.0,4.411697189760771,6.397837313706858,0.0,7.313951817716501,0.0,5.314195193064982,0.0,0.0,0.0,2.2127281866686794,5.023026620553889,5.401886487476576,2.0755372135883046,4.410142835391236,0.0,5.066620849544414,4.629927556526231,0.0,6.5169025003391265,2.2484241647676644,0.0,0.0,4.410142835391236
2.3935821222386813,3.7229206319901986,0.0,0.0,0.0,3.9676642559844852,0.0,3.9829797781901495,8.786843096404095,0.0,5.596278172292959,0.0,6.141385726766361,0.0,0.0,0.0,3.2557203865678277,4.627135638672256,5.252140352779592,0.09832695147832674,8.650941231983312,0.0,2.6858066583458085,3.5995469594742096,0.0,4.282781708013362,0.824365385890022,0.0,0.0,0.09832695147832674
3.246398232293747,5.112940816488561,0.0,0.0,0.0,0.9324594158572709,0.0,4.820358588268861,7.336260730309985,0.0,4.497092204041693,0.0,5.747500906334799,0.0,0.0,0.0,3.7826882271955498,2.485329273173397,4.89536427787002,2.485329273173397,4.159733295474762,0.0,4.930593504614893,0.9324594158572709,0.0,1.097575781702344,3.3239128085248733,0.0,0.0,4.159733295474762
2.844030114189612,3.9811730774291103,0.0,0.0,0.0,2.473487094616718,0.0,2.7898132346776605,8.380771572972112,0.0,5.838418011097833,0.0,5.769129505955155,0.0,0.0,0.0,5.4368508585975865,2.213812621062867,3.8983543918708454,2.213812621062867,8.551891681952632,0.0,2.9005350574667386,-1.44815224423515,0.0,4.821408743483569,1.2747705929310513,0.0,0.0,1.2747705929310513
2.6308971141864554,4.1028921600110655,0.0,0.0,0.0,2.765961592392731,0.0,4.692917687879283,6.783346827224228,0.0,7.17706788029439,0.0,5.9697117144202325,0.0,0.0,0.0,4.510545631228313,1.9743826464206249,4.964198745922595,1.9743826464206249,3.7243977108251283,0.0,4.3301937565557,4.1260751650721055,0.0,3.616439320796507,1.8092752443310278,0.0,0.0,3.7243977108251283
1.2032630806140705,3.952240051884622,0.0,0.0,0.0,3.776813739093377,0.0,2.8252640170056673,9.580565440277413,0.0,6.374153050362858,0.0,5.330685416485645,0.0,0.0,0.0,3.7323050665406488,1.4864115127448116,3.6766238984712776,1.4864115127448116,2.6699260314920523,0.0,2.3970580432612087,2.225903978041001,0.0,3.4794526460107322,1.2032630806140705,0.0,0.0,2.6699260314920523
1.367099505954651,3.39782732624069,0.0,0.0,0.0,2.3882263112393898,0.0,3.7316370602724587,10.27346927792111,0.0,5.941925163661272,0.0,4.147877148218076,0.0,0.0,0.0,5.339781452936897,0.7883489114756604,3.9678027249437147,0.7883489114756604,2.273855062407521,0.0,2.199796697735057,2.199796697735057,0.0,6.345375573408619,2.8224961835701294,0.0,0.0,2.273855062407521
4.1041530988047565,2.4317392849453214,0.0,0.0,0.0,5.065207623804431,0.0,2.4317392849453214,8.686686307734798,0.0,6.462682587246272,0.0,5.080575080478393,0.0,0.0,0.0,4.799303990261194,0.7374197781905947,4.76938294791601,-0.6455184291040155,3.3807596745378032,0.0,2.2424854037934674,6.206356637098943,0.0,6.89410258953057,1.805575905785476,0.0,0.0,3.337449139123666
2.9280444022040077,1.9241643374035098,0.0,0.0,0.0,2.477613839218691,0.0,2.1530264875885945,4.071612352022118,0.0,7.204782769678184,0.0,3.440186882192393,0.0,0.0,0.0,3.204764845467359,1.0585316253486474,3.9412364426608595,3.204764845467359,1.648615578484293,0.0,2.0838625056593854,1.9241643374035098,0.0,4.2443385373527756,2.5489677699404845,0.0,0.0,1.648615578484293
3.3004831088631286,3.1879762380428494,0.0,0.0,0.0,1.485077914886676,0.0,3.344219448918842,8.581974208035644,0.0,6.768291574366695,0.0,6.655685526120447,0.0,0.0,0.0,0.24296344069772752,1.5763923317846535,5.387970242395673,4.728957195623049,1.0731145904316906,0.0,3.2922520532482524,1.485077914886676,0.0,4.750034487056597,4.1848236997100825,0.0,0.0,1.0731145904316906
0.9333531273212824,3.128900851132307,0.0,0.0,0.0,4.02348264265024,0.0,4.5461562275159055,9.626763221675349,0.0,5.491710030921524,0.0,7.4306305980589356,0.0,0.0,0.0,2.928204423156868,1.6354438432567102,4.286247512329708,2.928204423156868,0.26172092325375973,0.0,3.0979969704585284,4.740435671232787,0.0,3.507207654020665,2.707739861950343,0.0,0.0,0.26172092325375973
3.438570371052979,3.0487246745594563,0.0,0.0,0.0,3.1319398493472876,0.0,2.663427775039821,8.117467077323901,0.0,8.615005646092673,0.0,5.628223697089074,0.0,0.0,0.0,1.8766336027033579,2.0442302423025263,6.290505289658572,1.8766336027033579,0.2538764804952187,0.0,2.389338314896772,3.9928283763425023,0.0,3.211321439583341,2.333852675667554,0.0,0.0,0.2538764804952187
3.918341669690135,3.5741024282012486,0.0,0.0,0.0,3.9002063210553235,0.0,3.296116060772552,9.241216607076169,0.0,4.798255338171776,0.0,5.630582382145043,0.0,0.0,0.0,1.4928229648316005,2.633592301893619,4.505292548062223,1.4928229648316005,2.2800736930175605,0.0,2.953561110678749,4.405204641694388,0.0,2.2800736930175605,2.470282156727158,0.0,0.0,1.0330549709804893
4.082771733227412,4.293131333160838,0.0,0.0,0.0,4.498434043827368,0.0,3.2753709895156615,9.144153374976733,0.0,6.442333314654347,0.0,5.894157326308472,0.0,0.0,0.0,0.6539226741568506,3.075498338260068,5.074442105675922,0.6539226741568506,0.6836811179548918,0.0,3.0964708334181905,3.493100654167326,0.0,5.741952028007734,2.204885693426232,0.0,0.0,0.6836811179548918
2.8949180450856438,1.8308046841019257,0.0,0.0,0.0,2.714129517450164,0.0,4.139449919937552,7.848648109239809,0.0,7.3016804819541905,0.0,4.586680231647751,0.0,0.0,0.0,0.3018139526561281,3.8755090077642254,6.560241044824595,0.3018139526561281,0.3062740484593919,0.0,2.161676898079,5.100828796337505,0.0,0.030704017829257184,2.9224645148415846,0.0,0.0,0.3062740484593919
3.560626661607144,5.832311574909737,0.0,0.0,0.0,4.310735448788783,0.0,-0.02414675841735675,8.733937146078551,0.0,7.7573531299337635,0.0,6.08407487261124,0.0,0.0,0.0,-0.02414675841735675,3.8954709911148044,4.627590368183371,-0.02414675841735675,0.3022696297555737,0.0,3.474740830375542,6.174160766561227,0.0,3.435898512842344,2.9111532752988305,0.0,0.0,0.3022696297555737
3.6609697982285736,1.6580108525408779,0.0,0.0,0.0,3.7779189941777656,0.0,5.3509234148931215,3.5130679700724134,0.0,6.711625839970188,0.0,0.07092590469224375,0.0,0.0,0.0,1.6580108525408779,3.7513609380674118,4.703519379841593,3.5130679700724134,0.07092590469224375,0.0,3.8745894136406447,5.266016612214966,0.0,3.923282630171334,2.3457022666517866,0.0,0.0,0.07092590469224375
3.635105745563239,3.5556802956258466,0.0,0.0,0.0,4.115747082027233,0.0,3.3729759199883533,3.444023312928124,0.0,1.103402844478025,0.0,4.503838935188014,0.0,0.0,0.0,1.09165725680962,4.353930158951366,4.2030850063288225,3.444023312928124,0.37861169129217287,0.0,1.103402844478025,4.544224718547823,0.0,3.3163807378947787,4.04500320869348,0.0,0.0,0.37861169129217287
0.9385524150524244,2.3884607316355035,0.0,0.0,0.0,2.605554224008701,0.0,3.0056441597869368,2.7888791794771204,0.0,6.45863164089511,0.0,3.908506110527117,0.0,0.0,0.0,2.0064621964305234,0.9385524150524244,3.8701002479682867,2.7888791794771204,0.39246958146546596,0.0,3.1980939601139484,6.831653541867363,0.0,5.307081628223691,1.377074760727626,0.0,0.0,0.39246958146546596
1.8611324189079266,3.0234628946800224,0.0,0.0,0.0,1.424426552648373,0.0,4.823299096671624,1.2865946558391141,0.0,7.168975539307633,0.0,5.623085243937715,0.0,0.0,0.0,2.0929450681888517,4.754319123022663,5.2426780853184365,2.3653182384344666,0.45823769047909,0.0,0.8078849948610929,5.158048532591202,0.0,4.116099594796244,2.3653182384344666,0.0,0.0,0.45823769047909
2.188967269748624,5.89846615091087,0.0,0.0,0.0,2.8407982522409383,0.0,3.220378797187827,1.7556919039412269,0.0,8.618635262522616,0.0,6.7496964397395445,0.0,0.0,0.0,2.3419858759097925,5.6710192013408705,2.8070449839633183,1.7556919039412269,2.16084923725129,0.0,4.123642734773058,5.989318176535297,0.0,2.16084923725129,1.9878794703166507,0.0,0.0,1.0107851207014327
2.030692326244058,2.758547085391597,0.0,0.0,0.0,2.7424009508641345,0.0,2.140200997422728,1.2343726009392095,0.0,7.827125133102949,0.0,3.155501423071954,0.0,0.0,0.0,2.9134723236220386,5.408573289906923,6.191921976834927,1.2343726009392095,0.6654420790221478,0.0,3.155501423071954,4.764116791184393,0.0,3.91524057267545,1.335144700888954,0.0,0.0,0.6654420790221478
3.5212379823416806,3.7226576605544457,0.0,0.0,0.0,3.997607441411005,0.0,2.312268747277228,0.29788525345340355,0.0,6.060578881906833,0.0,4.50833089402244,0.0,0.0,0.0,3.4650702457513076,6.258756191281639,5.660458690253977,0.29788525345340355,0.3167272278690221,0.0,2.749598418573666,5.201956385920605,0.0,0.9368466939619616,4.110598064766034,0.0,0.0,0.3167272278690221
1.505207617485231,5.606557389899595,0.0,0.0,0.0,3.594042312265193,0.0,3.7233359470490726,0.3628894943253341,0.0,8.002919576048045,0.0,5.808996859297077,0.0,0.0,0.0,4.437328361372461,6.891830955097768,5.3740818063306595,0.3628894943253341,0.30330229966799427,0.0,2.116716441883239,6.770121764402494,0.0,4.548918719629005,1.505207617485231,0.0,0.0,0.30330229966799427
3.347735573430293,4.527571019659703,0.0,0.0,0.0,3.582444920042575,0.0,3.84500855344673,0.9325340016202637,0.0,7.312291072980058,0.0,4.883417769241973,0.0,0.0,0.0,4.680826285988118,3.7658305851294265,5.357663722229456,4.365830585129427,0.4026710973758356,0.0,2.739054495740302,3.6369519804898793,0.0,3.816867500658908,0.6540614010637222,0.0,0.0,0.4026710973758356
2.2907812132312575,4.909268969523008,0.0,0.0,0.0,3.956446135847189,0.0,3.1801450263318536,1.6317591882773934,0.0,7.585655843891391,0.0,5.98309097668796,0.0,0.0,0.0,4.789343509078126,3.102305420634458,5.441766633579981,3.102305420634458,0.2619526825546893,0.0,3.314510547386435,4.870456226055981,0.0,2.568329529974883,2.093861924915449,0.0,0.0,0.2619526825546893
1.2071914689969225,2.86137649653434,0.0,0.0,0.0,4.577633650511455,0.0,3.492312337136171,2.0885057681937527,0.0,6.153684757851002,0.0,5.131081507409474,0.0,0.0,0.0,4.461245394684447,1.3494736208528408,5.377208462025565,2.2591222315306294,1.3915705620749992,0.0,3.3103435260953917,3.9441131443719213,0.0,4.786700927025737,2.4434383717748553,0.0,0.0,2.2591222315306294
2.5953367468777837,4.081886704167279,0.0,0.0,0.0,3.251993954840827,0.0,3.992574905166849,2.5897940749422537,0.0,6.871501534515183,0.0,5.111977817707503,0.0,0.0,0.0,4.394794849344462,1.6446835939506677,3.7702469343863667,1.6446835939506677,5.5050728465991385,0.0,2.698326906524023,4.30617256651969,0.0,2.5953367468777837,2.572086726253192,0.0,0.0,1.5461116550591687
2.5833155807553725,4.599456299919606,0.0,0.0,0.0,0.5314303678555901,0.0,3.1006412253769584,1.185382743890049,0.0,8.109223085313301,0.0,6.471813341221611,0.0,0.0,0.0,4.919764867328564,0.5314303678555901,3.6952925183721237,0.5314303678555901,1.7000119608279454,0.0,1.185382743890049,5.766860537309381,0.0,1.7000119608279454,3.2820092517241246,0.0,0.0,2.390531954248556
4.054106710638203,4.2192551043332,0.0,0.0,0.0,2.208631190639405,0.0,6.79267331263218,3.484619111234888,0.0,8.461464884266299,0.0,7.096657415801896,0.0,0.0,0.0,5.896177533596551,0.682709388796489,4.400257868678941,1.2827093887964889,1.3749012388859725,0.0,2.0476377272077237,4.5530343539884575,0.0,1.3749012388859725,2.133428518948573,0.0,0.0,2.386519027851042
3.2509322425745535,3.604355409790968,0.0,0.0,0.0,3.408822605124023,0.0,4.980284675791574,3.9620036857258025,0.0,7.699683098845678,0.0,4.794132786758617,0.0,0.0,0.0,6.822318476256619,0.1965951306796281,3.820555379966156,0.4965951306796281,2.0355576498760923,0.0,3.058107193234821,4.086504126324092,0.0,1.7355576498760923,1.897012723304032,0.0,0.0,3.221350657227102
2.142790310005264,3.536839077350043,0.0,0.0,0.0,2.4104169212629776,0.0,3.5427590291448836,1.9188924930744453,0.0,6.737497548903998,0.0,6.9209301445446885,0.0,0.0,0.0,6.240131338599931,0.6940325753205692,4.927673784368926,2.218892493074445,2.063324957006855,0.0,2.420713181426296,5.067720801013285,0.0,1.763324957006855,3.5493520798502987,0.0,0.0,4.135329543032934
2.117514698560197,2.6976802269969644,0.0,0.0,0.0,2.705195680422915,0.0,3.5787900248195603,1.0135121782344858,0.0,3.5787900248195603,0.0,4.607879237344777,0.0,0.0,0.0,5.608041363215953,1.154571811203588,5.649351302218475,1.4635121782344858,1.1515151584833225,0.0,4.2899150227602325,4.2598521295432334,0.0,0.7015151584833225,4.001308777053019,0.0,0.0,3.9906311036329374
2.5586813997101254,3.2476372237637423,0.0,0.0,0.0,3.8807006059412026,0.0,3.603937988997859,1.360195789797496,0.0,4.46511925433715,0.0,6.56089238368172,0.0,0.0,0.0,3.3197976106184353,1.4075207155853025,7.613798731483456,3.619797610618435,0.7070375194578685,0.0,2.0532644033793126,5.467398003856789,0.0,0.4070375194578685,2.056321679712956,0.0,0.0,4.433684720263865
1.3814037611223189,3.88439280480248,0.0,0.0,0.0,3.731546905678187,0.0,1.3814037611223189,1.5265135296533066,0.0,4.861305108653026,0.0,2.2808000272582163,0.0,0.0,0.0,3.3828000103366986,1.6970455325379805,3.6196029543778607,3.8328000103366984,0.7296633634996222,0.0,3.5930621159417866,6.73492319298937,0.0,4.413378490453805,3.0619294682573703,0.0,0.0,2.2808000272582163
0.9660745399741477,3.1258259346285198,0.0,0.0,0.0,1.6567808818644227,0.0,2.6253973724274884,2.0389161818588817,0.0,7.217787767013726,0.0,6.566640400898409,0.0,0.0,0.0,2.658608048916942,2.9445911027322738,3.9253074530106535,2.958608048916942,1.9026450482657804,0.0,2.6818127398693443,5.276740369417439,0.0,0.699788795749164,0.5327173149600597,0.0,0.0,1.6026450482657806
1.1949251725265266,4.931325799465823,0.0,0.0,0.0,4.888228228906385,0.0,2.694006909203139,2.8866853297763497,0.0,4.544002051392788,0.0,5.070947638624725,0.0,0.0,0.0,1.9692403135139274,2.939034350989534,4.272749093425701,2.269240313513927,1.2149319700264158,0.0,2.67104364478383,4.785776380627599,0.0,0.9172256653560489,0.15907780907434033,0.0,0.0,0.9149319700264159
3.112372961531794,4.394684463981456,0.0,0.0,0.0,3.5154770797537003,0.0,4.116230309409624,0.474969130476667,0.0,6.261535748189238,0.0,4.839760590436298,0.0,0.0,0.0,1.4532964552683008,2.816636633633657,5.090029872309923,1.7532964552683006,1.6036815505220723,0.0,1.4892437199417625,5.2774514463351165,0.0,0.3685728075344984,0.474969130476667,0.0,0.0,0.9021806148710045
0.4649876523045033,2.1813476920720944,0.0,0.0,0.0,3.618910400712037,0.0,2.1813476920720944,1.835925051303238,0.0,7.374677290695264,0.0,6.243935783706217,0.0,0.0,0.0,0.6870191614414801,2.8890130988361657,5.1842609584512855,1.1370191614414802,3.239548876034836,0.0,2.7423074706083024,6.4821991935731615,0.0,1.2702143704971698,2.458803056883555,0.0,0.0,1.835925051303238
1.0518465213004535,4.79075762492191,0.0,0.0,0.0,2.718751756640737,0.0,3.017273717049368,2.5608065784175724,0.0,6.521694066337617,0.0,1.6298984463179913,0.0,0.0,0.0,0.21762803596093513,3.455089184716277,5.801894426794205,0.36762803596093513,2.5911827679322483,0.0,2.9606489462115837,4.781383175486939,0.0,0.9242630551273489,2.3187150589332517,0.0,0.0,1.5284396059446526
1.8654560714015627,4.0103183601297845,0.0,0.0,0.0,2.3158362055151716,0.0,2.834973005011833,2.8492938563590946,0.0,6.335514307619478,0.0,3.9763215019094247,0.0,0.0,0.0,0.845747593795283,4.984781847471945,2.3367488630729274,-0.22651990413658676,1.2445027185980422,0.0,2.3367488630729274,6.511814963647234,0.0,1.5038473784653401,1.7439903975311313,0.0,0.0,2.7415926291273487
2.147620297261052,4.845342442031179,0.0,0.0,0.0,3.3425140038042858,0.0,2.9587547857168994,3.2984496797021103,0.0,7.186328280557908,0.0,4.727488487523933,0.0,0.0,0.0,0.5270252424088901,4.230000733889719,2.766467003645682,0.6770252424088902,2.7128503486717577,0.0,2.9666716331383998,4.127913479190921,0.0,1.2187915295378549,2.2278948002640346,0.0,0.0,2.9118606966063654
1.106823583752173,3.8035078333562193,0.0,0.0,0.0,0.8130095654492758,0.0,4.558562012597658,1.4020358269322521,0.0,6.496600045121507,0.0,5.123302925843692,0.0,0.0,0.0,0.25606465840352877,4.443669745483905,0.8130095654492758,0.5560646584035287,-0.3385342385190247,0.0,2.972104226896708,5.447718887954481,0.0,1.4292934799347217,1.3265423053031806,0.0,0.0,3.422344454982884
3.782648082829409,3.8602799280029196,0.0,0.0,0.0,-0.3445358813266064,0.0,2.563745961692965,3.9895272253348746,0.0,6.691151586506358,0.0,6.411351897429703,0.0,0.0,0.0,0.7945811775161837,4.688157366376733,4.799519530341113,2.070754534168053,3.506909988580823,0.0,2.6012754452176967,4.927608276070813,0.0,2.5768484106430036,3.2401044544129456,0.0,0.0,3.728063838677758
2.5363734166116414,5.055864760568845,0.0,0.0,0.0,3.037140753406009,0.0,3.0373347517985168,4.061322185072,0.0,8.156300754151387,0.0,6.514259841683152,0.0,0.0,0.0,1.3161555555764357,6.875763513626868,3.430539528686148,-1.3360789352676488,3.094862158909132,0.0,3.394191285276167,4.416341923615989,0.0,2.4982512966588333,2.0626116144414803,0.0,0.0,4.887226740627458
4.0571817992580534,4.6035650441242,0.0,0.0,0.0,3.3224924789861934,0.0,3.5187245478051308,5.151752735944225,0.0,5.277246540575341,0.0,4.682086492791328,0.0,0.0,0.0,1.5626367358407678,2.7143661746358174,5.223709368072576,2.8643661746358173,0.44478137645939075,0.0,2.2187474587216998,2.587152481756364,0.0,2.8594627242112516,2.1331911114652837,0.0,0.0,5.22314447733724
4.016551541837887,3.8666958671152205,0.0,0.0,0.0,2.1643541572860654,0.0,3.5124374206763367,3.0159150876611758,0.0,7.326804891505498,0.0,5.147627938591732,0.0,0.0,0.0,1.8845679772375137,2.315246995848634,4.981361675380437,2.465246995848634,2.0989729994282484,0.0,2.702064142988234,4.897482234492967,0.0,3.1505361759420922,3.087260758864942,0.0,0.0,5.958364266976206
1.29755714089448,2.284945629935454,0.0,0.0,0.0,2.3634344078673033,0.0,5.44655776529656,2.7269128296537968,0.0,2.284945629935454,0.0,3.1143705775388755,0.0,0.0,0.0,2.830427924341648,1.3444743603606428,5.164666790428488,1.7944743603606428,3.328347740938993,0.0,2.11731031027724,1.9333251645003884,0.0,1.4510869100985062,3.869617101202807,0.0,0.0,3.1143705775388755
1.2887190003775744,1.029611165973819,0.0,0.0,0.0,3.8006801707957982,0.0,1.514820207744132,6.133319973217195,0.0,9.256156962047614,0.0,7.048674873414541,0.0,0.0,0.0,2.952574351113561,1.2493318872990238,6.544496984865412,1.3993318872990237,2.8689767178882613,0.0,0.8696481593501889,6.539446889251743,0.0,2.1083822838023574,2.914719429301781,0.0,0.0,4.825347547391955
2.333196558173059,0.8511689863779551,0.0,0.0,0.0,1.3646833425998914,0.0,2.096548279042174,6.707264439877037,0.0,1.3646833425998914,0.0,5.739772049385447,0.0,0.0,0.0,4.284553175587472,0.734073648054176,4.1211860604551385,0.0,2.9495148254310433,0.0,4.06502915471458,3.124601258830757,0.0,3.403022726400036,2.0302793339730516,0.0,0.0,5.592392730852322
2.81906709312591,5.4047027827644865,0.0,0.0,0.0,3.3149216718522663,0.0,4.565055545049054,6.04888201784788,0.0,2.777721548945124,0.0,5.0784784022997425,0.0,0.0,0.0,4.124309421007399,0.780848596575191,3.456724138089756,0.0,2.987815218261301,0.0,5.115446450781166,5.891843808231372,0.0,3.62605062019272,2.0271595620538676,0.0,0.0,5.973708189141856
2.523231247431805,2.586060647506289,0.0,0.0,0.0,3.277726885335373,0.0,2.4193146296038885,7.563833043868735,0.0,7.848368384663528,0.0,2.4193146296038885,0.0,0.0,0.0,3.7253706623946616,1.0807336717663947,3.086631520706991,0.0,3.5743915087003844,0.0,3.5680954341418047,4.672992245013482,0.0,5.059167662423915,2.257086142946225,0.0,0.0,4.82505730404452
3.30474739167786,3.8239127197006626,0.0,0.0,0.0,3.262883250459654,0.0,2.95107209973879,7.723465330686228,0.0,6.973990621383431,0.0,5.014861912041317,0.0,0.0,0.0,4.419618969081356,1.7969061594971045,4.139333744824249,0.0,1.8652612713709285,0.0,3.8002964032317488,4.662981033666892,0.0,4.031839002230091,2.0575562697769625,0.0,0.0,-1.2275540635411997
2.9290263967595513,4.671818824348577,0.0,0.0,0.0,4.166681294975765,0.0,2.8222495208925165,9.638985112434444,0.0,7.5436026195706365,0.0,3.528729023222594,0.0,0.0,0.0,2.1042291361286347,1.9457191972369734,3.543294979897786,0.0,1.6387497888981861,0.0,1.7113231124691926,4.502187785203183,0.0,1.7113231124691926,3.6371283847647655,0.0,0.0,3.528729023222594
3.0374588936191143,3.7678101206514683,0.0,0.0,0.0,3.7086925072666377,0.0,2.8886345023730904,11.053092581652278,0.0,4.872510226178928,0.0,5.6542463001182925,0.0,0.0,0.0,5.085754328265184,2.536250419154422,5.31737270530132,0.0,0.4356036778936492,0.0,3.672291805746272,5.670402349266491,0.0,4.862518388947611,3.8676273610505882,0.0,0.0,5.7089504314111155
3.605950145328836,3.2362212513337933,0.0,0.0,0.0,2.306438846622563,0.0,2.571873821478759,10.245627544762593,0.0,8.473890034569873,0.0,3.669076417998753,0.0,0.0,0.0,5.834136645111181,1.0088026756830717,1.0088026756830717,0.0,2.5035511224143203,0.0,0.5764539078666279,4.026437308697968,0.0,2.482719651824996,4.507599084806065,0.0,0.0,4.968922136706234
2.596683769329762,3.4699145462729937,0.0,0.0,0.0,3.8977350255088536,0.0,1.5253423869040796,11.758405034922959,0.0,8.116519368634096,0.0,6.4645008899048015,0.0,0.0,0.0,4.029731369784205,1.4731067383137495,4.6077087363426985,0.0,2.340050814004534,0.0,2.4128664637553094,4.33179484226283,0.0,3.0237865640764077,3.2515438450417915,0.0,0.0,6.840938460088255
3.533976068537713,2.5109369136844943,0.0,0.0,0.0,3.4542831091343773,0.0,3.666689946970499,9.786626289604666,0.0,6.6660577802057155,0.0,7.6288848298954575,0.0,0.0,0.0,6.792064652553853,1.7615372333972772,4.5357581676955165,0.0,2.153914081632904,0.0,4.666043232176957,3.48404250108383,0.0,4.4262045990905685,0.644979760922777,0.0,0.0,6.31163286474404
3.010304751511666,4.541015255562469,0.0,0.0,0.0,0.810746762009665,0.0,4.0863693239766095,9.0379839912554,0.0,6.888999666994841,0.0,4.501166807618495,0.0,0.0,0.0,7.074414405909441,2.2099853212021427,5.806623011539978,0.0,0.8793826911410849,0.0,3.629510668633672,3.746307925763445,0.0,3.8710867566845115,3.575509722908582,0.0,0.0,3.575509722908582
2.463998841840989,6.283062344415818,0.0,0.0,0.0,5.429858068134886,0.0,2.7446313088353658,9.282522095809723,0.0,5.331208793509653,0.0,5.81692821086395,0.0,0.0,0.0,7.322313670197208,3.1364103829235663,3.0594969224811375,0.0,1.3264702004560696,0.0,3.421908480162407,6.521131005867341,0.0,2.3351850234005864,4.447028259278887,0.0,0.0,6.280652144193481
1.5568226863565897,4.11557129570701,0.0,0.0,0.0,1.6764579764125096,0.0,3.053974982516758,9.617966496481307,0.0,8.052505780489808,0.0,5.9233934252931215,0.0,0.0,0.0,8.299890493509299,3.3581972124426027,4.8765579382837085,0.0,3.4888558347984064,0.0,1.9955840682168513,4.397287741920264,0.0,1.6764579764125096,1.7761235727735016,0.0,0.0,6.403156553413064
1.3624726142125785,3.3046145373038947,0.0,0.0,0.0,2.4347777054872632,0.0,4.330102236133188,8.455706140132586,0.0,5.955919970391704,0.0,6.599723899081712,0.0,0.0,0.0,1.3624726142125785,1.6333584335831497,4.937005480696607,0.0,3.193895878725187,0.0,3.172626259033845,4.629091010790185,0.0,4.196437137651469,2.620816371675493,0.0,0.0,7.144462811744028
0.8313200085282534,2.503255642067238,0.0,0.0,0.0,2.8090170355330577,0.0,4.058976272863135,7.666599709884754,0.0,7.7210716389168095,0.0,5.825817784681615,0.0,0.0,0.0,8.897856506183308,4.354586647100995,4.533575859388417,0.0,1.4313200085282534,0.0,2.816810999410367,5.8998497389157585,0.0,2.3544706553590578,2.503255642067238,0.0,0.0,7.0927941675800215
2.888603880337678,2.6199139866928345,0.0,0.0,0.0,3.0796262381900177,0.0,0.2213622321701978,9.02286918836484,0.0,7.68715992139696,0.0,6.4612104550222575,0.0,0.0,0.0,10.150763945594207,3.606801582598387,4.882213261360921,0.0,1.6468802666495919,0.0,3.8209148241824535,4.92958076750301,0.0,4.236310974428821,4.221021438749311,0.0,0.0,8.078220374623678
2.2406079034005733,3.2283574066072287,0.0,0.0,0.0,1.9915906029384123,0.0,4.8705616433180055,9.66509446507383,0.0,7.299146585340191,0.0,4.926066089441912,0.0,0.0,0.0,8.42897599148578,0.4266623414606565,3.773030653663454,0.0,2.085658369529934,0.0,3.5212771185825957,3.0678380801879994,0.0,4.4134615902038,3.5301282554656135,0.0,0.0,8.395813161502705
2.032581213403156,3.8727802126936703,0.0,0.0,0.0,2.2255255705497046,0.0,2.373443814396509,10.485823004898181,0.0,6.15600939832996,0.0,4.740070192220697,0.0,0.0,0.0,8.225033000344473,1.2471994128254107,3.652630307661011,0.0,1.7964330138175841,0.0,3.549607824818703,4.607525334989313,0.0,0.9744306512436626,0.9744306512436626,0.0,0.0,9.143426717530145
4.908907653950704,2.995537656618847,0.0,0.0,0.0,2.723678866409251,0.0,3.8950934339660206,9.255740250538276,0.0,2.6921208892036814,0.0,2.7637396724397014,0.0,0.0,0.0,-0.877011404782527,6.270585655194756,1.8253458382012133,0.0,0.6844305549477148,0.0,2.093371439589176,6.1862871591266115,0.0,3.422765188896012,2.827020905429805,0.0,0.0,10.324224874138764
2.6404916039304362,5.43050934082685,0.0,0.0,0.0,3.827702035640667,0.0,3.6178260209357873,7.743519582208366,0.0,5.647461954296171,0.0,5.011495119602371,0.0,0.0,0.0,7.214158180478851,6.037197481147757,2.7090719053326993,0.0,0.0,0.0,3.393864580223346,5.763707979442065,0.0,4.554077175365074,2.884260136151183,0.0,0.0,8.664438409267431
3.363608614782766,2.767979090261834,0.0,0.0,0.0,1.7937949793585104,0.0,3.2925751573958824,8.697392153733468,0.0,7.60220866872024,0.0,5.7434597448071605,0.0,0.0,0.0,7.9129527801069175,5.483601617626891,1.7347255155925636,0.0,0.0,0.0,4.254695846678345,4.4790218065539396,0.0,1.7937949793585104,2.663294393159487,0.0,0.0,10.323916865579593
3.763516090990173,1.705211786136048,0.0,0.0,0.0,1.4846475768648677,0.0,3.4373479496049733,10.132857518614962,0.0,6.091006144495151,0.0,4.908305277203159,0.0,0.0,0.0,8.763073435903028,6.97896920825262,5.661685297709212,0.0,0.0,0.0,3.568024685889563,5.5863252518595345,0.0,2.6586776022371836,2.8348638573903577,0.0,0.0,1.705211786136048
3.3280289507758933,3.895034170806556,0.0,0.0,0.0,3.2126205479689487,0.0,9.32677432456815,1.725765897923453,0.0,7.047859739766882,0.0,5.592883496139629,0.0,0.0,0.0,8.30643732802128,1.0490113240679435,3.8765735071995477,0.0,0.0,0.0,1.2116140019292165,4.182599367365653,0.0,4.912242138257482,1.4228129264423295,0.0,0.0,10.692263343626877
4.888774800666653,5.40030597489487,0.0,0.0,0.0,2.759342415028188,0.0,5.35264121213635,8.769202489930663,0.0,7.0230515805199865,0.0,6.225382604977991,0.0,0.0,0.0,7.602789377496225,8.701390673901816,5.019212499716997,0.0,0.0,0.0,4.598449755484106,2.793691228219786,0.0,2.793691228219786,1.8564339280492113,0.0,0.0,9.759843903284867
3.171107344213409,3.372077055322623,0.0,0.0,0.0,3.5893834087803786,0.0,2.9673298827824177,10.807758227909641,0.0,6.108190934576507,0.0,4.978147317704986,0.0,0.0,0.0,7.617910681400424,5.921461545285635,2.9587403574734976,0.0,0.0,0.0,3.589474485289333,4.781126850300201,0.0,5.411556862979895,2.202240952552393,0.0,0.0,10.938162982950864
3.2421746230177426,-0.005497695021026282,0.0,0.0,0.0,1.681032924277242,0.0,4.066507137503581,9.457194754393342,0.0,3.3584952010106495,0.0,6.8238819222530855,0.0,0.0,0.0,3.9835348814020577,3.3584952010106495,6.612487083593459,0.0,0.0,0.0,3.7853799856878454,1.681032924277242,0.0,4.841980126849913,3.604781437531647,0.0,0.0,12.074460608623726
3.1404876342741237,5.370671529795819,0.0,0.0,0.0,5.172959949302539,0.0,2.6352852213281643,7.425903887880448,0.0,6.389895874562988,0.0,5.628702277705574,0.0,0.0,0.0,9.964247683681307,6.249690631019864,-0.059613217139810715,0.0,0.0,0.0,0.3671002017462484,4.990597648163267,0.0,3.8471901032404556,3.773900438724888,0.0,0.0,10.66010355629188
3.2972602966129667,4.501699096097247,0.0,0.0,0.0,2.511914384928715,0.0,5.014458462412153,3.6468620622732986,0.0,8.402966407773587,0.0,6.890825296195555,0.0,0.0,0.0,3.6468620622732986,7.45029834721285,4.86291411057881,0.0,0.0,0.0,5.234899270363104,4.330337497508027,0.0,3.988354361257596,3.1138035187307613,0.0,0.0,11.48250614545836
0.34806405908302507,2.9866560389095085,0.0,0.0,0.0,4.575252303358123,0.0,0.8548747858760208,8.375310297694618,0.0,6.361309503239221,0.0,5.746247326231289,0.0,0.0,0.0,0.022774464278436213,5.930590451586815,5.2274731460424135,0.0,0.0,0.0,2.4659367823525136,2.6040419818111604,0.0,4.530326110440099,0.34055928429224247,0.0,0.0,10.448800104291701
1.8565927077697162,4.320137730030978,0.0,0.0,0.0,3.064784334393612,0.0,5.0852190043351015,8.65679730925208,0.0,7.554976113474261,0.0,4.3518185280708,0.0,0.0,0.0,0.9679713541643565,6.308840007226883,5.932979200512383,0.0,0.0,0.0,2.5217264894714844,2.5217264894714844,0.0,4.372615252354279,2.4313194616855482,0.0,0.0,9.489576122564372
3.1169052821714405,2.351219526564978,0.0,0.0,0.0,1.76808209275316,0.0,2.447726733159503,7.503811204037064,0.0,8.10051543160193,0.0,1.8621999123947126,0.0,0.0,0.0,6.858251096893597,1.8621999123947126,1.76808209275316,0.0,0.0,0.0,3.540708552875347,3.044783480164201,0.0,5.204318264848822,2.754367023130377,0.0,0.0,9.937321930553242
2.1815909203086576,0.7895773854437032,0.0,0.0,0.0,3.1535342841791785,0.0,2.8723243962476843,9.537618143300831,0.0,7.226931051927415,0.0,3.934224334308657,0.0,0.0,0.0,9.950492306855214,4.9714644246664825,5.593670885461875,0.0,0.0,0.0,2.345494361814217,3.232771930871324,0.0,3.238983895065303,0.9118232795927168,0.0,0.0,9.648630590052964
1.7209246765584891,3.4954234880840405,0.0,0.0,0.0,3.2137047459014396,0.0,2.4910747372149347,3.3173244973233493,0.0,7.219497888730766,0.0,6.553509541004452,0.0,0.0,0.0,7.978481785699673,7.382712869895023,4.758302873891178,0.0,0.0,0.0,1.9665569341748292,3.4412894295327763,0.0,5.245261951997706,1.8081260031264754,0.0,0.0,3.3173244973233493
3.054452965936709,4.895887726413331,0.0,0.0,0.0,3.829882662752694,0.0,3.320908081300372,7.821573383990009,0.0,8.390631567628374,0.0,7.037664695332482,0.0,0.0,0.0,7.335910931747784,8.207333837668294,4.475489357328189,0.0,0.0,0.0,3.5590836355784052,3.542667787816324,0.0,5.219701839551962,3.1787010996811236,0.0,0.0,8.651342935259507
2.802888305102878,5.716489355325389,0.0,0.0,0.0,4.8833996415671255,0.0,2.729816608952414,9.24148924072166,0.0,5.454649500842631,0.0,5.110633853331593,0.0,0.0,0.0,9.401145923618657,7.476274930225268,4.692711172357718,0.0,0.0,0.0,1.9847584057771672,6.666177587525575,0.0,3.8890655060364416,3.42605239292266,0.0,0.0,9.496304637418303
2.3044628618198946,3.327113153085215,0.0,0.0,0.0,3.070731154635565,0.0,3.645077485683759,9.063911929248158,0.0,6.724322387639565,0.0,4.969423614047418,0.0,0.0,0.0,6.103904423716391,7.678127106702501,5.005010858679728,0.0,0.0,0.0,2.6839312580621053,5.086290606323863,0.0,4.036623634872617,-0.10889209635416064,0.0,0.0,11.002848086427655
3.509623184119216,4.1008666512374035,0.0,0.0,0.0,2.6014686860427867,0.0,4.458312587369099,1.7077938618168795,0.0,7.4416851363325405,0.0,5.805954168760199,0.0,0.0,0.0,8.288183355186957,5.658702276557505,5.583092219065651,0.0,0.0,0.0,1.4425434506094195,5.752925558708941,0.0,0.44844881991453966,1.928873992830125,0.0,0.0,9.52537863096878
3.6996276274168514,2.8050851505031655,0.0,0.0,0.0,4.242941561400266,0.0,3.613927698589907,9.63526639135374,0.0,7.962665627817444,0.0,5.944599527081029,0.0,0.0,0.0,9.463838665508556,7.162193500078786,4.912357560904931,0.0,0.0,0.0,2.0549392377504536,4.600150623423118,0.0,3.717901028360862,2.6323238606093766,0.0,0.0,4.242941561400266
1.7111605616268417,1.116655718540187,0.0,0.0,0.0,4.009647451407989,0.0,0.17600455911240198,10.166393592332595,0.0,8.649025591331927,0.0,5.577797158515198,0.0,0.0,0.0,8.500365609474523,7.913921689503959,3.4693426885934078,0.0,0.0,0.0,3.4427796279986898,5.996983299423114,0.0,5.391801688767744,2.131860208567868,0.0,0.0,8.050708095874437
3.001106551907569,3.632193510413723,0.0,0.0,0.0,2.285387394204482,0.0,1.6593965233745456,8.076745841055956,0.0,8.19666363643916,0.0,1.3746458424797208,0.0,0.0,0.0,3.758953318285761,8.43358867625831,5.164756749526149,0.0,0.0,0.0,1.0391420002110774,4.690808465906699,0.0,5.631351467043769,2.2101551256353718,0.0,0.0,3.758953318285761
3.1075859791718106,3.9966520274187696,0.0,0.0,0.0,2.605955515918848,0.0,4.667779067443308,9.4223347467969,0.0,5.739886192353211,0.0,4.628625297366781,0.0,0.0,0.0,7.543265434929365,7.89591804439013,3.270279076896419,0.0,0.0,0.0,2.7524509351310193,4.33416991161999,0.0,4.711457220659673,2.7406643192465743,0.0,0.0,10.339528151763956
3.4263835847657536,3.4972119775625305,0.0,0.0,0.0,3.900853400195591,0.0,2.531897387377054,9.493258683954956,0.0,6.737526908513713,0.0,5.85388381516481,0.0,0.0,0.0,5.909227638464248,7.012540453225294,4.612137275773143,0.0,0.0,0.0,3.095457386569537,3.3076356443933403,0.0,3.6778032135655288,3.126866333874524,0.0,0.0,10.972239123185831
3.6641955935828348,1.8096122346061514,0.0,0.0,0.0,3.2788381830325046,0.0,2.1062269549419086,10.38215664845985,0.0,7.770200648466385,0.0,6.031387141523669,0.0,0.0,0.0,7.40695161682404,7.933425547478296,4.721286387939959,0.0,0.0,0.0,2.0234327544608273,5.348988010320434,0.0,5.219331407102377,1.8788515714158982,0.0,0.0,9.22753976397488
1.6398932992591997,5.5109575443350645,0.0,0.0,0.0,4.325316294610053,0.0,3.896050869570783,7.35939200359138,0.0,6.460571198981856,0.0,5.423556426653933,0.0,0.0,0.0,6.007649640210413,8.247515134830527,6.252074889467929,0.0,0.0,0.0,3.23018608978242,2.1682599348523706,0.0,2.6134558374194707,2.6134558374194707,0.0,0.0,10.351360717164521
2.087359864737092,4.656216596010475,0.0,0.0,0.0,3.7135463234449486,0.0,3.559860302705217,9.813578954642209,0.0,7.279774543081857,0.0,6.136835981410943,0.0,0.0,0.0,7.379121791214356,5.570595083441506,1.4241894863799351,0.0,0.0,0.0,3.788740348405025,-0.3666675707972922,0.0,1.2002533867943808,2.68276006181939,0.0,0.0,10.347487510354952
3.9902928300448215,6.415453839822797,0.0,0.0,0.0,2.4660922897488584,0.0,1.6141172277541398,8.49436479369725,0.0,9.082443310751119,0.0,4.3942208042372,0.0,0.0,0.0,7.4547920760662105,6.475412060255331,5.135344425939261,0.0,0.0,0.0,4.263423399424406,4.107332637703656,0.0,3.4293040031617883,2.543673483123742,0.0,0.0,9.317037709172437
5.059130456110475,3.3238858286154533,0.0,0.0,0.0,2.0021920365499732,0.0,3.2161389807152094,9.049690458948577,0.0,4.151235813373177,0.0,4.9355805921588605,0.0,0.0,0.0,8.358864791883159,8.825910960568407,3.96198088369647,0.0,0.0,0.0,3.159889588934305,4.72335036271762,0.0,3.9540772967882507,2.0021920365499732,0.0,0.0,10.238326710765044
1.8130061693086437,3.1021755551686376,0.0,0.0,0.0,1.5525474614031451,0.0,3.393317914794095,7.711275836052318,0.0,7.016329117063406,0.0,4.583355837260199,0.0,0.0,0.0,6.995191509763011,8.673474069432055,6.30136278221349,0.0,0.0,0.0,4.265430093816353,4.148752042965286,0.0,5.321619713799132,1.2295308702247436,0.0,0.0,9.959941549250336
4.315707895527263,3.4253113605294785,0.0,0.0,0.0,3.4655055533354817,0.0,1.8700884039515016,8.528901603451532,0.0,8.09197235998287,0.0,1.0604157155057252,0.0,0.0,0.0,9.096306504220804,7.37564043831036,4.872128731131987,0.0,0.0,0.0,1.0604157155057252,5.622893114394254,0.0,6.155178039022542,2.4132594730681958,0.0,0.0,9.853460916311679
3.1096872347922266,4.579932401506886,0.0,0.0,0.0,5.752775562858261,0.0,3.6697752288959475,0.11469221471313454,0.0,3.3621588685937005,0.0,2.1443415587457046,0.0,0.0,0.0,8.424403421732148,4.476650221904388,5.619703283586068,0.0,0.0,0.0,0.11469221471313454,5.311086838193355,0.0,3.3621588685937005,2.138558710133478,0.0,0.0,11.322783834499866
3.264667609221835,4.644494934788129,0.0,0.0,0.0,2.576638110187082,0.0,3.5354878113108628,9.085422872418922,0.0,2.875314623150003,0.0,4.827373048697985,0.0,0.0,0.0,6.348424056038772,7.982842646018661,4.233602238409739,0.0,0.0,0.0,1.9026221537461094,3.4075694468478113,0.0,4.083965666711816,2.875314623150003,0.0,0.0,10.397925251072937
2.6774871322870246,3.3876465011990553,0.0,0.0,0.0,4.967835866559016,0.0,4.198029009479166,9.162126460740932,0.0,5.45126416359341,0.0,4.993410222322508,0.0,0.0,0.0,8.562731195295607,7.90832656022604,3.564578392309093,0.0,0.0,0.0,2.9158109678580506,4.940036125936084,0.0,-0.21802908005173816,0.4756292847589929,0.0,0.0,1.3007123546167423
2.1614380444448913,3.7385796578224824,0.0,0.0,0.0,3.2995955587116583,0.0,3.005937532828282,9.027300080315719,0.0,5.551344718846278,0.0,6.8634363545200126,0.0,0.0,0.0,9.22510417619766,0.5733109649423,2.916456334953146,0.0,0.0,0.0,2.6811447386718816,4.625617353825383,0.0,4.855434553824845,3.0865385594272348,0.0,0.0,11.667794469212325
3.6044584473695345,2.1167705723200463,0.0,0.0,0.0,3.8611879962255338,0.0,5.240950891589816,10.02856860042884,0.0,5.23356699394208,0.0,5.639446079845216,0.0,0.0,0.0,9.449937459237828,8.596565368014303,4.97169246864965,0.0,0.0,0.0,1.546838872052993,6.4954609165460955,0.0,3.3221777784222963,3.156500236718595,0.0,0.0,10.151856832670326
3.5433629695380273,3.461693956807469,0.0,0.0,0.0,1.4506499383255775,0.0,3.900754243745134,9.336161102882954,0.0,7.104439627525284,0.0,7.271971503393359,0.0,0.0,0.0,8.612789070682888,8.012974554756445,5.17355021011677,0.0,0.0,0.0,5.30788922034737,6.156428208558292,0.0,5.571296777649949,2.194866076565252,0.0,0.0,10.665727193451435
2.7739871231832955,-0.30177679958091325,0.0,0.0,0.0,3.778995110378077,0.0,4.262379782563836,3.778995110378077,0.0,5.840388795915222,0.0,5.40745728704132,0.0,0.0,0.0,7.611850071576446,7.180788504562265,5.907087840813057,0.0,0.0,0.0,3.511016739879179,5.713258261085766,0.0,2.2019878143710576,1.2661528848195989,0.0,0.0,12.387608521510646
2.867157860418957,4.881212626335818,0.0,0.0,0.0,4.98785644190008,0.0,1.671915608615873,8.381899203983393,0.0,2.818374481821438,0.0,1.671915608615873,0.0,0.0,0.0,8.261713332250201,6.909926568355711,4.90805317895448,0.0,0.0,0.0,2.6156160465820872,4.605584059269454,0.0,2.818374481821438,1.8566463513169238,0.0,0.0,9.14492133754285
2.561384848086365,4.6288579941005015,0.0,0.0,0.0,1.291624120723459,0.0,2.0419305920733404,8.188043323022324,0.0,6.11114826152292,0.0,6.04177209527153,0.0,0.0,0.0,7.5335611698233,8.837191336658144,5.833677704389181,0.0,0.0,0.0,2.9189830234304006,7.007190415087793,0.0,5.956648582577891,1.1845778069831008,0.0,0.0,1.291624120723459
1.2621612142604788,3.3645942225020415,0.0,0.0,0.0,2.887627539635781,0.0,5.04486118956396,9.318709310131458,0.0,5.362490274754753,0.0,5.180721480260043,0.0,0.0,0.0,7.695793024287841,6.2341278088609755,3.440875278004435,0.0,0.0,0.0,3.709917473199114,4.888635287095934,0.0,4.186544310304453,-0.626124986121185,0.0,0.0,5.04486118956396
1.3008753425284134,1.9750267474914547,0.0,0.0,0.0,1.2480539602076648,0.0,1.5528499245358367,10.175428417595146,0.0,7.213500742038297,0.0,6.855115394355453,0.0,0.0,0.0,9.680901823687053,6.825018343290954,5.496864332694741,0.0,0.0,0.0,2.4409497446700366,1.5528499245358367,0.0,4.413704465584195,4.273757853681,0.0,0.0,3.1705313655651906
3.0165467052738695,5.081967136221212,0.0,0.0,0.0,2.681880590849213,0.0,2.3663306025380257,9.506180968805356,0.0,6.634748844707531,0.0,4.972597368263262,0.0,0.0,0.0,0.7297717514313815,8.646529513521282,3.294429700438398,0.0,0.0,0.0,3.357181535710292,5.616999684314475,0.0,2.5617762483762743,2.823980041070548,0.0,0.0,9.020377663580835
0.4125822252672897,2.3594507162426783,0.0,0.0,0.0,3.501314310621288,0.0,2.9737492281656084,9.510999373307747,0.0,7.233149036966655,0.0,5.08252616098993,0.0,0.0,0.0,8.13407285002499,7.228367966912063,4.894190082516584,0.0,0.0,0.0,4.3569386275901465,4.789429193289058,0.0,4.8500045879589475,3.205961721659006,0.0,0.0,10.875362123470714
1.0399906917622368,3.295412305073625,0.0,0.0,0.0,4.649167551036068,0.0,3.0880966658411886,8.390699977452208,0.0,5.810470323949582,0.0,5.7222360760845215,0.0,0.0,0.0,6.4346491804713,7.172208106140279,4.930453353917822,0.0,0.0,0.0,2.963885797287781,4.727241602461539,0.0,3.1666043774876655,2.2495141211437093,0.0,0.0,9.395615670388944
2.805999556449532,4.967563329313403,0.0,0.0,0.0,3.775468721040843,0.0,5.086002663220179,8.561806492657345,0.0,8.024661229365996,0.0,4.777225320398621,0.0,0.0,0.0,6.445939911980906,8.150016663240002,5.440727827870257,0.0,0.0,0.0,3.139153890079378,5.033473863986344,0.0,4.144091923460375,1.369884316745879,0.0,0.0,4.777225320398621
1.9287968232051707,4.849302934444809,0.0,0.0,0.0,3.899056710221193,0.0,4.828732055029234,9.84175512017451,0.0,2.7999217556098697,0.0,2.7999217556098697,0.0,0.0,0.0,0.6633802794320538,8.072788894197133,4.252143006951327,0.0,0.0,0.0,3.82298918895715,5.01134400261007,0.0,4.2663979453623195,3.587143755233658,0.0,0.0,9.537601504156143
5.058641477613373,5.055002620067991,0.0,0.0,0.0,3.8449996494547527,0.0,1.3296605166785582,8.4009458701487,0.0,6.42823952878873,0.0,3.3452320513395013,0.0,0.0,0.0,7.306792752047881,1.3147383444187608,4.3093246104797505,0.0,0.0,0.0,2.576588644187108,7.007072395490181,0.0,4.237808884857828,2.147528810578957,0.0,0.0,9.782915227040652
2.326602398556406,1.1399520877253249,0.0,0.0,0.0,2.8277848546499094,0.0,4.579397020827277,9.102403369001225,0.0,0.37836708061542607,0.0,5.098702557495278,0.0,0.0,0.0,8.230867460481326,1.1399520877253249,4.721658063859104,0.0,0.0,0.0,3.920804340483228,6.680109719275235,0.0,5.760853389495256,3.504143943607798,0.0,0.0,10.626010664380155
2.501263360285031,3.2640319470381547,0.0,0.0,0.0,2.9246278475738734,0.0,3.755526871119466,9.36344156648482,0.0,2.732198279716725,0.0,5.728381907943596,0.0,0.0,0.0,9.715431564179204,9.45093910580048,5.249164111410121,0.0,0.0,0.0,4.696651340449826,6.33708264623079,0.0,4.930149216092723,2.732198279716725,0.0,0.0,9.169297007916896
3.7390988865318717,5.194750298546176,0.0,0.0,0.0,3.0413080080189827,0.0,4.495207430693684,10.158962241741962,0.0,4.212995042441964,0.0,4.790913093716068,0.0,0.0,0.0,8.080262760675543,7.8341776834656764,1.917706920187657,0.0,0.0,0.0,3.1382614004593736,5.344827887022601,0.0,1.230429827517026,3.0135408418367047,0.0,0.0,10.445702041839663
1.9559479065022076,3.527996902911576,0.0,0.0,0.0,3.9468733994697627,0.0,4.593706220727532,9.3987090082968,0.0,5.9013174205571,0.0,5.2746285310374725,0.0,0.0,0.0,8.489337848872747,7.2994908921297466,3.189426348005602,0.0,0.0,0.0,3.1860415405381435,6.064122965527089,0.0,5.2146832129846175,2.13011325971079,0.0,0.0,9.66082229150224
9.058888464953426,3.748033440486779,0.0,0.0,0.0,4.392340060622139,0.0,5.343299842193723,1.7272795684390083,0.0,5.043269196625018,0.0,1.999374877039609,0.0,0.0,0.0,6.4592815893733455,6.507011325955977,4.610192303468352,0.0,0.0,0.0,2.3822834443411756,5.235013206731136,0.0,4.903538003565501,4.264333951724188,0.0,0.0,1.999374877039609
2.268479035413551,3.3988777339127556,0.0,0.0,0.0,1.2714739935918749,0.0,3.1571692419943407,9.888837707509406,0.0,8.188130497289515,0.0,4.9407670337528815,0.0,0.0,0.0,8.65400881548614,7.016051556205433,1.6382524327722185,0.0,0.0,0.0,2.8536311604195577,4.155708208036258,0.0,2.268479035413551,3.640984740116687,0.0,0.0,1.08760804790789
4.799662952991354,4.334809372023353,0.0,0.0,0.0,2.10280092478715,0.0,4.437913002225497,4.799662952991354,0.0,7.077858996179985,0.0,5.1024104980238025,0.0,0.0,0.0,9.41200858763785,7.690078772175656,4.690949176524036,0.0,0.0,0.0,2.516550911134326,4.576101948375097,0.0,5.221372347238852,2.6162758140083784,0.0,0.0,11.2872644816085
3.5744832122131043,4.8946000371392975,0.0,0.0,0.0,3.9300271740458856,0.0,4.98476344035119,3.5744832122131043,0.0,3.9300271740458856,0.0,5.793759312764485,0.0,0.0,0.0,7.784296009325809,7.923106517066786,3.955176552374812,0.0,0.0,0.0,3.1492710780822657,3.6405985388420565,0.0,2.3220837290068146,3.8343791743700804,0.0,0.0,10.432923790145455
2.669838038113368,4.031178103795665,0.0,0.0,0.0,4.525057596772772,0.0,3.452749291247754,2.669838038113368,0.0,4.849068407163499,0.0,3.1230661890488918,0.0,0.0,0.0,7.847445647616196,6.816808137838304,4.7420211517895385,0.0,0.0,0.0,4.407746091969389,4.232115798713144,0.0,4.544483363873009,3.0513311594059886,0.0,0.0,10.758495327630957
0.868865976261078,4.8497309278941705,0.0,0.0,0.0,3.3898126651501608,0.0,3.799483550150697,5.215221722605892,0.0,0.868865976261078,0.0,4.119289353836799,0.0,0.0,0.0,6.837988840698011,0.868865976261078,4.0769045084359,0.0,0.0,0.0,2.6304375902789827,4.314067252681518,0.0,4.410682076495045,2.228693588739601,0.0,0.0,8.577766251156806
2.187044455738201,3.2584211099262452,0.0,0.0,0.0,3.4574376652635603,0.0,2.025061445394255,2.187044455738201,0.0,6.288312117604169,0.0,6.342048220113307,0.0,0.0,0.0,8.244681839061213,8.553316508853076,4.529674295652648,0.0,0.0,0.0,3.83701109834963,5.605100618695709,0.0,3.4768481795009896,1.803147234870794,0.0,0.0,10.415623462958248
1.5082993605740158,2.723320542423325,0.0,0.0,0.0,4.470441133552411,0.0,3.4127522450873915,1.5082993605740158,0.0,5.563790200221938,0.0,4.482093217237287,0.0,0.0,0.0,1.9016314520577464,8.70159383812305,2.6932880136059874,0.0,0.0,0.0,2.9210272123919414,-0.5753266763760391,0.0,4.876886473307123,1.9016314520577464,0.0,0.0,8.994425865492289
2.899903638086825,4.552489945551423,0.0,0.0,0.0,4.748020988661283,0.0,4.2840110391292185,0.7196262932764718,0.0,5.293962103442458,0.0,4.77378530448315,0.0,0.0,0.0,10.351593578642088,8.132236379076481,4.110415773884314,0.0,0.0,0.0,0.7196262932764718,5.788953320089834,0.0,2.6414624979561845,2.0128697586932205,0.0,0.0,9.327804670897498
1.6211927937130333,2.0098157666311094,0.0,0.0,0.0,2.7025199320761275,0.0,3.9269159266804987,1.6211927937130333,0.0,6.785497932626438,0.0,5.534747212008565,0.0,0.0,0.0,7.466875869618699,-0.4287576379947437,4.777176813247872,0.0,0.0,0.0,2.5382459207183805,5.543107283471161,0.0,3.1285882159140934,2.121994459550316,0.0,0.0,8.545415476016396
0.6134813580270891,5.375029410796543,0.0,0.0,0.0,1.7175647402687266,0.0,4.489076240623257,0.6134813580270891,0.0,8.239548548326177,0.0,6.631051926658587,0.0,0.0,0.0,8.083418058914937,8.552563465471342,5.666396487188912,0.0,0.0,0.0,3.26013905262637,4.610032704724676,0.0,1.642002338651202,2.054651520625895,0.0,0.0,9.964278949483182
0.3627741431999211,2.197620003451906,0.0,0.0,0.0,2.9419943120077368,0.0,3.0771553465595716,0.3627741431999211,0.0,7.059978818390549,0.0,6.532862572845856,0.0,0.0,0.0,8.607281062600546,-1.3249694746629759,4.113575105332087,0.0,0.0,0.0,2.22005411645363,4.493968467993039,0.0,4.07587527949568,2.6318831570695207,0.0,0.0,8.910307434538325
0.29423980697014307,3.25807493231199,0.0,0.0,0.0,3.591848951413392,0.0,5.435567553234317,0.29423980697014307,0.0,8.370539101313664,0.0,7.116484560131222,0.0,0.0,0.0,9.5343346269466,5.993069235407356,5.279127927114311,0.0,0.0,0.0,2.4068708028601113,5.318489165089742,0.0,5.764989943165216,0.2630565336755131,0.0,0.0,7.980927961329476
3.5567499359331936,3.7672755436307455,0.0,0.0,0.0,3.752500895022485,0.0,4.206586427306384,0.9082172167860929,0.0,6.149998409072812,0.0,6.012086705310777,0.0,0.0,0.0,10.05524542620995,7.074776013545241,6.421907472990173,0.0,0.0,0.0,2.876831178797452,2.551327832406095,0.0,2.89626824033033,2.1640583415456103,0.0,0.0,11.902563380736538
3.162281819598265,4.688125572538962,0.0,0.0,0.0,4.10535462289675,0.0,5.007753469468263,1.0466975192835588,0.0,6.394111454701502,0.0,4.5131845799741495,0.0,0.0,0.0,7.752434018248378,3.24639889087147,4.457067555830451,0.0,0.0,0.0,3.24639889087147,5.648109525907421,0.0,3.273828872396112,2.1987983498325674,0.0,0.0,10.658590455805554
2.4382002389025863,2.4931890758550104,0.0,0.0,0.0,2.9817604740002777,0.0,2.6411519531331895,3.6174908913312205,0.0,0.7121702476244104,0.0,6.156788068595347,0.0,0.0,0.0,8.43934939166203,6.426872593543372,4.7654493799460935,0.0,0.0,0.0,2.3610161224539166,6.539982573662435,0.0,4.6874848390794215,1.589818433343716,0.0,0.0,8.054818961895915
3.633883969459702,3.694061846651404,0.0,0.0,0.0,3.073333080655983,0.0,2.0974025750547374,2.0639918117615292,0.0,5.985101433860953,0.0,1.1312336596915005,0.0,0.0,0.0,8.961143385350091,1.8125371150877527,4.635835707291028,0.0,0.0,0.0,2.625326015903977,2.341159409079693,0.0,4.866977268025705,3.428951248370207,0.0,0.0,8.597346252782902
3.096835381498324,1.1576176185954283,0.0,0.0,0.0,3.2537402135081672,0.0,3.3082937491450912,2.59479674371693,0.0,8.053498826791914,0.0,6.196742740097317,0.0,0.0,0.0,7.4720676583382595,6.543134044388383,4.374793186927868,0.0,0.0,0.0,2.1508670160955816,5.256769036957077,0.0,3.4064480182441588,2.9079286554736603,0.0,0.0,11.330033713690256
1.7411415600196782,4.393960814173995,0.0,0.0,0.0,2.7028456269721004,0.0,2.3521746986587684,3.568331527639923,0.0,6.303581332646264,0.0,5.373873016488465,0.0,0.0,0.0,8.195658519150887,8.120237959305467,4.503642647234189,0.0,0.0,0.0,2.3521746986587684,6.434460521662796,0.0,5.095363653910098,1.7704089525014493,0.0,0.0,8.669238952494556
3.886870684018232,1.7654683664911253,0.0,0.0,0.0,3.751419431081836,0.0,1.857806045550334,3.286574945634022,0.0,5.52726878368157,0.0,4.585894931610247,0.0,0.0,0.0,8.465155019741585,8.262592968979641,4.883128632650609,0.0,0.0,0.0,3.4170645706262333,2.700373336026358,0.0,4.145062263892085,1.6346529880543568,0.0,0.0,9.910211244023776
2.034504846958298,4.769643583901112,0.0,0.0,0.0,2.3312378283720188,0.0,2.348398199115149,4.655846813601394,0.0,6.962552026902901,0.0,5.26459317219409,0.0,0.0,0.0,8.894204012938841,7.8030428938345935,4.567022686465646,0.0,0.0,0.0,1.2101451825037262,3.7974101569074934,0.0,6.0375830358336335,2.06804819262151,0.0,0.0,2.034504846958298
3.252171534391188,4.629270883209645,0.0,0.0,0.0,2.4169350359489212,0.0,2.971051481465037,4.622665070253423,0.0,8.104124848182147,0.0,3.1162170662784896,0.0,0.0,0.0,8.919775916426069,7.9559748996258435,4.306491222242308,0.0,0.0,0.0,2.92480958438036,4.916198934715992,0.0,4.78753377814874,3.4973928019322127,0.0,0.0,9.177076953182311
2.5615812244701788,4.160730298565435,0.0,0.0,0.0,3.609605217690859,0.0,4.5896591093400545,4.283145984141448,0.0,5.617084615057406,0.0,4.908379323304048,0.0,0.0,0.0,3.7155143032270046,9.652150055638591,6.095559902798563,0.0,0.0,0.0,3.7155143032270046,6.046735751748139,0.0,5.354648826273045,2.8326485389386424,0.0,0.0,8.182375455206063
2.570591654509016,4.7590964747932505,0.0,0.0,0.0,5.535153828335227,0.0,1.932902343349475,4.840458183475994,0.0,7.03467365443069,0.0,3.7079639297970086,0.0,0.0,0.0,6.986992197111287,8.738036343924444,3.283191481543616,0.0,0.0,0.0,4.883821618762982,1.932902343349475,0.0,4.276768262140917,3.6308519927649563,0.0,0.0,11.92589274363564
3.714373860696152,5.131034662400298,0.0,0.0,0.0,1.8770635870691381,0.0,4.516818049296621,6.46395241846874,0.0,7.19284765600771,0.0,3.9478383298303887,0.0,0.0,0.0,6.691803502993262,6.51450835868267,4.87009129261481,0.0,0.0,0.0,3.8245890172765797,3.7049218693940644,0.0,4.9987525064308915,2.9627785771939834,0.0,0.0,10.39144026381494
3.206772027227121,5.1136909343651284,0.0,0.0,0.0,3.6393126386662433,0.0,2.9506884665137996,3.206772027227121,0.0,6.606175341786095,0.0,5.68070211246068,0.0,0.0,0.0,8.932755690017588,7.767282535812639,4.226664729242705,0.0,0.0,0.0,4.43756701569538,5.1445469964205595,0.0,4.460531143808393,2.0237189208373145,0.0,0.0,10.82801258587368
3.7910457863390525,1.5953223249304225,0.0,0.0,0.0,1.4992955005780089,0.0,4.946952973793769,4.356820745026262,0.0,6.532067426060406,0.0,6.640396531093416,0.0,0.0,0.0,8.18725754438765,9.621717281637228,6.129875507103442,0.0,0.0,0.0,1.6225302011782656,5.285761502962901,0.0,3.930714030336114,1.1139704650856428,0.0,0.0,9.15326455836717
2.667605061887858,3.940381367565557,0.0,0.0,0.0,2.055751103605663,0.0,0.3789895439976362,4.578364795385803,0.0,6.0072450076264925,0.0,5.8910032625451585,0.0,0.0,0.0,0.9836045567463122,7.647456718850532,5.833209958537973,0.0,0.0,0.0,2.34014846219715,0.3789895439976362,0.0,3.5897230652390744,0.9836045567463122,0.0,0.0,10.473799285262599
3.30400435676219,4.299541490193149,0.0,0.0,0.0,2.7878187634198337,0.0,3.0666121034240885,5.571733518228016,0.0,7.779062482420415,0.0,4.785792296449143,0.0,0.0,0.0,8.740005852205812,8.133787315273667,5.772284796015176,0.0,0.0,0.0,1.6662276413492898,6.850844223354004,0.0,2.504445566947542,0.3179765826465436,0.0,0.0,10.769068776621193
2.2381111009256562,3.594097824694023,0.0,0.0,0.0,2.3195293954929013,0.0,1.5782774579956476,7.107748062795307,0.0,6.22584187001177,0.0,5.897905036734572,0.0,0.0,0.0,7.311892823869157,-0.3918113411495643,4.658905125695461,0.0,0.0,0.0,2.0527219241737837,5.300426241784105,0.0,4.111516054118821,2.708849452539542,0.0,0.0,11.305433084924534
4.311993624521218,4.199457574382664,0.0,0.0,0.0,1.2130601371980836,0.0,0.08375922264015115,5.869465474356551,0.0,3.699078861726716,0.0,4.937667985700756,0.0,0.0,0.0,9.145295972841199,3.699078861726716,2.847482895034091,0.0,0.0,0.0,3.9548255080726644,1.7705662762940277,0.0,3.463565970835437,2.9294290661186215,0.0,0.0,0.17989635180695482
1.4978865452335142,3.0878594784590407,0.0,0.0,0.0,3.305478999235891,0.0,2.5892030707252127,7.345220252741077,0.0,7.446725962684708,0.0,5.048186832090591,0.0,0.0,0.0,6.854995937508945,6.628187592765113,4.432205115631521,0.0,0.0,0.0,1.1683175955599279,4.9166190061324615,0.0,4.366855335867109,3.2335247837544028,0.0,0.0,10.69437020727847
1.568718572022787,4.234653343931255,0.0,0.0,0.0,3.121750602220832,0.0,1.9732142335095602,7.664662170284586,0.0,8.416850570454486,0.0,4.785637854153615,0.0,0.0,0.0,3.8192238751008363,5.885714088410438,7.163128227213044,0.0,0.0,0.0,1.9732142335095602,3.8192238751008363,0.0,5.6854407372351385,1.3815337346924035,0.0,0.0,11.070595110047671
2.2261781083505467,5.34254481438933,0.0,0.0,0.0,3.415666790887249,0.0,0.9304068065327581,8.260974883739058,0.0,6.278420850657734,0.0,0.8619375016217944,0.0,0.0,0.0,3.415666790887249,8.186372450423766,4.643163509434889,0.0,0.0,0.0,3.6252547758750087,6.440209462836878,0.0,5.234418532475075,0.13588260818491946,0.0,0.0,11.829676851253081
3.0322021134189856,1.8058277028051868,0.0,0.0,0.0,3.416202819962027,0.0,1.4540967309665984,7.472177420523915,0.0,7.335743588020472,0.0,4.46669147430914,0.0,0.0,0.0,6.368326481740734,8.176461036413242,3.4585571189700026,0.0,0.0,0.0,1.4540967309665984,6.118598494509022,0.0,3.446365261115121,2.5738580887325613,0.0,0.0,9.10876471130552
3.0955416291942504,4.776175334973356,0.0,0.0,0.0,6.001299826306249,0.0,4.319513630551781,9.262818566971687,0.0,5.979813321397786,0.0,4.2424820999545,0.0,0.0,0.0,7.02603143467625,5.546655066165615,5.16321655110262,0.0,0.0,0.0,3.9560971428293614,3.7440754173464788,0.0,3.5522350319502403,3.549109921055519,0.0,0.0,11.554114558568607
1.7672534555525936,3.7263392662262884,0.0,0.0,0.0,2.929918516171893,0.0,3.249391679681163,8.782052587988149,0.0,4.738740641543895,0.0,5.155521570674022,0.0,0.0,0.0,6.305286275262473,8.382244923070857,3.8517444140318666,0.0,0.0,0.0,1.445808580516919,5.461117840980494,0.0,3.418588309364946,3.4308512883220024,0.0,0.0,11.556053213884272
1.5513701397404087,5.305304980388238,0.0,0.0,0.0,3.284533083307877,0.0,4.236550982059542,8.738532556041374,0.0,5.930138716812357,0.0,5.494650828326305,0.0,0.0,0.0,7.1631010261204215,7.699301051394637,5.916356443935406,0.0,0.0,0.0,3.1551853713949103,5.229179930361032,0.0,6.076878101215323,0.2794382462869809,0.0,0.0,9.41918068705711
2.5475598733301434,0.5948042473032538,0.0,0.0,0.0,3.7266741066500084,0.0,3.974599187805186,1.7598289925626056,0.0,6.454163651731803,0.0,6.046450369134805,0.0,0.0,0.0,6.8428460619025655,6.545996799287723,5.0239988685735,0.0,0.0,0.0,1.7598289925626056,3.816369278834625,0.0,4.137077676284165,0.5948042473032538,0.0,0.0,10.69862338531532
3.057194310153912,2.9683213300945295,0.0,0.0,0.0,1.9682894090508456,0.0,4.34466602887012,7.789500456344133,0.0,5.952517329524889,0.0,6.209444959554257,0.0,0.0,0.0,7.308839665061497,3.057194310153912,3.789752007107795,0.0,0.0,0.0,3.4106457060082906,0.05059700139289877,0.0,4.738730668546033,3.7202758806815455,0.0,0.0,10.3986130248281
3.453621789150841,4.336056574611234,0.0,0.0,0.0,3.273732229977908,0.0,4.4298630674887765,8.063073511393341,0.0,8.227592861963348,0.0,4.353047135949407,0.0,0.0,0.0,6.954932192796934,3.453621789150841,5.146730670003904,0.0,0.0,0.0,1.8983877932189832,5.435539673368203,0.0,4.379242015364123,4.430500825106897,0.0,0.0,8.162007464500604
4.837370812950221,5.0797064719482545,0.0,0.0,0.0,4.062286833298845,0.0,3.6658089240619893,4.0753034197339915,0.0,7.439556538296408,0.0,3.2829718225514926,0.0,0.0,0.0,9.298423684318966,1.02329160493966,5.8634085325811345,0.0,0.0,0.0,3.385551525751817,6.498448889347582,0.0,4.452858086005288,3.5112705865935707,0.0,0.0,4.0753034197339915
1.2206271215741902,3.995900275045966,0.0,0.0,0.0,3.905379891474932,0.0,4.087005063454446,7.421307350361531,0.0,5.9587389148689525,0.0,6.92179288294601,0.0,0.0,0.0,8.05245934340886,5.786982565731845,5.464156051880874,0.0,0.0,0.0,1.9813953211425026,5.330212080228485,0.0,4.025241728427482,1.3442025813682679,0.0,0.0,8.97407172099308
3.1918543191640887,3.0577355743661667,0.0,0.0,0.0,1.8706968900361287,0.0,1.543074542406369,7.678886838142356,0.0,6.860465639753708,0.0,4.72493305739724,0.0,0.0,0.0,8.561061445231449,3.1918543191640887,5.403998393048396,0.0,0.0,0.0,3.3668778177851655,1.500189595890134,0.0,4.548215583831909,3.3924362145589004,0.0,0.0,10.747016288083275
-0.298926697293458,5.396374167927414,0.0,0.0,0.0,2.8378320435229427,0.0,2.0103752351568938,2.4312349865563188,0.0,5.3979873230282625,0.0,6.348647965965946,0.0,0.0,0.0,6.541207603576849,2.4312349865563188,2.2096456340966646,0.0,0.0,0.0,3.6803876211638795,4.4879288128920205,0.0,6.006155297315192,2.2096456340966646,0.0,0.0,9.414726939284824
2.2931599143086028,5.21931470621001,0.0,0.0,0.0,2.9191346920059513,0.0,3.8241762440238958,9.868774955042579,0.0,3.2386425035879447,0.0,5.294368698570125,0.0,0.0,0.0,8.53365520223185,2.2931599143086028,0.1442947845716623,0.0,0.0,0.0,1.9234067811444298,6.17651311141428,0.0,5.499717332198676,3.6425249097977956,0.0,0.0,10.153253526649163
1.2439678205385198,1.758865321002634,0.0,0.0,0.0,2.8548856911248923,0.0,2.617104264247119,9.99867349404243,0.0,7.271100112683821,0.0,5.877479578890529,0.0,0.0,0.0,7.956819751545524,1.2439678205385198,4.670636876643081,0.0,0.0,0.0,4.713030602625448,5.893947173492884,0.0,3.4972912418743216,2.830514730490462,0.0,0.0,11.064316961470029
1.8459333539630185,4.145477220106575,0.0,0.0,0.0,3.0312785186855358,0.0,4.814908188867765,10.91813276502447,0.0,4.832861257067553,0.0,5.470379754369016,0.0,0.0,0.0,9.571684958870918,1.0409334711428488,5.4050588139267095,0.0,0.0,0.0,2.751983249172736,5.325290785480772,0.0,3.6975598024899394,0.8168328831102354,0.0,0.0,9.792338582522898
0.7083754525560303,5.298040607398989,0.0,0.0,0.0,3.0832626962444545,0.0,3.0758944901151812,9.649227188300893,0.0,7.8874091661394266,0.0,5.456668458808264,0.0,0.0,0.0,7.5658248019322505,0.7083754525560303,4.562586329687025,0.0,0.0,0.0,2.2676347195385955,6.706626841711849,0.0,5.4403219759147445,3.3618961509362966,0.0,0.0,8.026850612333849
1.8759427124287797,4.436026158491904,0.0,0.0,0.0,2.3647584991178876,0.0,4.551692648810358,10.555182626118905,0.0,0.7062226987522916,0.0,4.479117274228822,0.0,0.0,0.0,7.970283956422782,0.5383483350627294,6.566326892880892,0.0,0.0,0.0,3.5322207780544144,6.384496725376131,0.0,2.840481274800653,0.7062226987522916,0.0,0.0,10.809247775574917
3.212696335332145,0.40686542590653824,0.0,0.0,0.0,3.021007269423302,0.0,3.515471264912188,8.689746116288743,0.0,7.971709054113798,0.0,6.494263833117386,0.0,0.0,0.0,9.49267306594896,0.37454554390790173,6.408946788312155,0.0,0.0,0.0,2.459988139685933,5.052201709922843,0.0,2.686521684196218,1.5470699904178526,0.0,0.0,8.777596782798742
1.5439404402278136,1.580856239806689,0.0,0.0,0.0,2.3882374192637985,0.0,3.9651379559912097,10.03445484703971,0.0,7.455762952948037,0.0,3.5727933084530843,0.0,0.0,0.0,8.164407538270437,1.6395893455537405,6.530607315324622,0.0,0.0,0.0,1.580856239806689,4.765599808765305,0.0,4.052102919959544,-0.667913553763929,0.0,0.0,9.504711238687987
3.1396275548913852,2.416706474299203,0.0,0.0,0.0,3.8271191840019436,0.0,3.6753002649130013,7.794990261960052,0.0,6.478823349065719,0.0,4.655721441855627,0.0,0.0,0.0,9.441732336504696,2.1436612434695244,4.467367065490799,0.0,0.0,0.0,2.7969330349305785,6.065593703067869,0.0,4.6855191676304315,2.3253960101557096,0.0,0.0,9.488427943182359
4.105073980630843,3.3050312841569847,0.0,0.0,0.0,2.704705046048496,0.0,4.332136237330522,8.05904409643578,0.0,6.305362010962694,0.0,6.602730052265177,0.0,0.0,0.0,8.994003043506524,2.11908608869255,2.8114789063781327,0.0,0.0,0.0,0.9149630658127323,2.1838922526747013,0.0,4.693338003498579,1.9241527577779531,0.0,0.0,10.256276393644955
3.1165929364549827,2.138205708709777,0.0,0.0,0.0,3.197852470571985,0.0,4.63713604283631,8.427031375278341,0.0,7.800835897457653,0.0,6.00621080034517,0.0,0.0,0.0,7.853245904174789,2.6711471909306814,2.138205708709777,0.0,0.0,0.0,3.273911385710468,3.611102453020072,0.0,4.970522571237332,3.577646936659258,0.0,0.0,9.301549310796906
2.69355369397164,-0.12887860689106226,0.0,0.0,0.0,5.529332532429439,0.0,1.906185481911795,8.469371710047003,0.0,4.1141786092693575,0.0,7.469105275539684,0.0,0.0,0.0,10.787475020885884,-0.12887860689106226,4.465028806946761,0.0,0.0,0.0,3.936906485622334,7.173595394643778,0.0,4.594378878839232,3.333432188144472,0.0,0.0,11.137853035905755
1.9391461148992084,3.0042457008225436,0.0,0.0,0.0,3.153229921982098,0.0,4.174253537017676,8.610296204130504,0.0,6.137554032794335,0.0,5.312933329074044,0.0,0.0,0.0,8.279529480843298,3.438415698347036,3.2663163992782156,0.0,0.0,0.0,3.4573519367703307,3.4562153449240007,0.0,5.418277756654297,3.3303598538579404,0.0,0.0,9.360284979152725
2.5817114737653895,5.056050963888859,0.0,0.0,0.0,4.12491170228089,0.0,4.5243683683409675,8.716273023478337,0.0,5.896517787446374,0.0,5.796885925140235,0.0,0.0,0.0,7.587928934522583,3.583795636183269,4.21355687555702,0.0,0.0,0.0,2.5847536936326305,5.3357161147475,0.0,5.312064907660779,2.970376690061592,0.0,0.0,10.360535173002411
3.5892434650376996,1.720032212529147,0.0,0.0,0.0,4.765095944617624,0.0,4.393611995684131,10.56450347244662,0.0,7.155516266670167,0.0,4.923631066427087,0.0,0.0,0.0,8.81744863800724,4.5510566623762205,2.164132859804936,0.0,0.0,0.0,4.435737547060328,4.419577624742041,0.0,4.868135554322652,1.720032212529147,0.0,0.0,11.160621691170448
3.4024002007980485,1.700619083342441,0.0,0.0,0.0,1.005009848916007,0.0,1.005009848916007,8.789413905212932,0.0,6.098426947762964,0.0,2.3341866807986826,0.0,0.0,0.0,8.237846427386023,2.3341866807986826,4.616159611401574,0.0,0.0,0.0,0.5980080933986155,4.235638367369915,0.0,5.433266888236687,3.8142807699329486,0.0,0.0,10.520432445555874
1.3839047976697527,3.905268108168387,0.0,0.0,0.0,2.307297872195419,0.0,4.026251514622546,8.898793385559483,0.0,6.813485141606865,0.0,4.575356548724464,0.0,0.0,0.0,8.332501196828762,3.4363976479828553,3.9516974666130786,0.0,0.0,0.0,2.38000008663155,3.539564610565733,0.0,4.594251099510595,1.7906656201238254,0.0,0.0,10.43191001500908
3.3532840297687643,4.267133305806171,0.0,0.0,0.0,3.898365867206461,0.0,3.7289280005466443,10.739630611841811,0.0,6.350581876475839,0.0,5.291923968368985,0.0,0.0,0.0,8.138718690691583,3.263991122736957,3.611771320602676,0.0,0.0,0.0,4.97493762227397,5.298983604487235,0.0,4.268504591328958,2.2756648290620154,0.0,0.0,10.541424300430162
3.190124766863679,0.6388828211593233,0.0,0.0,0.0,0.3491099093713463,0.0,2.7852882774005785,7.214335812972253,0.0,7.20717475214625,0.0,5.009184257915036,0.0,0.0,0.0,7.562814047975658,3.5779754642107395,4.503342674955713,0.0,0.0,0.0,2.032903037634673,4.77093991057225,0.0,3.0499288390993406,3.206211128310497,0.0,0.0,0.6388828211593233
4.375987157206478,4.623590031944131,0.0,0.0,0.0,-0.7366778149244196,0.0,3.2668392499446854,8.499898086966885,0.0,7.216160670479166,0.0,4.294090160438764,0.0,0.0,0.0,8.114634244304964,1.1964051493257966,3.8971871441269075,0.0,0.0,0.0,1.202781592100918,6.630497776398689,0.0,1.1964051493257966,2.2012515626787024,0.0,0.0,11.487941098120679
1.9866823436451406,1.325089584721769,0.0,0.0,0.0,2.2645555665134207,0.0,4.86533523798693,10.22419785372623,0.0,8.059201262267532,0.0,1.325089584721769,0.0,0.0,0.0,7.773610929573353,4.544824246251053,2.4808033787883303,0.0,0.0,0.0,3.307181837808441,4.533327417648092,0.0,4.814162223999176,0.7440944041402581,0.0,0.0,9.068588370824983
1.9831792733928606,3.968275355184939,0.0,0.0,0.0,3.569390305429622,0.0,4.0147622861491845,4.333079405245697,0.0,7.151498160105163,0.0,5.298431298449961,0.0,0.0,0.0,8.278524856603664,4.333079405245697,6.701831950137059,0.0,0.0,0.0,3.13604836754658,5.428550327815019,0.0,4.204839557017615,2.5739503613606174,0.0,0.0,2.578781359227084
3.841591455812323,4.119475728632703,0.0,0.0,0.0,4.042125285873234,0.0,0.46063357521405024,6.255331081296239,0.0,-1.110754232552948,0.0,7.3003471620536216,0.0,0.0,0.0,8.344025337609292,5.424630651920865,3.3856287658557647,0.0,0.0,0.0,1.0237109538917493,5.079034878229159,0.0,1.109646134059508,1.1815017038338709,0.0,0.0,9.593096709256606
1.8631500176285798,1.2539111872335007,0.0,0.0,0.0,1.8120574360369153,0.0,1.2539111872335007,7.753463035005556,0.0,8.019353466808807,0.0,5.374301817058751,0.0,0.0,0.0,8.812680949521736,5.4202388458563515,4.705124269113202,0.0,0.0,0.0,2.8391419989505704,4.794544076686451,0.0,4.467431298516866,1.7165525207348762,0.0,0.0,1.6396936369586863
1.579870935750607,1.579870935750607,0.0,0.0,0.0,2.8677440971337735,0.0,3.14698597242104,10.20836370049104,0.0,5.274914973339317,0.0,5.72370615991866,0.0,0.0,0.0,7.663023816660077,6.828356975309156,3.8668217172218853,0.0,0.0,0.0,0.6350127914575935,3.7986573066251426,0.0,3.9906683607722946,0.6350127914575935,0.0,0.0,10.301877132088789
0.8174280559357388,2.0736066313095898,0.0,0.0,0.0,6.088805739669545,0.0,3.425748175490038,2.409312864139806,0.0,-0.45436150564553646,0.0,5.025242180492792,0.0,0.0,0.0,6.892213616255152,8.224435377696834,5.269175660327856,0.0,0.0,0.0,2.0736066313095898,5.732475658504836,0.0,5.3342781208005,0.8174280559357388,0.0,0.0,9.680340346328848
1.1240885058022005,3.4053762474933604,0.0,0.0,0.0,3.162650190720615,0.0,4.699196034085009,8.256536570588878,0.0,6.797306926961262,0.0,1.1217754570566432,0.0,0.0,0.0,9.226054306997229,7.1905615027368945,1.4231265004297844,0.0,0.0,0.0,4.6450373925182085,3.0044477531518723,0.0,4.616826590451638,2.0094159275307497,0.0,0.0,10.896262956192432
4.017528549124529,4.0361485824793295,0.0,0.0,0.0,2.202693564116067,0.0,4.023228468391713,10.555439922365446,0.0,8.426125649159905,0.0,4.320251001887209,0.0,0.0,0.0,9.439615622635541,1.5519811566486652,4.8841277493779405,0.0,0.0,0.0,2.1843565082688308,5.324370991014696,0.0,3.5893736828123286,1.6728699718062519,0.0,0.0,11.66704831864216
1.259771240690438,3.6490946588339286,0.0,0.0,0.0,2.0713366332789063,0.0,3.2861974470548496,9.774256267413119,0.0,6.92390193231929,0.0,4.719322558943562,0.0,0.0,0.0,7.8033660686365165,7.606636735092768,4.205380221275776,0.0,0.0,0.0,5.2425193514371475,5.604561429837513,0.0,3.518647449348811,1.6380917097622107,0.0,0.0,9.953518736989079
3.659887764796471,2.6630395041535477,0.0,0.0,0.0,4.659383000724665,0.0,5.133347966205476,6.717647866219256,0.0,3.000354208124201,0.0,5.817422963128221,0.0,0.0,0.0,8.702799824605558,2.686363786503969,3.9883223610715692,0.0,0.0,0.0,1.3186309640370568,6.344382457468065,0.0,3.1462579302167066,2.686363786503969,0.0,0.0,10.662830780299569
3.494006158684568,2.372103212876829,0.0,0.0,0.0,4.072049335136719,0.0,2.6738774959010176,3.2637918144944984,0.0,3.2681435822609957,0.0,6.449047106513028,0.0,0.0,0.0,3.2637918144944984,6.6140774371302,2.372103212876829,0.0,0.0,0.0,3.2681435822609957,5.750727648537271,0.0,4.461292598047582,3.124049301726615,0.0,0.0,12.182240376739314
2.3153529758918467,4.080301089021468,0.0,0.0,0.0,1.7368815961380366,0.0,3.8449193988249655,2.0983490427824565,0.0,5.891287354152211,0.0,5.67832801409138,0.0,0.0,0.0,6.866167816121037,5.384527219911826,2.0983490427824565,0.0,0.0,0.0,4.092753009565577,7.857970231154109,0.0,5.311565361719455,2.115688806877865,0.0,0.0,10.202387235100694
2.784223472004065,4.102723769575209,0.0,0.0,0.0,3.9431001850032708,0.0,3.393719224240744,7.970914401310422,0.0,5.40324570091901,0.0,7.439337251877505,0.0,0.0,0.0,7.394361442773228,6.796595278140949,3.3191947541435898,0.0,0.0,0.0,0.7428261795154313,4.109407346388273,0.0,0.7428261795154313,3.6269446807253773,0.0,0.0,10.679489406272877
1.97799564833793,1.9312046617465544,0.0,0.0,0.0,2.029166596143701,0.0,2.2942224356397607,8.708979977804313,0.0,5.42831365915279,0.0,6.214636375610706,0.0,0.0,0.0,7.734198071775238,7.857968615497157,0.15686136520177363,0.0,0.0,0.0,1.5690767556490954,3.8517670806680027,0.0,3.257830565615552,1.8754167691334622,0.0,0.0,10.851744606608957
3.665793876178441,3.734193907988961,0.0,0.0,0.0,2.5468677750712674,0.0,3.4993584364933845,9.912975011229536,0.0,7.7588677166386,0.0,4.524413803707095,0.0,0.0,0.0,7.1382375320722025,7.06635976594477,3.0595948095346346,0.0,0.0,0.0,1.1097136651120243,4.882651466473878,0.0,5.229801179930855,3.237084883543279,0.0,0.0,10.175390118803298
1.9952422551589564,2.8367376601614005,0.0,0.0,0.0,2.5958304885570014,0.0,3.9472619462446787,10.889061507058246,0.0,7.55027204500865,0.0,5.054838102462275,0.0,0.0,0.0,8.655377183617055,7.164183235851542,5.820916468208712,0.0,0.0,0.0,2.4166817550405657,4.871118231893048,0.0,3.185191503099216,3.3419135652098504,0.0,0.0,10.804551125972791
1.9485718309282172,3.554817513961658,0.0,0.0,0.0,3.5211004287386944,0.0,2.2482667976948907,9.448035056485057,0.0,7.199425635043595,0.0,5.406558573143408,0.0,0.0,0.0,8.667525477773683,7.900792957032565,6.080111972220705,0.0,0.0,0.0,3.1599184375497646,4.410333455762037,0.0,2.892757946597489,2.6485591286391017,0.0,0.0,8.600944946100547
1.4010063040251057,2.0820462465391527,0.0,0.0,0.0,2.522757529483844,0.0,3.862350073024015,9.22591449389,0.0,5.507933093183164,0.0,6.697003616974989,0.0,0.0,0.0,8.313863415431019,5.85284577782963,1.4010063040251057,0.0,0.0,0.0,3.261968038851378,3.333329362802603,0.0,4.266311829445767,2.5150165990215063,0.0,0.0,8.708283887146296
3.2009984375992797,5.780683907673057,0.0,0.0,0.0,0.9939736579040094,0.0,4.9857532377977964,7.2966987031055766,0.0,3.2009984375992797,0.0,6.325790042901578,0.0,0.0,0.0,7.341715825801447,7.206263026739409,3.769646468335284,0.0,0.0,0.0,3.6995548612380387,3.8596616408800704,0.0,4.757160450953666,0.9939736579040094,0.0,0.0,9.677113391489161
1.6434320763276198,3.6695253146491944,0.0,0.0,0.0,2.9030046295293803,0.0,3.7989240110154414,9.151111672726332,0.0,1.1884889228561224,0.0,0.3039670726686071,0.0,0.0,0.0,7.476674112704186,1.6434320763276198,3.855136587785716,0.0,0.0,0.0,1.1884889228561224,5.943157901737254,0.0,4.862489697024159,3.0544463791196397,0.0,0.0,10.1908587749173
1.762178652930403,2.3767362985536167,0.0,0.0,0.0,-0.7256326928978225,0.0,2.9831215882177045,10.103739495083058,0.0,5.861887027078906,0.0,6.266946561812103,0.0,0.0,0.0,7.957994435771644,7.168021742340139,5.480396825393632,0.0,0.0,0.0,1.9043910805450053,2.2979778920186273,0.0,3.657189739526318,2.0345365230946406,0.0,0.0,10.213984978398178
2.587955001571977,4.529051285869641,0.0,0.0,0.0,1.2557503237557484,0.0,5.4510557537385464,8.171587597629884,0.0,7.777448434526319,0.0,4.835675374678187,0.0,0.0,0.0,7.858826531002435,8.24502789200625,6.807218674139207,0.0,0.0,0.0,2.672904155388602,7.175259112208932,0.0,1.2557503237557484,3.397337661968516,0.0,0.0,11.57708879524155
2.792708370028201,4.794302788389198,0.0,0.0,0.0,1.9170287047947614,0.0,4.509597710821929,8.910341476205195,0.0,7.2693524783003145,0.0,7.538413388983516,0.0,0.0,0.0,9.162604311901847,5.817930072601605,5.595427766505499,0.0,0.0,0.0,2.856643163775268,5.041893906974792,0.0,4.987967592577077,2.0099293601358252,0.0,0.0,5.817930072601605
1.6602147534494764,2.8891136030166487,0.0,0.0,0.0,3.077485714880269,0.0,2.956808192752374,8.863505303043462,0.0,5.998184001315961,0.0,5.372800596146151,0.0,0.0,0.0,9.349729104379923,4.211649402495107,4.999996964812982,0.0,0.0,0.0,1.7146390661217255,4.059048480148421,0.0,2.130769419665083,4.211649402495107,0.0,0.0,8.216602628340935
3.4306431759625124,4.227059565810617,0.0,0.0,0.0,2.8113149181232275,0.0,1.4728922822087132,8.159394512701988,0.0,1.0042328501831275,0.0,5.352987055319734,0.0,0.0,0.0,7.813211381980412,7.656059830292248,5.578623715465266,0.0,0.0,0.0,4.116878569806992,4.362456633979116,0.0,2.7093396216106127,1.886576918167239,0.0,0.0,8.354548794779198
3.152033541966067,2.7995976832404876,0.0,0.0,0.0,1.1522327781232233,0.0,4.180920043115042,8.200237652417556,0.0,9.423806702906997,0.0,4.07909473014114,0.0,0.0,0.0,7.555417397662628,7.366957376458207,1.931282836798489,0.0,0.0,0.0,1.8629887508733158,4.822298127731489,0.0,3.4756500727591657,1.931282836798489,0.0,0.0,10.1681489410432
2.775245535854145,3.01281859752038,0.0,0.0,0.0,2.7094264425850216,0.0,4.140237724118546,6.242932518236956,0.0,4.140237724118546,0.0,5.020868237712746,0.0,0.0,0.0,8.517021762270174,8.714889085221925,0.9394237618966361,0.0,0.0,0.0,3.294647894858249,4.709194776327584,0.0,4.089385389131891,2.182147810243514,0.0,0.0,10.49377656138966
2.4105436533428954,5.001229481412084,0.0,0.0,0.0,2.9483002233161066,0.0,3.8787198965482137,8.019836488271762,0.0,5.461826085939956,0.0,0.37186009509349804,0.0,0.0,0.0,7.882806802244848,7.805737777643413,4.917988771050672,0.0,0.0,0.0,2.4753845691047425,5.701212673742953,0.0,5.591521599134164,2.240826890821082,0.0,0.0,10.165802264304277
2.953304210230672,4.090532341032574,0.0,0.0,0.0,2.3114863264584216,0.0,2.4317390786283584,9.415608852647187,0.0,6.443301238292644,0.0,6.000978463644825,0.0,0.0,0.0,8.223473393280724,7.682670816530886,3.2938572177706,0.0,0.0,0.0,2.1078277672189976,5.823227489772031,0.0,4.188953607545175,2.4934328016066747,0.0,0.0,8.873844227859028
3.7393459336449593,0.8650523193469548,0.0,0.0,0.0,1.707155770652256,0.0,2.5016147491981546,7.54211900853947,0.0,3.6719325840284194,0.0,4.577816825928572,0.0,0.0,0.0,9.10712760507346,2.460484497290847,4.816162636087691,0.0,0.0,0.0,0.955076602150139,0.955076602150139,0.0,3.9952244438544846,2.4296880879460097,0.0,0.0,10.16669467215431
2.0822183791001665,3.547646828687057,0.0,0.0,0.0,3.7742009031258075,0.0,3.575822962675233,0.6542370260501145,0.0,6.551725154309576,0.0,4.542928073626142,0.0,0.0,0.0,7.750501117599528,9.553217061594735,5.193872125946491,0.0,0.0,0.0,0.6542370260501145,5.507791237121481,0.0,3.6157380644781307,2.593962646332669,0.0,0.0,2.595783582943143
3.294086316969571,1.3416650332811266,0.0,0.0,0.0,4.095019115809401,0.0,4.191173708936551,0.1701453970990047,0.0,7.510203834256713,0.0,7.337067195627217,0.0,0.0,0.0,8.678721552925985,1.3416650332811266,4.665262155871663,0.0,0.0,0.0,2.7630150365073964,5.12661124392722,0.0,4.030628559780406,0.1701453970990047,0.0,0.0,8.74652800484582
3.605049474752924,4.41698267211675,0.0,0.0,0.0,2.4555907966077415,0.0,3.605049474752924,10.582450188656397,0.0,8.500279938297737,0.0,4.699509747447316,0.0,0.0,0.0,9.354497983492191,7.382081597709311,4.0640139001364775,0.0,0.0,0.0,1.7267905483143855,4.014779866311417,0.0,5.457538201261802,2.092538587253273,0.0,0.0,10.125953062592561
3.866888315677205,4.16821437109755,0.0,0.0,0.0,4.041089671629897,0.0,2.6885715093495666,8.587834656762938,0.0,5.650335619990705,0.0,4.012420086021829,0.0,0.0,0.0,-0.05331221423450527,7.564082287660789,4.337220036874852,0.0,0.0,0.0,3.0754409628328783,4.26390683268115,0.0,4.563713203673569,1.3956272254124718,0.0,0.0,9.124092150175974
3.1935093835832786,2.6884070223350944,0.0,0.0,0.0,1.1642794182135103,0.0,2.8659455091945913,11.163355339545936,0.0,5.9950898311191825,0.0,4.136740807410663,0.0,0.0,0.0,8.249229421442614,7.751001372443589,1.1642794182135103,0.0,0.0,0.0,1.8665147752827491,3.090650782860378,0.0,4.306601336820943,0.43736418064732624,0.0,0.0,7.237439121179772
2.068050629048249,3.7801658987496323,0.0,0.0,0.0,3.3778145840642027,0.0,0.9983615713321428,6.792385147917115,0.0,0.7919413212298958,0.0,5.777326833835951,0.0,0.0,0.0,7.352624722521013,6.55344668178776,5.807705725296038,0.0,0.0,0.0,0.7919413212298958,4.6894233124106846,0.0,3.9709414764919084,2.9006579023965697,0.0,0.0,8.806036574438417
3.3838444367490847,4.55465011209337,0.0,0.0,0.0,3.7459930478653716,0.0,2.773041578324597,10.179788424951584,0.0,6.247237605831938,0.0,5.286727077134989,0.0,0.0,0.0,7.1152252855468054,5.53156483363465,5.9042734190902255,0.0,0.0,0.0,1.9704073940677191,3.5036211681886122,0.0,4.3214654231956455,3.7208370538608637,0.0,0.0,9.710362550835818
3.305972271926304,2.5533074910810143,0.0,0.0,0.0,3.211432517610365,0.0,5.1969576325158116,1.1015068530934575,0.0,7.114379003076644,0.0,4.548029085755078,0.0,0.0,0.0,0.8975848432805006,6.095939866344489,4.280874392384152,0.0,0.0,0.0,2.5583515945590767,0.8975848432805006,0.0,1.1015068530934575,0.9423484121198459,0.0,0.0,5.1969576325158116
2.382657720173722,3.6126557797213223,0.0,0.0,0.0,3.3403093931497443,0.0,2.074297794000796,9.95331001325736,0.0,6.12015920269756,0.0,3.844360308426116,0.0,0.0,0.0,8.407309262126775,7.5254211597605245,3.6679604250949276,0.0,0.0,0.0,3.393475574827744,5.946929735905224,0.0,4.4402425390903435,2.652837877220809,0.0,0.0,6.665474346658863
2.7662218937903496,4.373991159691673,0.0,0.0,0.0,2.4355062522078845,0.0,3.3047479517434253,9.835756598518048,0.0,7.637962616689857,0.0,5.0840195594010105,0.0,0.0,0.0,2.6470900386012843,2.6470900386012843,1.191431733480811,0.0,0.0,0.0,3.9005571110035695,3.7038061613317486,0.0,3.348098421425345,2.5019608507663045,0.0,0.0,10.542067912531278
3.2441582898528813,3.8311054763754813,0.0,0.0,0.0,5.38065667612083,0.0,3.704659557075774,8.886937152299124,0.0,7.651108025969236,0.0,5.001268786618047,0.0,0.0,0.0,9.283148489933094,5.965543141946496,5.296580370754507,0.0,0.0,0.0,3.111307031016841,4.859198622186635,0.0,3.340989050639266,2.509556274950107,0.0,0.0,10.149589358795415
2.125140106260283,5.282932459237761,0.0,0.0,0.0,3.3845473308282017,0.0,2.7354727984133174,10.912517274292604,0.0,5.620883840010915,0.0,4.08545727522145,0.0,0.0,0.0,8.22597422377094,6.15105121993397,3.5334301306583953,0.0,0.0,0.0,2.9134293708517123,-0.03289574326758882,0.0,4.770855504965933,2.244082846996406,0.0,0.0,9.23474424343731
1.3272261411593185,1.5152850497608252,0.0,0.0,0.0,1.6131879948574832,0.0,4.90439636697056,7.1772782845790655,0.0,8.696567911546941,0.0,4.892201295991171,0.0,0.0,0.0,5.1218000363678495,5.78736291682941,5.579237635400385,0.0,0.0,0.0,2.908665466127459,1.5152850497608252,0.0,3.564577281625538,3.4860766234852045,0.0,0.0,9.696919486048271
1.9695888728197757,1.2589126358675968,0.0,0.0,0.0,4.669545339739976,0.0,2.893686230282226,8.826351709697686,0.0,1.2589126358675968,0.0,7.108220234343767,0.0,0.0,0.0,6.252353525745692,8.147684916776814,4.561655585524056,0.0,0.0,0.0,4.538698077039118,1.6490791872999324,0.0,3.8335504423697224,0.4673161156701254,0.0,0.0,10.79113538458079
1.3419225967806854,3.137227676290304,0.0,0.0,0.0,3.001385950652268,0.0,2.784241092237851,8.707185641306214,0.0,6.741681221190865,0.0,4.401505773529119,0.0,0.0,0.0,2.6168552992444263,7.949046924335664,3.5384990672661325,0.0,0.0,0.0,1.3419225967806854,2.6168552992444263,0.0,3.0042465987279563,2.7038399871875507,0.0,0.0,12.4656241151127
1.4077590159354898,0.19565211061713916,0.0,0.0,0.0,3.6593887157729577,0.0,4.170342691658011,8.36659569564984,0.0,5.824023843109077,0.0,6.77412715205259,0.0,0.0,0.0,6.6122853471547,6.164969001095867,2.8121339847515463,0.0,0.0,0.0,3.3820176023237094,3.7395256033877744,0.0,3.2118772507681705,3.2874412815916543,0.0,0.0,11.203532038017972
1.8904410081727339,3.19227053440453,0.0,0.0,0.0,5.063601102762046,0.0,3.0560423532198873,3.8358397430776874,0.0,6.663656749325173,0.0,6.619513230195845,0.0,0.0,0.0,10.266950079784836,3.8358397430776874,4.828854774728546,0.0,0.0,0.0,3.14250555653443,4.356943926150484,0.0,0.592324060963383,2.4036277408855824,0.0,0.0,8.94251661187526
1.8575262946443,4.261775202167535,0.0,0.0,0.0,5.030101034074017,0.0,1.9131747417664053,8.339140060467845,0.0,6.886815586331121,0.0,5.156855758934847,0.0,0.0,0.0,0.6071141962283789,7.237011619552965,3.9268487728558847,0.0,0.0,0.0,2.514133729900964,1.9131747417664053,0.0,4.325876473963223,4.0987375322712865,0.0,0.0,10.612123119514024
4.481294558162996,4.472104547860086,0.0,0.0,0.0,3.9325164905253978,0.0,2.816550573388037,4.481294558162996,0.0,5.982658039894196,0.0,7.212970454100275,0.0,0.0,0.0,10.479095504756506,2.1956072435219784,0.12567913430831731,0.0,0.0,0.0,1.9587844752001875,3.5671483623083553,0.0,4.19494179316915,3.3223862306836387,0.0,0.0,8.842579107673522
4.227712437010711,2.9602955813938583,0.0,0.0,0.0,4.217035488112542,0.0,4.234076165858477,4.227712437010711,0.0,7.305496163004768,0.0,5.787602471726477,0.0,0.0,0.0,8.253508053719305,6.9278214035688706,5.078619176920177,0.0,0.0,0.0,1.455524267586224,1.455524267586224,0.0,3.6741634060762225,2.4532508448493826,0.0,0.0,8.120434565469711
2.96057990487012,3.7087705468476146,0.0,0.0,0.0,3.842667624381532,0.0,4.558106655350345,2.96057990487012,0.0,6.101901602267228,0.0,4.2012475862110765,0.0,0.0,0.0,8.146576378271133,7.812941974107173,6.185948830360459,0.0,0.0,0.0,2.287293962549853,5.8709862063375,0.0,5.3472338251204565,1.2564380104404738,0.0,0.0,9.213847467398539
2.1349297335169695,3.7236691264690096,0.0,0.0,0.0,4.087158752511158,0.0,5.887314650037987,2.1349297335169695,0.0,6.449904040926362,0.0,6.5311381521611045,0.0,0.0,0.0,9.07202063506851,6.773853719635629,5.241371904825723,0.0,0.0,0.0,1.4844798189860555,5.352466565207414,0.0,5.3029982565279585,1.7625678252574182,0.0,0.0,7.699277833290411
1.6178396533975137,6.389406686433983,0.0,0.0,0.0,3.228403153943994,0.0,0.7525487224899825,1.6178396533975137,0.0,6.31892354914739,0.0,4.1888529296098715,0.0,0.0,0.0,9.087309578465737,9.836722080390357,3.429169176312876,0.0,0.0,0.0,2.0472605620655466,5.61778300687951,0.0,3.737226435503536,2.7219144583527464,0.0,0.0,8.828621520407268
0.8642449910665774,2.0407973919479567,0.0,0.0,0.0,2.8508980098412726,0.0,2.813740540675938,0.8642449910665774,0.0,5.975249828378081,0.0,5.038875271359789,0.0,0.0,0.0,9.270424890759381,7.756619325647876,4.940818099490339,0.0,0.0,0.0,3.8749879819875606,5.181944355549621,0.0,5.116608666419531,3.2140786096662723,0.0,0.0,12.428419179959327
4.5096942696090885,3.4279883276811622,0.0,0.0,0.0,2.6459027507925406,0.0,2.961239470598053,0.9400521023455964,0.0,6.912504728649934,0.0,4.41903393689785,0.0,0.0,0.0,8.366708476542003,8.28937680365565,5.380331839198595,0.0,0.0,0.0,2.2487185358447004,5.31293803152559,0.0,4.0999504719051965,3.2159564511522123,0.0,0.0,8.533174770426582
3.736718725883596,4.219061592086269,0.0,0.0,0.0,3.370804669403999,0.0,1.9697593778804308,0.8893619311288663,0.0,8.082152814350083,0.0,6.681787755672545,0.0,0.0,0.0,10.49496744225177,7.809300677684238,6.080575604106576,0.0,0.0,0.0,3.9303043155690642,5.37882875212248,0.0,5.7800265250554554,3.6683211706060517,0.0,0.0,9.853008004554738
1.319897412171173,3.741643719763691,0.0,0.0,0.0,2.9698829871545134,0.0,1.6003428784284943,1.319897412171173,0.0,5.440630933390199,0.0,6.185862946972764,0.0,0.0,0.0,8.990635920160607,8.134438930248544,1.6003428784284943,0.0,0.0,0.0,1.3633176223855203,4.640348133939142,0.0,4.614841677576902,-0.39264243523743236,0.0,0.0,7.956463767702908
4.7890778158400105,4.114777365522782,0.0,0.0,0.0,3.027439218732496,0.0,2.3284176386870095,2.222435128355409,0.0,6.8021404766649125,0.0,5.123585254317709,0.0,0.0,0.0,10.277074302892007,8.637034916974343,5.872850636894086,0.0,0.0,0.0,1.78455311927303,4.910419245026503,0.0,3.697825332537098,3.3190605246099585,0.0,0.0,7.6336716149729416
3.880431718328903,4.15112507347042,0.0,0.0,0.0,3.686264349307333,0.0,4.3494488733003935,2.9957339096485884,0.0,3.880431718328903,0.0,6.9244646065519415,0.0,0.0,0.0,7.508920482533029,7.356562295332749,4.615628493412961,0.0,0.0,0.0,3.08629179942969,5.387487205804409,0.0,3.6457712366286663,2.284086652904358,0.0,0.0,8.437703410487147
0.5512015465194763,2.7823855392910253,0.0,0.0,0.0,2.7617967409274837,0.0,2.016479033850372,-0.872177359826836,0.0,7.182045824072796,0.0,5.592367586655474,0.0,0.0,0.0,7.613998821429312,9.520552461620829,4.5768935589964865,0.0,0.0,0.0,3.968957323792267,2.016479033850372,0.0,3.707695753351527,4.203575245140932,0.0,0.0,10.06379770742861
2.647451624029955,3.9492668663480104,0.0,0.0,0.0,2.6670831991209347,0.0,1.9657731660059607,3.6075142853643833,0.0,2.647451624029955,0.0,4.096932487761945,0.0,0.0,0.0,9.671477908790228,6.320006968621705,4.372117362394474,0.0,0.0,0.0,3.4583492106884406,4.774405485224989,0.0,4.574998536336558,3.049711620896928,0.0,0.0,8.967473996892016
2.1194428912347463,4.7075966229837505,0.0,0.0,0.0,2.257301808325174,0.0,4.5479604593268155,3.5333844581947664,0.0,2.1194428912347463,0.0,5.3206453681275345,0.0,0.0,0.0,6.867847280483154,8.917813121635424,4.082256249216232,0.0,0.0,0.0,3.9839502172381294,6.57246177384975,0.0,4.513902261164695,0.24460070782734697,0.0,0.0,10.729645851720752
2.157858710842165,3.3683104881880723,0.0,0.0,0.0,4.659557492585882,0.0,-1.1404837372672956,3.73564926443618,0.0,2.157858710842165,0.0,5.5060749865652605,0.0,0.0,0.0,7.8057235820334245,7.016591921643112,4.372473172195311,0.0,0.0,0.0,3.3121900499098738,4.621834151244332,0.0,4.008340428488769,2.241974952451383,0.0,0.0,10.117148494689637
2.0070198578154854,4.45103552551952,0.0,0.0,0.0,3.4421065971070726,0.0,3.749943631549387,5.0097401055173965,0.0,3.745740194366628,0.0,5.448040298137612,0.0,0.0,0.0,7.912970526654005,7.940761533042057,3.9675860714423603,0.0,0.0,0.0,3.710598840546273,5.977406611879235,0.0,5.397425822722868,3.507245228684316,0.0,0.0,12.38472767980954
4.330572920195461,2.8126764934765727,0.0,0.0,0.0,2.89838638816867,0.0,3.980076496187779,4.281108118240814,0.0,3.85604704419824,0.0,4.605788545095773,0.0,0.0,0.0,8.15328254313453,6.688139823962753,3.2483055207025027,0.0,0.0,0.0,2.606656577167526,5.367135632037716,0.0,4.111661360620579,4.077513844390699,0.0,0.0,8.44929750101408
2.7684947268953306,2.42527315462129,0.0,0.0,0.0,1.7980226920596272,0.0,2.5096970949859525,6.536378674732493,0.0,3.5654465085400426,0.0,6.365466643224746,0.0,0.0,0.0,8.73234884928779,8.13093825512612,7.601113896161875,0.0,0.0,0.0,0.5420074729613829,5.607775372271017,0.0,3.837881515998051,1.3725270639696854,0.0,0.0,10.080014653891208
2.1691567737788238,4.320521418863263,0.0,0.0,0.0,3.591028986287186,0.0,6.105815552865515,4.9832009727009545,0.0,1.8540003309300213,0.0,7.586613174557785,0.0,0.0,0.0,8.785206395731665,8.999603293045064,4.183959531474245,0.0,0.0,0.0,1.1948077759361437,1.476092884402662,0.0,2.1691567737788238,1.7762623666049895,0.0,0.0,1.8540003309300213
1.8044708335681205,3.27543578181919,0.0,0.0,0.0,3.2018284052522303,0.0,3.3257312758171285,1.3909535633064247,0.0,3.25040009505175,0.0,5.716450797606938,0.0,0.0,0.0,8.474587704891219,8.072939031637052,5.081222320040216,0.0,0.0,0.0,3.7465256982394655,4.190548917753034,0.0,3.9453890300720196,3.748512861300316,0.0,0.0,10.3676330889325
1.4135444921321596,5.261385691047785,0.0,0.0,0.0,4.539257474710507,0.0,5.585722128385116,7.7709662709767775,0.0,3.1859698383937527,0.0,1.7740859962106605,0.0,0.0,0.0,8.922060763389904,8.079265511046435,4.9899766567175305,0.0,0.0,0.0,2.1488762407509756,5.214495601565912,0.0,1.4135444921321596,2.0269297950590714,0.0,0.0,8.726473576049225
3.525546191110285,3.378243328188663,0.0,0.0,0.0,3.27316631712381,0.0,3.3718582925266416,8.635807064848231,0.0,3.3484158706625218,0.0,5.230077899632782,0.0,0.0,0.0,8.711157755307047,8.509972204224573,6.352807639738292,0.0,0.0,0.0,-1.2151597338642104,2.3456039996015643,0.0,2.3456039996015643,2.3463136233835495,0.0,0.0,9.963582160607915
2.217843900349839,3.4384062948808367,0.0,0.0,0.0,3.4315847285338203,0.0,3.0665818622267054,7.349202692142377,0.0,3.8728642860526117,0.0,7.004487207783904,0.0,0.0,0.0,8.324119170048222,6.7433288415036525,4.171784523261808,0.0,0.0,0.0,4.925883777974319,4.698982410169437,0.0,3.3807500055939705,4.0313467705265245,0.0,0.0,10.3547864957732
2.059334459207715,3.0677754112059823,0.0,0.0,0.0,3.0273895924977,0.0,2.645783034744237,8.664147557211322,0.0,4.3047466057905215,0.0,6.7582338901342185,0.0,0.0,0.0,8.565454072851628,7.611475930321195,2.587369349178233,0.0,0.0,0.0,2.665122422995788,5.6922653806664725,0.0,4.137284657932355,1.6662863090267241,0.0,0.0,10.870823180061052
2.195363025532214,5.026583117997103,0.0,0.0,0.0,2.8072367007764174,0.0,5.018260150241158,9.473788035579586,0.0,5.790776204323008,0.0,0.9472012646382824,0.0,0.0,0.0,9.793792260086192,8.026939099754784,3.4042076436012727,0.0,0.0,0.0,3.32815784211939,5.435129942584878,0.0,2.833948785476959,3.4332078551354694,0.0,0.0,10.28129320266477
5.219449652985552,6.210084386878265,0.0,0.0,0.0,2.319402298824212,0.0,2.678965692898136,9.644345743132119,0.0,2.4586337461937613,0.0,3.927794912944874,0.0,0.0,0.0,2.4586337461937613,9.250998185689623,3.166395162156758,0.0,0.0,0.0,0.7197946813313881,2.8889209696059037,0.0,2.435897716714499,2.131818831705149,0.0,0.0,10.639235586658927
1.10146637680671,3.585274443575935,0.0,0.0,0.0,4.487598659688407,0.0,2.6001657310860224,4.6379419431566395,0.0,4.510549707509807,0.0,4.6379419431566395,0.0,0.0,0.0,9.16640420045359,7.969411725129849,5.632246278800125,0.0,0.0,0.0,3.751812263870733,5.583184168299956,0.0,4.313551296663478,1.746987696976264,0.0,0.0,11.025897606971204
3.0896486371603693,4.258334162633858,0.0,0.0,0.0,1.3716580513051,0.0,5.100172280446948,7.487814532940747,0.0,3.4921628168905317,0.0,6.535411775790037,0.0,0.0,0.0,5.100172280446948,6.607324763188495,1.7006176027896411,0.0,0.0,0.0,3.028271901067815,3.7863887311586977,0.0,5.559677797266432,3.9436790110450195,0.0,0.0,10.682139564517216
2.7131882664313065,4.443739522830497,0.0,0.0,0.0,3.359605808251264,0.0,5.858357729603217,9.571610471255255,0.0,5.000589997245151,0.0,4.661496716082818,0.0,0.0,0.0,7.913012761464624,-0.14566658206057115,4.116936295083685,0.0,0.0,0.0,3.427506980812137,5.210151254691955,0.0,4.035266105136933,3.0406909440468173,0.0,0.0,9.7170381328125
2.155979606490727,1.0839290929824232,0.0,0.0,0.0,-0.08968252161385279,0.0,4.4458601099481685,9.013023263279242,0.0,-0.08968252161385279,0.0,4.383790137051426,0.0,0.0,0.0,8.08869740741247,9.845551389352625,4.1326964956623735,0.0,0.0,0.0,3.729950017088924,-0.20858705863480906,0.0,-0.20858705863480906,3.1859711539635525,0.0,0.0,12.241192406321355
2.3151344595286147,3.1812201650516774,0.0,0.0,0.0,0.13327194258782948,0.0,4.959700921338203,9.554167784514933,0.0,5.325237025068574,0.0,6.257592115459274,0.0,0.0,0.0,7.505027101348023,7.7893804572715855,3.140431786805478,0.0,0.0,0.0,1.2774188410084586,5.462571810534686,0.0,4.46883195465822,1.4059905765317835,0.0,0.0,0.42324207093884003
1.0819395270200822,0.5909509136001722,0.0,0.0,0.0,2.048644203613957,0.0,2.8535124282451028,7.783570567327068,0.0,6.320374684057659,0.0,2.924988286129408,0.0,0.0,0.0,7.218124105263143,7.652333223998183,2.924988286129408,0.0,0.0,0.0,3.075994865986325,7.3631944508900595,0.0,3.4294356531412467,1.0895334398234184,0.0,0.0,2.0757754188679574
1.0463415077886933,0.9784820137247592,0.0,0.0,0.0,3.7715920175160473,0.0,2.2681024120212085,10.48643590481783,0.0,5.365347597738999,0.0,4.630600232021608,0.0,0.0,0.0,8.001470809349762,6.183567755091266,4.599809455005733,0.0,0.0,0.0,2.950003823431449,4.170432699283309,0.0,3.552781741409068,2.6047557717866034,0.0,0.0,9.976718698736942
1.8176415771547119,6.0472942454687235,0.0,0.0,0.0,2.6978981301435887,0.0,1.5596318853445823,10.003724370632789,0.0,7.225787495748249,0.0,5.556591222520262,0.0,0.0,0.0,8.144332756727655,7.71486310548508,1.5596318853445823,0.0,0.0,0.0,2.1737769030630902,6.115639095949824,0.0,5.174863450095348,2.2365603446695195,0.0,0.0,10.057251711837393
2.7551323714611535,3.806430655024338,0.0,0.0,0.0,1.40781362445719,0.0,2.59154936253114,9.774629802449098,0.0,7.837759037181578,0.0,4.297748698027155,0.0,0.0,0.0,-0.4820185181583563,7.165897696531863,5.12161972145121,0.0,0.0,0.0,1.3399020215843482,5.987476814771825,0.0,4.287840593710117,1.908376868504618,0.0,0.0,9.019036846602505
4.300344665875062,5.014049424212412,0.0,0.0,0.0,3.5186495801808366,0.0,2.497691958545886,7.263622447765568,0.0,1.3640587770819115,0.0,3.807383118030506,0.0,0.0,0.0,3.807383118030506,8.285882241308068,1.3640587770819115,0.0,0.0,0.0,1.8500530490770284,5.013693940937998,0.0,4.086021007171615,3.966134618075178,0.0,0.0,10.597714605955082
3.3068428926191693,4.421613992996423,0.0,0.0,0.0,5.104116706289542,0.0,3.6331228908003257,7.777942589826824,0.0,2.451146363005839,0.0,4.329064269392475,0.0,0.0,0.0,7.613098194603739,9.8170645453812,4.2695512758210565,0.0,0.0,0.0,2.9334429343390673,4.8154494702969695,0.0,5.693908419217902,2.070980434575424,0.0,0.0,4.421613992996423
3.7610252006724814,3.0458773213050057,0.0,0.0,0.0,3.5738649575582446,0.0,4.562890709531959,8.890452837398808,0.0,7.943188784641538,0.0,5.164993097386364,0.0,0.0,0.0,7.9586961771019205,7.458167704816943,4.283157492173525,0.0,0.0,0.0,2.637479210910101,5.793273806133,0.0,4.405517421426971,2.9262605153449734,0.0,0.0,7.661630250933122
2.171646250251415,2.7537206900062827,0.0,0.0,0.0,3.574234747401525,0.0,3.5773988975560718,7.967408919072575,0.0,1.8051372941932389,0.0,5.588071939669174,0.0,0.0,0.0,3.574234747401525,6.022084853894768,3.576913684650121,0.0,0.0,0.0,2.0731279842547536,5.6274953855386665,0.0,3.6923317538667,1.7452342467231916,0.0,0.0,8.49277006698267
5.039580123288782,0.320521394543826,0.0,0.0,0.0,4.8787337956956875,0.0,1.6693494114656373,5.039580123288782,0.0,6.473212100773935,0.0,5.702690801126989,0.0,0.0,0.0,6.241220594565606,6.677374679209708,3.2165011212533363,0.0,0.0,0.0,1.6693494114656373,4.011100491987719,0.0,3.599364375446643,1.3736476732942497,0.0,0.0,3.2165011212533363
2.641000819751077,2.257837849661801,0.0,0.0,0.0,4.690082800746063,0.0,6.303354193294473,8.596758642654272,0.0,6.41209341695758,0.0,3.4009582244742385,0.0,0.0,0.0,2.641000819751077,1.3174417050264982,1.1350896424084695,0.0,0.0,0.0,3.0088512401967678,6.786802452718729,0.0,5.53815794243249,1.7408379960288278,0.0,0.0,10.472034380602427
2.807451706810293,4.118011362384223,0.0,0.0,0.0,3.4686083966666947,0.0,2.950247064242527,8.538267287559007,0.0,2.807451706810293,0.0,6.697796281021693,0.0,0.0,0.0,5.389914120637696,5.304427980108796,3.4334716020823666,0.0,0.0,0.0,2.4297336855838036,7.295679664831908,0.0,3.241708515998255,4.189416966691858,0.0,0.0,10.317479551181062
4.167188790920869,1.5388216364717329,0.0,0.0,0.0,1.5388216364717329,0.0,3.2712410694562952,4.167188790920869,0.0,5.603834423793702,0.0,4.576058963233536,0.0,0.0,0.0,5.8586905421298905,8.596951260333052,3.490070195532073,0.0,0.0,0.0,3.321072194709464,5.084943445751374,0.0,3.7859377421589646,1.8416118479826562,0.0,0.0,9.25322387139968
3.381068334801829,3.2246232449791252,0.0,0.0,0.0,3.3918480846501744,0.0,4.0055557571824485,3.381068334801829,0.0,4.847125954517207,0.0,5.735637839904069,0.0,0.0,0.0,6.198260708012276,6.7986091162746645,4.66260652933156,0.0,0.0,0.0,2.182543481985812,4.076053798328732,0.0,2.5262397958739546,0.9006158485658365,0.0,0.0,9.48942244156438
6.582457537614798,3.1530036816472773,0.0,0.0,0.0,3.218956262575934,0.0,3.956252968803549,2.7335583864560014,0.0,5.186808913326857,0.0,2.5117512906821173,0.0,0.0,0.0,7.476377446621384,7.315965920225159,2.7179782374833303,0.0,0.0,0.0,2.038187188509676,4.802108036540674,0.0,2.5141258779188878,2.332605364618029,0.0,0.0,8.990172793830805
2.7462327039908057,3.3841652332165237,0.0,0.0,0.0,2.958166139432057,0.0,5.193022953086857,2.7462327039908057,0.0,6.414643149953235,0.0,4.8678164271911575,0.0,0.0,0.0,5.579915229835583,7.60356764185995,3.7940696428814524,0.0,0.0,0.0,2.807796222156166,4.811858169778291,0.0,4.095157123129113,2.165459957499076,0.0,0.0,9.097557840094176
2.438752414819784,2.805530692638169,0.0,0.0,0.0,1.4879393789915194,0.0,2.957432294825926,2.438752414819784,0.0,6.957801891820529,0.0,4.6757924650599705,0.0,0.0,0.0,7.045996675545712,6.574771327872214,5.10493118383957,0.0,0.0,0.0,2.342073367009525,5.697250216202631,0.0,1.4879393789915194,3.880435043398788,0.0,0.0,10.09830501440256
1.3522626516461325,3.5873607806499876,0.0,0.0,0.0,3.3483853659255205,0.0,3.370335972892137,1.3522626516461325,0.0,6.3719546395770275,0.0,7.06559150686882,0.0,0.0,0.0,8.62646570194434,6.971127293610696,7.101449626977077,0.0,0.0,0.0,2.156984500244494,3.273166927457393,0.0,5.613116848878399,2.9757577689374664,0.0,0.0,9.558727283183375
0.7984624987666923,2.8199331059551738,0.0,0.0,0.0,3.4246584984918202,0.0,2.6277224910810806,0.7984624987666923,0.0,2.8199331059551738,0.0,5.758251031756111,0.0,0.0,0.0,7.265831816029115,8.041414672470713,5.179486239842899,0.0,0.0,0.0,4.2783094694575485,5.740463450086381,0.0,3.015059253940234,5.011874350292821,0.0,0.0,10.136615740140401
0.27666772984203614,2.923373355375322,0.0,0.0,0.0,1.6477591652525294,0.0,3.5659925792101284,0.27666772984203614,0.0,5.651144843701002,0.0,3.8481063508598217,0.0,0.0,0.0,6.968200073797233,8.076781090814581,4.353516818700105,0.0,0.0,0.0,2.715495792114509,6.256892037805313,0.0,7.047974013009579,1.4141752434401418,0.0,0.0,9.599468738077478
0.2962788333244908,4.178975335599556,0.0,0.0,0.0,2.4492910028197956,0.0,4.412191551215578,0.2962788333244908,0.0,1.997618905949865,0.0,5.482929290857562,0.0,0.0,0.0,10.050426209407052,-0.06688720168720205,1.997618905949865,0.0,0.0,0.0,3.062708822241551,6.233862105031741,0.0,-0.06688720168720205,2.542201485855483,0.0,0.0,11.892719494065124
0.9110344528638012,4.439589340553991,0.0,0.0,0.0,4.365064217873791,0.0,1.6826378355170841,0.003348036483250945,0.0,5.406620652230964,0.0,6.97593372244595,0.0,0.0,0.0,3.9695585760209036,8.119625737661524,3.9695585760209036,0.0,0.0,0.0,3.276139398664684,5.448624457288862,0.0,4.306039642617959,1.3171668887112926,0.0,0.0,8.613980409529228
3.0604994521088047,4.770711102915563,0.0,0.0,0.0,3.009893479193183,0.0,3.3401483839480064,1.3568363520201085,0.0,6.7636213492699895,0.0,3.798320602965928,0.0,0.0,0.0,7.502014049317046,8.107058067302308,4.506701928084904,0.0,0.0,0.0,4.775735227351297,2.249723453576317,0.0,3.4907407712924288,1.537532228163507,0.0,0.0,9.174132072918649
4.836417448489737,3.690587582697644,0.0,0.0,0.0,1.8803162738320367,0.0,2.1146996833204734,1.36040678299177,0.0,8.685475596899781,0.0,7.237436778066222,0.0,0.0,0.0,8.09941790519951,5.603788668817051,5.558864043996748,0.0,0.0,0.0,4.084855346113248,4.53992485281412,0.0,5.187207439179433,2.4208177371424306,0.0,0.0,9.02340584690496
3.464272203261701,3.3306607829165733,0.0,0.0,0.0,4.403774013288849,0.0,5.355551169104453,2.3483793706417657,0.0,7.102110755224735,0.0,6.218439727174415,0.0,0.0,0.0,8.623318723476718,8.909018218352562,3.19420390663253,0.0,0.0,0.0,2.209420804231172,4.009336270771677,0.0,4.340371786329391,4.457633605615605,0.0,0.0,9.634884102445943
4.042249578382637,3.8133289648311055,0.0,0.0,0.0,1.8060752415115857,0.0,2.711520120400245,2.5431406237032084,0.0,1.8757131736373167,0.0,6.6618512734872395,0.0,0.0,0.0,7.98650265610329,7.01581575843402,3.6604687288674045,0.0,0.0,0.0,2.9500338518650104,4.68446411574738,0.0,4.305665709256797,1.8757131736373167,0.0,0.0,10.237005336493992
3.978250218697238,3.780856674877133,0.0,0.0,0.0,2.7947495872952315,0.0,2.995056501483545,1.3066166637559695,0.0,6.589156034467662,0.0,5.418061279631865,0.0,0.0,0.0,8.469853477146359,6.823198248664882,4.385505588160402,0.0,0.0,0.0,3.461594506003066,3.3850293403319833,0.0,2.627510896400218,2.2694012943497692,0.0,0.0,9.470034975456961
1.8489919450641807,1.8290402246688975,0.0,0.0,0.0,2.9849203527836017,0.0,4.053214114885179,3.862698523910601,0.0,6.411775603637233,0.0,5.5138564790656055,0.0,0.0,0.0,10.302634353404446,9.229775162639468,4.9221774302926145,0.0,0.0,0.0,2.854424591237395,5.897326579447402,0.0,2.9849203527836017,1.0758042114533595,0.0,0.0,2.9849203527836017
1.7853551810481003,5.510758732758071,0.0,0.0,0.0,1.7332193862702943,0.0,3.8244927787642773,4.027436430486655,0.0,7.084394667160003,0.0,6.262804752444377,0.0,0.0,0.0,0.6940114331940939,7.524391311749059,2.6316515563766205,0.0,0.0,0.0,1.7332193862702943,5.662436654519049,0.0,3.8184273298696914,3.0996477415903168,0.0,0.0,9.270328497185707
4.18856241099993,2.247907150106494,0.0,0.0,0.0,1.853364292059943,0.0,1.9986004110906261,3.845789434975325,0.0,7.0274406909070075,0.0,5.297453346400345,0.0,0.0,0.0,9.16069771005199,7.857398864729184,3.642534737677787,0.0,0.0,0.0,2.3201643674679153,5.947040210172256,0.0,4.589897702860671,1.6962611911857481,0.0,0.0,7.624691577193366
2.7923368185550417,3.1270987316774943,0.0,0.0,0.0,4.583354654405451,0.0,2.76182412492025,4.2559886796327735,0.0,5.26284798897658,0.0,3.1270987316774943,0.0,0.0,0.0,9.263128938590018,7.2816327797755385,3.8158904920769117,0.0,0.0,0.0,3.5307278766664147,4.888032246392513,0.0,2.4080637814848878,2.0712326812693123,0.0,0.0,8.528360937442665
1.503774072466223,4.327363104553426,0.0,0.0,0.0,1.375319277415636,0.0,2.681590927926254,5.1475084403411975,0.0,7.193541250794592,0.0,4.479296255623349,0.0,0.0,0.0,6.096217026667808,8.376809044508185,4.487755176044684,0.0,0.0,0.0,2.285665794992395,4.703549961762923,0.0,4.650942041173439,1.9047685287213252,0.0,0.0,8.874923517874556
4.97514935184659,1.710525344967905,0.0,0.0,0.0,2.32384704904938,0.0,3.184061383591421,6.112661199813621,0.0,6.7493224983568725,0.0,6.256310167936312,0.0,0.0,0.0,8.515530354456562,7.672650374024825,0.45109708449161745,0.0,0.0,0.0,1.7718721497744,3.46953097469296,0.0,1.710525344967905,2.102482405461549,0.0,0.0,5.706290830963477
3.637083320322244,0.9252007681029258,0.0,0.0,0.0,3.68954545291077,0.0,2.853191736187964,6.898727195449871,0.0,6.9000289645930195,0.0,2.853191736187964,0.0,0.0,0.0,7.98023428358458,7.840125031958719,2.678326892311028,0.0,0.0,0.0,0.9252007681029258,5.6327630490984015,0.0,-1.0040157082757246,2.3175773587199546,0.0,0.0,11.3035252772325
2.3159536208446565,5.425428764132509,0.0,0.0,0.0,4.918692819979824,0.0,1.7957016581848997,6.856480407986152,0.0,4.611638790429645,0.0,4.319612293029294,0.0,0.0,0.0,9.078149869073185,9.149082480957519,4.064586602316241,0.0,0.0,0.0,5.176474499986239,4.270319001871245,0.0,3.226551486781246,4.59563593342811,0.0,0.0,5.176474499986239
0.7552591181378335,3.2141209752203883,0.0,0.0,0.0,3.8115986695285926,0.0,1.357743724191578,7.914849271882627,0.0,-0.40809783500722635,0.0,7.219737585130649,0.0,0.0,0.0,1.357743724191578,-0.7870798677772336,5.943036076292504,0.0,0.0,0.0,2.7161216806721087,3.275371640269598,0.0,4.438048534203262,-0.45853691451696993,0.0,0.0,9.42717854114427
3.3476817394212244,5.511399409298908,0.0,0.0,0.0,1.487463677198958,0.0,3.2875045198826682,7.7870650206493295,0.0,6.378986953393905,0.0,4.5295552018256355,0.0,0.0,0.0,4.972358144862861,7.206904392508292,4.149540257561913,0.0,0.0,0.0,4.17978144440847,6.050482732905822,0.0,3.4318555390604004,4.972358144862861,0.0,0.0,1.487463677198958
4.076665735565673,4.020165699278509,0.0,0.0,0.0,2.3143291820623437,0.0,2.4845357572291182,8.63484553418422,0.0,6.732140266044773,0.0,2.1670074743804766,0.0,0.0,0.0,1.5508857944874934,4.235399766335127,4.138864178622333,0.0,0.0,0.0,4.235399766335127,2.4845357572291182,0.0,3.6451597920763237,2.1670074743804766,0.0,0.0,2.847712573875776
2.2039946125025476,2.06525521812953,0.0,0.0,0.0,3.2116637350333908,0.0,4.470970088033085,0.7592332687259987,0.0,7.6706774039319745,0.0,5.537851606522624,0.0,0.0,0.0,8.53605517720555,6.144308741974066,3.1221618305675474,0.0,0.0,0.0,3.125110810534394,4.799955928172533,0.0,3.2116637350333908,2.0897898755287847,0.0,0.0,10.22373614901992
4.045480882810552,4.343403686292645,0.0,0.0,0.0,2.793688543802309,0.0,3.0163523333223985,8.902615042486886,0.0,6.163926196724581,0.0,4.957163921142571,0.0,0.0,0.0,8.758660836402301,6.519491978369716,4.816103932613176,0.0,0.0,0.0,3.9925354411644265,3.8867975431657507,0.0,2.7395784024573246,2.2492009603563092,0.0,0.0,4.816103932613176
1.8926977898286026,6.656222125148366,0.0,0.0,0.0,4.445606943035329,0.0,4.962192028958481,9.59393437198247,0.0,6.055683068436754,0.0,4.6935105291441,0.0,0.0,0.0,8.532660785771206,6.507381020102073,5.480410303776436,0.0,0.0,0.0,4.044011025375394,4.959431628398633,0.0,2.166013488106032,2.876515713725957,0.0,0.0,10.280808029615722
2.859433038774368,5.273859831741194,0.0,0.0,0.0,1.8896100120721686,0.0,3.256680283352165,4.385000021959219,0.0,2.4161838837120144,0.0,4.716004272844261,0.0,0.0,0.0,2.8110327272302134,4.385000021959219,2.4161838837120144,0.0,0.0,0.0,3.1856060403772513,6.370107887681084,0.0,2.8110327272302134,4.488531948572545,0.0,0.0,9.627088889252034
1.6518308472075618,3.7537582961617506,0.0,0.0,0.0,3.138489682026542,0.0,4.557533509648584,9.190383608320644,0.0,5.917358376170431,0.0,5.2775689219946695,0.0,0.0,0.0,8.534443327028486,4.184718201770779,4.184718201770779,0.0,0.0,0.0,3.221606238936139,5.536119698705066,0.0,3.2581074881108014,2.4979823258291693,0.0,0.0,11.137756568109804
3.350381536652101,1.371578346316329,0.0,0.0,0.0,1.699701523083765,0.0,4.471456592939432,1.699701523083765,0.0,5.293466392682471,0.0,7.141705104190326,0.0,0.0,0.0,7.893586023511588,0.23259258780056205,5.889749306851921,0.0,0.0,0.0,4.632386132325573,5.3203785679293185,0.0,3.6618899484303293,1.743820643139524,0.0,0.0,11.943943869380321
1.3525178282206154,4.802355730169671,0.0,0.0,0.0,2.705465951033436,0.0,4.011338341827567,8.759067041062737,0.0,0.053923660690018166,0.0,5.7886521650263845,0.0,0.0,0.0,9.216516063959098,0.053923660690018166,4.418473002995579,0.0,0.0,0.0,2.080358987883728,4.255384233327924,0.0,5.55351500677453,0.5121175448123211,0.0,0.0,9.455826169515793
2.2846834583106874,5.0421311324031794,0.0,0.0,0.0,2.5370151409133403,0.0,2.7566684713115053,9.143684943588028,0.0,6.811820423617513,0.0,6.199459897976491,0.0,0.0,0.0,6.472793979890017,7.597284841731091,4.096429128665623,0.0,0.0,0.0,1.8016720310913004,4.266903064021616,0.0,5.251155680961468,4.630143442196389,0.0,0.0,10.589270174768862
1.443785372957951,4.613338818318855,0.0,0.0,0.0,3.719521115892441,0.0,3.7936594285091365,9.403406402502222,0.0,7.15654113642826,0.0,3.9292042248808294,0.0,0.0,0.0,8.856513906552676,7.307122719575609,4.814813002489873,0.0,0.0,0.0,3.7124663568482643,2.083574410183154,0.0,4.931736481194656,2.327143577480554,0.0,0.0,8.514011241822958
3.432486883638992,4.977554050293936,0.0,0.0,0.0,3.498995829173138,0.0,4.251429641048329,8.966708383509317,0.0,6.731625223099094,0.0,6.908173442889884,0.0,0.0,0.0,7.768043252286928,7.7350262745453024,4.187095623782128,0.0,0.0,0.0,4.401210748593907,4.62825433930144,0.0,3.4240980470645517,4.10686301940287,0.0,0.0,9.540659318726622
1.2468317055304934,3.770132951126142,0.0,0.0,0.0,3.98457982009224,0.0,1.2468317055304934,10.145943243710587,0.0,6.050014125953393,0.0,6.131107405897138,0.0,0.0,0.0,8.954112929893855,6.7245644357790235,2.7384821088413105,0.0,0.0,0.0,3.440021384610062,6.105109915251399,0.0,4.360348040013706,2.2261110535423487,0.0,0.0,9.492877788008485
2.590858048431293,3.5229420142096384,0.0,0.0,0.0,4.219714755437938,0.0,3.9864722368718235,9.160570064599609,0.0,6.399558536062517,0.0,3.6937735270432848,0.0,0.0,0.0,6.753306158306657,3.5234174536426943,3.2174657117520256,0.0,0.0,0.0,2.188823416773465,5.556296559439595,0.0,3.843139702634824,2.4000818265709696,0.0,0.0,3.5234174536426943
2.968528259938776,4.1174351794186785,0.0,0.0,0.0,4.210582816364036,0.0,2.859676246939326,4.210582816364036,0.0,7.175077213153297,0.0,5.997518553269218,0.0,0.0,0.0,8.08836933451047,7.0716470387903,3.5382478249322977,0.0,0.0,0.0,1.0647755509933936,4.940276149434382,0.0,1.6478106764703147,4.027563474991297,0.0,0.0,1.2623625991093674
3.788770572780391,1.3460262923146318,0.0,0.0,0.0,2.440259597729474,0.0,5.519367909989624,8.643224951754508,0.0,11.09439597155856,0.0,5.5265133203859484,0.0,0.0,0.0,7.407003248114878,6.703454935345508,4.628855917380335,0.0,0.0,0.0,1.3460262923146318,3.8406872942022483,0.0,5.065438071645781,3.2455294980260736,0.0,0.0,8.890478194577693
2.1079672431036127,1.2338983600386413,0.0,0.0,0.0,2.812828389163458,0.0,3.570206693283917,6.914482604130265,0.0,8.567314301622947,0.0,2.97755777486952,0.0,0.0,0.0,7.474132922920027,7.522710090721139,5.10904570150874,0.0,0.0,0.0,3.9087261536971347,5.5759525278336355,0.0,5.254098244148837,1.831032664176572,0.0,0.0,10.161833302268587
3.3110855697861146,4.094170241967283,0.0,0.0,0.0,5.526982755688181,0.0,0.09732240574544915,9.697399466611616,0.0,7.261912220332203,0.0,6.032794352537812,0.0,0.0,0.0,8.474266121094672,7.155536649415384,4.617838559225673,0.0,0.0,0.0,2.8593001901606088,4.519803697759041,0.0,3.945691007199828,0.47635226106878736,0.0,0.0,10.775452253601502
1.5904088462066173,3.6340508746730285,0.0,0.0,0.0,3.581176967953793,0.0,2.526468169959591,8.483218806971353,0.0,7.100748687702348,0.0,4.76001117806777,0.0,0.0,0.0,11.18558879328375,0.9075373889601565,5.950360549122633,0.0,0.0,0.0,0.9075373889601565,6.114667487340196,0.0,5.067791675841745,2.9958004620646093,0.0,0.0,2.526468169959591
4.663214711786645,4.121593541408706,0.0,0.0,0.0,4.289209965994895,0.0,1.8099580103295458,11.459172704597991,0.0,6.559379909438714,0.0,5.795518243708641,0.0,0.0,0.0,8.614619622217765,8.558228807368742,4.01554460773147,0.0,0.0,0.0,4.701875358529199,5.535980085484988,0.0,4.413798263406505,3.532476330331134,0.0,0.0,4.701875358529199
0.6365951995198139,2.0975265148716344,0.0,0.0,0.0,2.7706187594909064,0.0,0.37477954807391745,7.615505396196961,0.0,7.308122166447337,0.0,5.668607165547677,0.0,0.0,0.0,7.1099446974818274,0.37477954807391745,4.339329836768926,0.0,0.0,0.0,3.9630571959516376,4.820389041541855,0.0,3.9695446126652874,2.429825105157693,0.0,0.0,9.372872463677806
2.868929990801114,4.823970446973936,0.0,0.0,0.0,5.756393055175831,0.0,3.304562357180127,9.594656685167255,0.0,7.908809870963694,0.0,6.92100276333847,0.0,0.0,0.0,7.681006813029342,6.372666099669702,4.5845345438613485,0.0,0.0,0.0,2.6599263234273947,3.9495367184747794,0.0,4.188592699699638,2.900650664919591,0.0,0.0,8.758502944936263
4.399545154197575,3.488323760567864,0.0,0.0,0.0,3.843161001045624,0.0,4.500613281085682,9.758947136717124,0.0,6.836232262936892,0.0,6.552296282691053,0.0,0.0,0.0,7.846768241939063,7.943523759157816,5.382378913502411,0.0,0.0,0.0,3.2627746597470453,5.51153438334046,0.0,3.000833073346075,3.5120250869662817,0.0,0.0,9.443380100432728
1.3790598044813076,6.189656801014161,0.0,0.0,0.0,1.4872335179745968,0.0,3.3700154741288264,6.987855198612219,0.0,7.835311197851798,0.0,6.278476098378951,0.0,0.0,0.0,8.252043611754505,6.036490573553921,5.282874227802506,0.0,0.0,0.0,3.389316364461404,4.880724376196475,0.0,4.064458471791462,1.4872335179745968,0.0,0.0,10.532902650530977
2.9166975853574453,3.8099727687504594,0.0,0.0,0.0,3.2553766850295025,0.0,4.066029010661295,10.084191772629737,0.0,5.7719840995894325,0.0,1.0393952972357876,0.0,0.0,0.0,7.440736867214301,7.739414747488928,3.6248113370380017,0.0,0.0,0.0,3.3044960037497724,4.865898896949547,0.0,4.145305997092239,3.276028033994969,0.0,0.0,10.279570385793777
0.38896985379386484,3.7627187295709255,0.0,0.0,0.0,1.9418569499546239,0.0,4.730089364561517,7.272963129764367,0.0,7.650477166546919,0.0,6.187888712218712,0.0,0.0,0.0,7.691889360559967,6.980195448793723,4.4534433648317275,0.0,0.0,0.0,3.8767286301330293,7.160791947309155,0.0,5.774631977042376,2.2378439867495956,0.0,0.0,10.027788564247782
2.3933101239146635,3.1937647226920136,0.0,0.0,0.0,5.067445205355392,0.0,2.4593918701744633,10.11187481447559,0.0,6.878164497342173,0.0,7.4251265736261125,0.0,0.0,0.0,8.790531928689743,5.848877199016968,4.765669493829908,0.0,0.0,0.0,2.227543212050062,3.3983428208621946,0.0,5.656033604160579,3.3151463510704184,0.0,0.0,11.11311999072987
1.6318286583428743,3.9217228023670954,0.0,0.0,0.0,4.06799950473608,0.0,1.6318286583428743,0.7271961522687369,0.0,7.136004440474691,0.0,0.9798049151377787,0.0,0.0,0.0,6.4591806493590775,9.283467815266876,5.12229041582972,0.0,0.0,0.0,0.9798049151377787,4.998580652681874,0.0,5.349392884894832,2.0125549574162847,0.0,0.0,11.160277327107694
4.161140933757128,2.7803591356218,0.0,0.0,0.0,3.3442707105539826,0.0,2.13445142405329,9.31485015357462,0.0,7.170381892106785,0.0,3.906996380716418,0.0,0.0,0.0,9.320839917801552,7.667178521649883,4.390881216531274,0.0,0.0,0.0,2.376967980779584,3.7505026571295623,0.0,3.3716528365626,3.0573602377682807,0.0,0.0,11.14696954658347
3.0581637710070035,5.037916990563702,0.0,0.0,0.0,3.4663637961637725,0.0,3.027488202740888,3.968053895006863,0.0,3.968053895006863,0.0,2.138381338501986,0.0,0.0,0.0,6.7576977435118435,8.69992691551315,4.159111707828379,0.0,0.0,0.0,2.138381338501986,4.612807968385461,0.0,5.303847523225527,1.4565732407838443,0.0,0.0,9.72288868863278
4.445844567499642,0.9384369803068434,0.0,0.0,0.0,3.2995221833617308,0.0,4.0410359771526885,8.054159329224257,0.0,6.493133715707629,0.0,3.7618361843837382,0.0,0.0,0.0,3.0143586768112636,3.0143586768112636,6.0877613554188255,0.0,0.0,0.0,3.3313608227999003,7.041914830616145,0.0,2.5179683519269194,3.243494326350604,0.0,0.0,11.73362768882097
1.2638820857803452,3.176564763328959,0.0,0.0,0.0,1.848080941452797,0.0,1.0347965712656113,9.239275051032694,0.0,8.020430707876613,0.0,5.0131567665544745,0.0,0.0,0.0,6.978997642303398,6.417946246845154,4.118994545015109,0.0,0.0,0.0,3.3224440012242655,4.132381650653362,0.0,5.783870013201998,2.2180971666982936,0.0,0.0,8.56857340918907
1.9345112511198792,3.2115614794321212,0.0,0.0,0.0,3.4153345440989447,0.0,3.1657224969781135,9.308803828111916,0.0,5.18418324132458,0.0,2.9430483249889594,0.0,0.0,0.0,7.577255646363131,7.450309482505712,6.590154338892613,0.0,0.0,0.0,3.4796497944374507,5.346451617199161,0.0,1.904689061918539,1.1911362486587644,0.0,0.0,8.898161001823546
0.6080144961427388,2.5432767412096258,0.0,0.0,0.0,3.6007888938061154,0.0,3.4843718170078968,10.085987059598398,0.0,6.791588956944815,0.0,6.809020933667501,0.0,0.0,0.0,8.426292717062598,1.3372577554160703,2.5432767412096258,0.0,0.0,0.0,2.6124694546556952,5.978790967209973,0.0,4.532215202432583,1.9698395538816842,0.0,0.0,9.279615179013815
2.5315145974324773,3.5332413797920736,0.0,0.0,0.0,4.677518739956222,0.0,3.949436955361857,5.915038529818294,0.0,7.616628425285908,0.0,5.680379098580857,0.0,0.0,0.0,8.030740060773216,0.764464595053884,4.378935444546077,0.0,0.0,0.0,3.826066602517248,5.897471553439017,0.0,4.5101848924280175,2.382481589463104,0.0,0.0,9.077897700914932
3.968780040622264,4.4948773596516824,0.0,0.0,0.0,2.712333500091094,0.0,4.665184367189299,8.018213495230372,0.0,2.887455191097428,0.0,1.6276559390665004,0.0,0.0,0.0,3.968780040622264,8.794522910713743,4.922512889957782,0.0,0.0,0.0,1.6276559390665004,4.311026258127462,0.0,3.6134450853183226,3.1656311456490136,0.0,0.0,11.348215932562505
3.080931259960259,3.7409179738072145,0.0,0.0,0.0,4.01426301361516,0.0,4.8657821925548435,9.092559923890843,0.0,5.678968180954242,0.0,4.65576709109049,0.0,0.0,0.0,6.710552173903406,7.792356367260095,2.6899925985484416,0.0,0.0,0.0,1.6301146069464132,5.547889509585716,0.0,4.748241991416713,2.0970409868043074,0.0,0.0,10.591409219130368
2.847096847295167,3.4707241370780983,0.0,0.0,0.0,2.777405561822209,0.0,5.502717344658864,7.801129169997652,0.0,7.761068136102609,0.0,3.2704225981871375,0.0,0.0,0.0,3.8509108483741348,3.8509108483741348,3.242025051979992,0.0,0.0,0.0,3.5087080825007413,7.157517741493159,0.0,4.153891541645687,4.056828091446448,0.0,0.0,1.3690147176098582
1.6961027716074102,6.106898649914175,0.0,0.0,0.0,2.6785785925891092,0.0,1.988850528829588,10.398985105452649,0.0,1.6419071197524195,0.0,3.9245597535920878,0.0,0.0,0.0,1.988850528829588,3.422782493777752,4.5432936057735285,0.0,0.0,0.0,3.206451325279252,4.273557029330172,0.0,3.422782493777752,4.749907575084158,0.0,0.0,10.037790605762442
1.922049357031765,3.6593125026049376,0.0,0.0,0.0,2.736312397738514,0.0,3.3164047843125157,10.478206352997926,0.0,7.646311412189514,0.0,5.828868393859712,0.0,0.0,0.0,6.821409177945339,4.821815747770689,4.7220620920153795,0.0,0.0,0.0,3.658531135761993,5.455344933212639,0.0,2.2932020137345663,3.9205358495022535,0.0,0.0,10.34987651816524
3.7845230629773656,4.9350082513118565,0.0,0.0,0.0,1.376750716869399,0.0,1.46692038142662,9.880744764222339,0.0,9.730296930285519,0.0,5.601292193964228,0.0,0.0,0.0,2.0707752003554507,3.056602358852031,4.249653802295313,0.0,0.0,0.0,2.0707752003554507,3.056602358852031,0.0,3.0555677874773823,2.6258716069958474,0.0,0.0,10.48096488746816
2.9729761407678916,5.1001109783678045,0.0,0.0,0.0,3.009680719052687,0.0,2.3781098580551028,8.063191212089485,0.0,6.275394509756533,0.0,4.6342911857548374,0.0,0.0,0.0,6.626277122443086,4.474236445159099,3.5062027014703423,0.0,0.0,0.0,1.8344163959479203,6.62283118740417,0.0,5.470373680675524,1.7666395955792418,0.0,0.0,10.44269632610551
2.837014674654558,4.358964638018526,0.0,0.0,0.0,4.598938691107117,0.0,2.0979349492968655,10.723444382677624,0.0,6.872488379904956,0.0,4.541509085394253,0.0,0.0,0.0,2.188603128571855,2.188603128571855,7.001991495703146,0.0,0.0,0.0,1.3141109068786254,5.733913724096735,0.0,4.006770475528753,2.095153848390038,0.0,0.0,3.6477226407986523
1.1504534027935103,0.31640937803451663,0.0,0.0,0.0,4.755527189533669,0.0,4.8293458431706675,2.8430532406168494,0.0,2.8430532406168494,0.0,1.1504534027935103,0.0,0.0,0.0,1.270513325122378,5.1927164369614305,2.429171709748417,0.0,0.0,0.0,1.9344153009225318,3.2603995298257855,0.0,1.933354735763898,2.083400811097543,0.0,0.0,8.375029542381577
2.912794399054765,4.8445738265394365,0.0,0.0,0.0,2.3146011209996527,0.0,1.2098417004407145,10.033600594363698,0.0,5.12981025341297,0.0,7.4933652288680435,0.0,0.0,0.0,8.568299418706893,4.7259960047658645,3.5204175007602494,0.0,0.0,0.0,2.2148139240332947,5.055730261356267,0.0,4.1943629344924185,2.788646413594945,0.0,0.0,11.005199741929975
1.5460885657938421,3.5365762784712325,0.0,0.0,0.0,4.20520262887359,0.0,2.212355127778907,8.093893514689656,0.0,5.105097974687595,0.0,4.612046367375299,0.0,0.0,0.0,9.457373427403622,4.8646709130779975,2.0613781265834836,0.0,0.0,0.0,3.0512439748652027,4.885351771049371,0.0,4.417207755641538,2.691956767324994,0.0,0.0,10.470500230002354
0.9969622846932035,3.983667108139192,0.0,0.0,0.0,0.5310040651029496,0.0,1.8816877568514463,9.716885622965984,0.0,7.230617097808588,0.0,5.159788817972859,0.0,0.0,0.0,8.31828861818815,3.7890696431690705,5.716137304567149,0.0,0.0,0.0,2.9259330408610467,6.492510826120887,0.0,6.0082165814007675,3.165722643065918,0.0,0.0,10.419831449856817
2.875181846642367,4.070157501218425,0.0,0.0,0.0,1.1736718262210497,0.0,3.066479190878142,9.332349131329472,0.0,7.201999732203173,0.0,6.052537223373431,0.0,0.0,0.0,8.547503257897715,5.235451834613404,4.561822187398694,0.0,0.0,0.0,3.009322070350182,5.8286189686588195,0.0,5.242538692064764,1.1736718262210497,0.0,0.0,10.518690782735037
2.618079034802331,4.09079172936246,0.0,0.0,0.0,3.105069632156927,0.0,4.599585610711522,8.860348815835264,0.0,6.528931828206002,0.0,3.78078753415964,0.0,0.0,0.0,9.283265334120857,4.919174765842397,5.914005052331252,0.0,0.0,0.0,3.2049591572097493,3.7058396005169634,0.0,4.300297826167509,2.083202250651863,0.0,0.0,4.599585610711522
1.9316809423424601,5.132955324271858,0.0,0.0,0.0,3.529839828140364,0.0,3.055301057907369,8.402924400059216,0.0,6.932118593461922,0.0,4.7397282491905806,0.0,0.0,0.0,8.181353114018616,6.228385349116124,4.639495077311144,0.0,0.0,0.0,2.8854593506431456,5.486522958882753,0.0,2.8088412387386703,3.0258752351775193,0.0,0.0,8.545151510454994
3.2898892670156834,4.468411779388656,0.0,0.0,0.0,4.4456495761706325,0.0,1.4867569589441851,9.525669877039565,0.0,4.860533807520638,0.0,-0.06029354985524571,0.0,0.0,0.0,7.910586222712324,7.1778252715912485,5.250896510661288,0.0,0.0,0.0,2.2064983728735825,6.365769990201489,0.0,2.3844256680885003,0.2888409887806199,0.0,0.0,8.709056337677282
0.6164155998951434,4.004191293643135,0.0,0.0,0.0,2.685876185666338,0.0,4.26548440842902,8.838961464982876,0.0,7.512311619516056,0.0,5.698691853553526,0.0,0.0,0.0,7.997283342283705,6.47236844859071,5.340203554505004,0.0,0.0,0.0,-1.575973404351632,0.8088706457836973,0.0,4.937515829847122,0.8088706457836973,0.0,0.0,11.197336408761258
1.6349496972597826,4.1954856701018945,0.0,0.0,0.0,4.413236248766286,0.0,4.5400749135467136,9.477965782664658,0.0,4.499683186134737,0.0,5.482135950707417,0.0,0.0,0.0,8.943237131223498,8.304074683278122,5.583231827816395,0.0,0.0,0.0,3.2336623617742553,6.4738432766465035,0.0,4.922731274282935,3.733736587981878,0.0,0.0,10.053716746160566
3.1385317499582635,3.502735801814289,0.0,0.0,0.0,0.405577124823706,0.0,4.2690237312518295,8.929138672487639,0.0,1.9765873384934838,0.0,6.916980768157286,0.0,0.0,0.0,8.792637210445466,9.729280731723414,1.9765873384934838,0.0,0.0,0.0,1.2369381619697073,4.395108744808518,0.0,1.2369381619697073,2.9364682243833236,0.0,0.0,10.192792731048671
2.57372691799856,4.4492630914165225,0.0,0.0,0.0,2.528380856071505,0.0,3.168853017554126,8.10607012132446,0.0,6.8882248853086585,0.0,3.315730827194173,0.0,0.0,0.0,7.939200869850269,5.650351509983041,3.1808811005729214,0.0,0.0,0.0,2.009224270137469,6.811146478284378,0.0,2.009224270137469,2.9790653420914297,0.0,0.0,10.282714935863469
1.7374949252904202,3.1023951640373197,0.0,0.0,0.0,3.2243114952232816,0.0,3.980658699547393,3.980658699547393,0.0,7.849407883023284,0.0,6.129378811327373,0.0,0.0,0.0,1.956293447500752,7.986179107496325,3.655160453660615,0.0,0.0,0.0,3.9240793054062992,1.956293447500752,0.0,3.2489485331313954,3.374584354799431,0.0,0.0,11.007633010446249
2.030667074482732,2.2928816834476633,0.0,0.0,0.0,2.339320824894741,0.0,3.714661878706887,2.9986463324653654,0.0,5.825930111249263,0.0,6.196679044314908,0.0,0.0,0.0,6.383058007048717,2.9986463324653654,5.104293336263497,0.0,0.0,0.0,2.416252934660465,3.448352592884047,0.0,1.6876697789526827,2.4260582387859935,0.0,0.0,10.405642991212812
2.7598434463285115,3.3998798161032573,0.0,0.0,0.0,0.8995005192864024,0.0,3.034366009192402,5.303642364385931,0.0,6.9505486314853595,0.0,5.794734363568331,0.0,0.0,0.0,8.724180951632045,6.677478298780995,1.8056637105415176,0.0,0.0,0.0,4.773063915189837,3.0674392792875755,0.0,3.3987337692293775,1.6743580753136387,0.0,0.0,9.427218626205073
1.7104876150198698,4.078300233006855,0.0,0.0,0.0,3.3046073903894535,0.0,4.31906569966447,8.007242585621807,0.0,7.998845294236936,0.0,2.7966702689711282,0.0,0.0,0.0,8.030237895956812,6.895146947118071,5.056655431059728,0.0,0.0,0.0,2.7966702689711282,4.951790518248721,0.0,3.885070429839975,1.7160287856627274,0.0,0.0,11.922483505558459
3.3505174786244467,4.373949200461793,0.0,0.0,0.0,0.37500372241320323,0.0,3.5317856168547594,7.712932847785142,0.0,8.025903595841665,0.0,4.549273475307942,0.0,0.0,0.0,7.451857473300447,7.780350422858775,5.401359078802518,0.0,0.0,0.0,2.8116986664451935,3.3711918233986857,0.0,4.903763789764323,1.8406878581262414,0.0,0.0,10.402900638871074
3.121804853744164,3.431824563010229,0.0,0.0,0.0,3.13544109456375,0.0,2.6737038141273097,6.613032903626974,0.0,5.722018980589661,0.0,5.075606662168919,0.0,0.0,0.0,7.434451588685095,6.745090919243791,5.677370667808414,0.0,0.0,0.0,2.1472681090592283,5.249594537360596,0.0,5.456280297692673,4.101685900030366,0.0,0.0,9.556045367290892
1.388137082774183,2.504481002300677,0.0,0.0,0.0,2.2903006596334325,0.0,4.543571849482348,7.4031072774807445,0.0,6.137927846126523,0.0,3.6205800208813232,0.0,0.0,0.0,8.710561626566166,7.245009957550185,4.755759988871351,0.0,0.0,0.0,2.8165899427873864,4.963453785688915,0.0,2.504481002300677,5.372691642543048,0.0,0.0,8.86144776994538
4.664144961089925,5.033844467012425,0.0,0.0,0.0,3.870972249996434,0.0,2.5112696490682787,8.009872140925383,0.0,3.584557323486016,0.0,4.255041038832662,0.0,0.0,0.0,3.870972249996434,7.576684424479917,4.3226734924379695,0.0,0.0,0.0,4.19341789380584,3.584557323486016,0.0,2.919497240281703,3.1729936348268035,0.0,0.0,9.598357014303145
1.0264097255241518,3.3948720509961863,0.0,0.0,0.0,4.459091149220187,0.0,2.7717425071035193,8.925184966243924,0.0,5.405990691694653,0.0,4.724065670568851,0.0,0.0,0.0,2.1216681284034564,0.8876307573359483,4.239978745315008,0.0,0.0,0.0,3.6486741785207926,4.6622779672101,0.0,3.262270691953901,3.5774915198241493,0.0,0.0,8.569113215981748
1.1455699930452485,1.1455699930452485,0.0,0.0,0.0,4.130408222296151,0.0,5.146919038822473,10.61439825408403,0.0,7.202467457902129,0.0,4.523230364869134,0.0,0.0,0.0,7.342890722856591,7.693818092898143,6.153870829086973,0.0,0.0,0.0,1.6053551709086038,5.763610556518947,0.0,4.2780045122105435,2.3067659292348983,0.0,0.0,9.634712100884693
2.420793258718007,2.311572707082671,0.0,0.0,0.0,2.311572707082671,0.0,3.408168222187975,10.221986729098568,0.0,7.200152373660969,0.0,5.615835108001533,0.0,0.0,0.0,8.458118395437202,6.9828942524806985,1.1060876125868984,0.0,0.0,0.0,3.0672466234407825,1.1060876125868984,0.0,5.122263111559609,3.501680800908024,0.0,0.0,8.678374313817702
2.708641690106338,4.541119227352404,0.0,0.0,0.0,3.6580067112216774,0.0,4.1301182805057675,9.730703749389932,0.0,2.472670778342496,0.0,6.511834092864488,0.0,0.0,0.0,8.691805163395735,7.489912407276841,4.843321206594074,0.0,0.0,0.0,2.0871839575065763,2.708641690106338,0.0,4.076898286994433,4.897517725451554,0.0,0.0,10.825537250779012
0.7242605150461592,4.163301783442762,0.0,0.0,0.0,3.7338345398751653,0.0,1.8120025415389198,11.378542516982916,0.0,7.130200431510111,0.0,5.246351431715843,0.0,0.0,0.0,7.382600955489304,5.612827059764976,5.015816158288469,0.0,0.0,0.0,3.328828080153281,3.457580767082879,0.0,1.4154481969366706,3.4399520134380865,0.0,0.0,0.7242605150461592
1.0880671698923416,4.588976145221411,0.0,0.0,0.0,4.181304566806559,0.0,3.819309204491712,10.069332383216828,0.0,3.4269320884755246,0.0,5.357668310182096,0.0,0.0,0.0,3.4269320884755246,-0.2813977089068413,4.002881090121689,0.0,0.0,0.0,4.603569895771129,4.308107941697267,0.0,4.831652366337786,3.827209226142431,0.0,0.0,8.5042627543764
2.73498351974675,5.208421186868277,0.0,0.0,0.0,4.835436666145981,0.0,1.2256184520621054,9.682934044815584,0.0,2.73498351974675,0.0,-0.16306060779493006,0.0,0.0,0.0,1.8287048881589545,7.742323503924992,5.889460723705829,0.0,0.0,0.0,3.676384364551848,0.8490338677816479,0.0,4.906054374999182,3.784412745767,0.0,0.0,9.73281976937934
1.5050908591210672,2.2377391654277545,0.0,0.0,0.0,4.692022970455866,0.0,3.186291737206787,8.16988533570764,0.0,1.5050908591210672,0.0,6.247923204940907,0.0,0.0,0.0,7.817187532729101,8.034572786311152,5.692925717395601,0.0,0.0,0.0,2.8894423857759284,4.362658805052279,0.0,4.676398224960883,1.5050908591210672,0.0,0.0,10.449566988368241
2.5872030858146853,4.651018958579655,0.0,0.0,0.0,2.8458270995649584,0.0,2.7945663024909386,9.055873508890409,0.0,4.122517940511939,0.0,5.149182436514158,0.0,0.0,0.0,8.496544225429309,6.521930159168923,4.8812440008455535,0.0,0.0,0.0,2.6262931128791425,6.921995653582786,0.0,4.957356035470673,3.0346877666104755,0.0,0.0,4.957356035470673
2.5046954029235238,3.962040958196546,0.0,0.0,0.0,2.7729076145729668,0.0,1.4233504997964657,8.063355265216343,0.0,3.9870836062885964,0.0,5.726964736018504,0.0,0.0,0.0,8.88599032633444,9.40906272527223,4.16258526385886,0.0,0.0,0.0,3.2497546469002483,4.482083146421914,0.0,5.487723031275083,2.5625868554656646,0.0,0.0,6.962590488302559
2.1508771561276747,2.1461248852871693,0.0,0.0,0.0,4.5939162914968845,0.0,4.674556980365182,7.454115818539162,0.0,4.907836667512407,0.0,8.36145715687841,0.0,0.0,0.0,9.317325766209278,2.1461248852871693,3.7975450065337415,0.0,0.0,0.0,1.9660974390942163,5.51880486425336,0.0,5.064733425136234,3.1502124494782837,0.0,0.0,9.936999017825684
1.0001915541400517,2.627795116486454,0.0,0.0,0.0,2.8609703040735535,0.0,1.450898248334593,8.019479020029532,0.0,2.3093251334448555,0.0,6.342283101591335,0.0,0.0,0.0,7.303269876421145,7.510010390260658,3.956178410486933,0.0,0.0,0.0,2.294381817195225,5.879873709744991,0.0,2.3093251334448555,2.652605016689631,0.0,0.0,10.599653889465552
2.1560385899311343,0.8775545977554566,0.0,0.0,0.0,3.4823883295133773,0.0,3.406926958496544,9.915707719527324,0.0,3.515099477427165,0.0,5.985660157109833,0.0,0.0,0.0,6.537902626684974,6.210666830469925,4.41188847669453,0.0,0.0,0.0,4.274841937443355,4.336412189149838,0.0,3.8342871955657505,4.344102576119488,0.0,0.0,10.431427546199057
3.494951691432644,7.095793093811884,0.0,0.0,0.0,4.340981878766795,0.0,3.500361592416899,7.973633077704559,0.0,4.154641224226321,0.0,4.148501692720238,0.0,0.0,0.0,8.09200798316731,7.687946911817708,4.271720909177764,0.0,0.0,0.0,3.329839094459305,5.215498419285103,0.0,5.5522601418632025,2.3212449205532346,0.0,0.0,10.137244650019863
2.5011597897370548,2.8203875716349325,0.0,0.0,0.0,2.0232586764045624,0.0,3.966127827461435,7.1248422260359705,0.0,5.607872418391882,0.0,4.150551354384249,0.0,0.0,0.0,7.724609232332123,8.850060146438436,5.0606294409985075,0.0,0.0,0.0,4.112466210234297,5.073052326411111,0.0,3.484241892485423,2.05824482031395,0.0,0.0,1.7835554224003054
3.845161997271884,3.0724599921621008,0.0,0.0,0.0,3.44812235245453,0.0,4.204071532752753,9.647818346869323,0.0,5.537207990149147,0.0,5.0168719692889745,0.0,0.0,0.0,7.6205528379303615,7.725268506809414,2.2027825888150065,0.0,0.0,0.0,2.4909297248544022,5.517221524236479,0.0,5.271747852508256,2.518577689753401,0.0,0.0,9.721409800151868
0.504269046063298,4.204000439381858,0.0,0.0,0.0,3.248769839564087,0.0,-0.23922768971796446,10.218706321689202,0.0,5.633370463004323,0.0,3.0913413771607043,0.0,0.0,0.0,6.709774242639789,8.078553243611195,5.7978355781560555,0.0,0.0,0.0,-0.23922768971796446,5.796311523759962,0.0,4.140438557505282,1.6685175612963803,0.0,0.0,9.849579835290813
2.837953417686879,4.19507926736139,0.0,0.0,0.0,1.329926083241483,0.0,4.408333333398856,4.408333333398856,0.0,2.7926918682676702,0.0,6.175545773588338,0.0,0.0,0.0,10.413863715804007,9.085561145117817,4.82846005116113,0.0,0.0,0.0,2.2039274957697716,3.8496945667147733,0.0,4.909800726330187,0.30372419560656333,0.0,0.0,9.744956839465734
3.4193098182677786,2.790884144568391,0.0,0.0,0.0,1.559810266242652,0.0,1.9912079714469146,7.839038629184903,0.0,6.687359503319517,0.0,5.870106377140403,0.0,0.0,0.0,8.21702723066321,7.5366473495586614,4.208554201154876,0.0,0.0,0.0,1.9855439375432935,3.9743991523851223,0.0,5.417590230634705,1.3047132798489747,0.0,0.0,9.737605812078037
0.6660758223148542,5.36826322611761,0.0,0.0,0.0,4.030499241537787,0.0,1.8221348778236173,0.6660758223148542,0.0,1.4913592991618292,0.0,6.490391510932502,0.0,0.0,0.0,7.226207531552485,8.61965833726991,4.415426412424398,0.0,0.0,0.0,3.864232105963956,4.454270840973884,0.0,3.8466554427265973,1.2625579083847476,0.0,0.0,10.157596739353648
1.829705302222005,4.069062357173739,0.0,0.0,0.0,4.447437430915924,0.0,2.489247809738588,8.387838678873017,0.0,6.797638767022672,0.0,3.252197977067351,0.0,0.0,0.0,8.131647538838266,3.252197977067351,4.52746576723287,0.0,0.0,0.0,1.299839276817235,5.318227037242121,0.0,4.946984815911615,4.676843952320091,0.0,0.0,11.31126151744785
2.0438535117114394,3.350368736466715,0.0,0.0,0.0,2.0190168119721768,0.0,3.6571097035329747,9.114973537997411,0.0,6.018621943827813,0.0,5.096879511710494,0.0,0.0,0.0,8.393824299881157,7.85728759352948,2.4974042528524203,0.0,0.0,0.0,2.098323844354123,4.460926044242813,0.0,4.059221929361681,2.261013637183784,0.0,0.0,8.298304839464432
3.118753591381233,3.381058453423324,0.0,0.0,0.0,3.4368973814383494,0.0,2.6271679775155627,8.082182640915885,0.0,5.83741205276317,0.0,6.87488693815186,0.0,0.0,0.0,4.887921786867581,5.266807635531067,4.554653274999726,0.0,0.0,0.0,3.272088114735448,5.957603130951959,0.0,4.887921786867581,1.5809504939294343,0.0,0.0,12.978228633479075
2.699930626317632,3.014112370172464,0.0,0.0,0.0,4.200184409303985,0.0,0.8803230115023606,9.756708853540442,0.0,5.459200877388496,0.0,1.6595785291455292,0.0,0.0,0.0,5.6809834498425715,5.890141196009125,2.308033872512855,0.0,0.0,0.0,4.337352110452806,3.70985601294883,0.0,4.286936547312356,0.878858652248347,0.0,0.0,10.324272709221354
2.2929444906977254,2.166398390513769,0.0,0.0,0.0,3.9605087138615684,0.0,3.1344634978041683,10.088470721970392,0.0,5.252643583525615,0.0,6.103741625259634,0.0,0.0,0.0,6.318953185070306,7.421704451563329,4.924552609565623,0.0,0.0,0.0,3.9441933426997737,6.482938422045157,0.0,5.429651246660186,3.2996936007012456,0.0,0.0,3.9605087138615684
3.7070123032720277,4.343029618435786,0.0,0.0,0.0,3.879337543409945,0.0,2.9786135267928016,7.477125283375636,0.0,0.9128191236138552,0.0,6.449099883440288,0.0,0.0,0.0,8.442328444869181,7.8753809926323335,5.43615500496228,0.0,0.0,0.0,3.7852812105126623,5.003457256024919,0.0,5.196300819721342,2.1630335791196624,0.0,0.0,9.171777273648837
2.733295391932291,3.7892509297473387,0.0,0.0,0.0,2.495300870176538,0.0,2.409053969803809,0.03620351439656133,0.0,7.224160581271104,0.0,5.230325155715937,0.0,0.0,0.0,8.71056824751138,8.139212728308845,4.817808217800583,0.0,0.0,0.0,3.1055528968753694,1.5111784316552686,0.0,4.290328438454661,3.34491795296357,0.0,0.0,4.876435480568692
2.26891859616501,4.240391552525578,0.0,0.0,0.0,2.335988413192282,0.0,4.315289144910875,9.892484531064358,0.0,5.9151624584038816,0.0,2.335988413192282,0.0,0.0,0.0,9.510921738696787,8.199204303079437,4.602620051222955,0.0,0.0,0.0,4.365118115785433,4.675201677277434,0.0,3.7627139373265726,2.8512818685601142,0.0,0.0,8.835620117734038
2.7298170644620083,4.468487958624403,0.0,0.0,0.0,4.376521808603363,0.0,1.609629019939535,7.604301573131319,0.0,7.133844195503834,0.0,6.892920937556562,0.0,0.0,0.0,1.609629019939535,8.463040957667404,5.180957645066707,0.0,0.0,0.0,2.120880627865194,0.44636303067973643,0.0,5.637858351967756,0.3834959924707611,0.0,0.0,11.116936017543457
2.5427734404565796,4.166886014264409,0.0,0.0,0.0,2.501724767260145,0.0,3.661614456393494,8.863457704609004,0.0,5.7813187740400185,0.0,5.4493263512237,0.0,0.0,0.0,8.55498589667237,7.850107961287674,4.240907650733642,0.0,0.0,0.0,2.4869514127606527,4.386168123098049,0.0,2.6599168980132104,1.9731694279108742,0.0,0.0,7.144121176587854
3.6686053119322657,6.355649425468264,0.0,0.0,0.0,2.7904265268351645,0.0,2.5917022063539945,8.43313393140212,0.0,8.803703962266567,0.0,7.27799982010257,0.0,0.0,0.0,3.287704743724909,8.002248137443184,3.287704743724909,0.0,0.0,0.0,1.8441244084433202,5.029571200667585,0.0,3.542303716230653,2.442630138302128,0.0,0.0,10.366047474515138
2.0546464062948635,4.661521319868548,0.0,0.0,0.0,3.7822117992700743,0.0,4.35996429006303,10.385235145076136,0.0,6.383270070600334,0.0,7.024816875823902,0.0,0.0,0.0,8.763766548792281,6.373988686054405,5.35031495910374,0.0,0.0,0.0,2.033852616103247,6.366687101996476,0.0,3.924870347519807,0.21160244545839535,0.0,0.0,9.37362846455077
4.373715160484171,3.368282305756652,0.0,0.0,0.0,1.4549023915242467,0.0,2.9648445274999595,7.997277429152752,0.0,7.154306691897802,0.0,5.089903890570148,0.0,0.0,0.0,7.879130303737727,9.09694006966837,5.851752217346077,0.0,0.0,0.0,2.2655509852917044,3.1937487065534613,0.0,5.809894373633569,2.844358624249067,0.0,0.0,10.757845746029805
2.402522972096835,4.291922584972006,0.0,0.0,0.0,3.2102085900758732,0.0,4.842275730858991,10.01393389116766,0.0,7.248623364921325,0.0,4.624721591104688,0.0,0.0,0.0,7.383771420452736,2.2319440474175822,5.458233949666846,0.0,0.0,0.0,3.063775689856091,4.845745067572501,0.0,2.97745353191011,2.2881798759584955,0.0,0.0,9.639119956948816
0.12892185694228928,0.2625868727351873,0.0,0.0,0.0,0.2625868727351873,0.0,2.92457049614683,8.994189049336722,0.0,7.0279493788832434,0.0,5.646660825178708,0.0,0.0,0.0,6.913510375196569,8.545023324866685,3.691050180350559,0.0,0.0,0.0,3.7725235150146474,5.205066332156198,0.0,3.7281280115586037,1.9182929059298166,0.0,0.0,8.228068052646737
2.6498726436838056,2.285098762817396,0.0,0.0,0.0,3.157714278659812,0.0,3.5435501180552462,8.42422463886946,0.0,6.420426771439455,0.0,3.358254871589232,0.0,0.0,0.0,3.358254871589232,8.555447715208388,3.6237156313083343,0.0,0.0,0.0,3.633565159739989,2.285098762817396,0.0,3.464175959990719,3.6935334237085584,0.0,0.0,10.179804438984817
3.804804212362971,4.368875117306512,0.0,0.0,0.0,1.8077368489535366,0.0,4.9564057348968165,9.600249753886644,0.0,6.813684455441098,0.0,5.3382882788497685,0.0,0.0,0.0,3.7597004875530184,7.352420158395542,4.391538075512018,0.0,0.0,0.0,4.04593640563245,3.327640300995231,0.0,1.0273544595978272,3.7597004875530184,0.0,0.0,10.696040163866103
1.8500638658188775,5.64683725638076,0.0,0.0,0.0,2.569680621509753,0.0,3.916371825523021,10.621657170018,0.0,6.7758675994953395,0.0,5.634231041472347,0.0,0.0,0.0,6.306369033949316,7.009326730297913,1.1316353448094172,0.0,0.0,0.0,4.64588226271375,3.1753137036276673,0.0,5.605790186643061,1.39486980773151,0.0,0.0,9.95797683460178
1.2638011299788496,2.7768878604812404,0.0,0.0,0.0,4.144500811569969,0.0,3.45862148929209,8.331448343547128,0.0,4.924612722650439,0.0,1.6122953121540111,0.0,0.0,0.0,7.62184914745576,7.56956539218852,5.714215280480753,0.0,0.0,0.0,2.721833793013874,4.638910776561614,0.0,1.6122953121540111,3.928243376944228,0.0,0.0,10.721238502163516
4.14906380894286,3.709598393527583,0.0,0.0,0.0,3.7079268505703005,0.0,3.415761362431891,10.664637814145792,0.0,5.024087042157571,0.0,5.993121613531116,0.0,0.0,0.0,6.382626999693896,5.684524870026788,0.5121514708068321,0.0,0.0,0.0,3.1649654997384418,5.886367646913395,0.0,4.132290352578662,0.5121514708068321,0.0,0.0,10.536134669296379
2.319139788297974,3.013389544858487,0.0,0.0,0.0,1.9219228045773171,0.0,2.756838306603825,8.923351405083375,0.0,2.2224310098530613,0.0,5.388034743423605,0.0,0.0,0.0,7.919401865273863,2.171080082710856,3.531563942534712,0.0,0.0,0.0,2.4522155780893407,2.2224310098530613,0.0,3.1934576287493748,1.7671967294904627,0.0,0.0,9.44793173287564
3.60193927278781,3.652083846903648,0.0,0.0,0.0,3.444437919678099,0.0,1.7454757953299636,4.755902361726701,0.0,2.3790087424568793,0.0,2.3790087424568793,0.0,0.0,0.0,6.9613245690732395,8.285558514469157,5.256268648253565,0.0,0.0,0.0,1.9947167663087613,4.755902361726701,0.0,4.430962728418516,2.8558236710265814,0.0,0.0,1.7454757953299636
1.1346884594241025,3.046994413565584,0.0,0.0,0.0,3.0994829316802806,0.0,3.6719974800219455,7.621482649424596,0.0,5.956660137791882,0.0,5.683699816808809,0.0,0.0,0.0,3.9332747199990252,7.26245457292058,5.247132238449234,0.0,0.0,0.0,4.034275364476079,5.0795140478924825,0.0,4.762325587627057,1.734561104670125,0.0,0.0,3.9332747199990252
1.9916649337596142,3.6428302644891115,0.0,0.0,0.0,4.784212162066826,0.0,2.6115532968272186,8.738397512425587,0.0,8.143293212601622,0.0,6.152419978278219,0.0,0.0,0.0,7.17867461194283,6.679847520895226,4.788865729707289,0.0,0.0,0.0,1.2407237539889573,1.9916649337596142,0.0,4.029940847027355,1.2407237539889573,0.0,0.0,12.013324475484106
1.2914170051965934,3.699008446090316,0.0,0.0,0.0,2.793828081256586,0.0,1.5393024658022878,8.505983583190083,0.0,6.873250561286648,0.0,4.5695418886514,0.0,0.0,0.0,1.5393024658022878,8.982156637631569,7.592037170444934,0.0,0.0,0.0,1.2914170051965934,4.486313514465347,0.0,2.382695967556778,0.9946982645013964,0.0,0.0,10.603263627646427
3.4009839255019774,3.0283905844759444,0.0,0.0,0.0,4.360906164195664,0.0,2.724319906769159,9.60223775816893,0.0,6.711747527191058,0.0,5.436082483355019,0.0,0.0,0.0,7.708552595523798,7.954600348424822,5.52388548882921,0.0,0.0,0.0,2.562132881120673,4.866715697994679,0.0,2.937737423827118,1.8349143372749637,0.0,0.0,8.625818689302113
1.715150310158415,-0.1713037576746025,0.0,0.0,0.0,3.297289039045538,0.0,0.9344249738740107,9.426077854489076,0.0,7.220619955877183,0.0,5.553347294333736,0.0,0.0,0.0,7.9492779071456905,8.596799082057808,3.7186678493417435,0.0,0.0,0.0,1.715150310158415,4.336240115976609,0.0,4.518815891764673,2.541885140804354,0.0,0.0,9.35117542285008
0.7581792649413747,4.568708215329874,0.0,0.0,0.0,3.4157888025407757,0.0,2.3062268120982274,4.532644433867553,0.0,7.374673419144991,0.0,4.901335128560679,0.0,0.0,0.0,7.835143091527861,7.1020177525256765,3.2830342049116426,0.0,0.0,0.0,0.795386780163157,4.898414842323839,0.0,4.395870641553094,2.2592950609343694,0.0,0.0,4.532644433867553
1.2243157407428773,5.381668719561977,0.0,0.0,0.0,3.4084254929059465,0.0,3.9923146290121543,8.624124585916636,0.0,6.231977625287188,0.0,4.332858365251677,0.0,0.0,0.0,1.2243157407428773,3.4084254929059465,4.416487920082354,0.0,0.0,0.0,4.346581897033168,5.698221707678291,0.0,4.452896506296523,1.7571723585076378,0.0,0.0,8.89799240042928
2.1955455963645574,6.361104688502338,0.0,0.0,0.0,4.8989102036745855,0.0,0.8199868467815893,2.7385056067476516,0.0,7.805625029658914,0.0,2.7385056067476516,0.0,0.0,0.0,9.007598031088861,7.5927361142300205,3.7507116215570955,0.0,0.0,0.0,3.692511783896945,5.506756689553715,0.0,3.2110350765130296,2.884128903367901,0.0,0.0,9.815867385070533
2.1185532308645465,3.137581531451288,0.0,0.0,0.0,3.648351835694717,0.0,0.5534622219667528,9.6472788635141,0.0,8.716117953753363,0.0,0.5534622219667528,0.0,0.0,0.0,7.575979335086781,7.312809313095199,3.607401431289267,0.0,0.0,0.0,1.7259221131647082,4.495047827076683,0.0,4.662252231538861,1.3654605277938288,0.0,0.0,9.834923307126108
-0.42805417005954294,4.002066283288756,0.0,0.0,0.0,4.202670078005472,0.0,4.255442839876013,9.983781633343325,0.0,-0.42805417005954294,0.0,5.820260022575918,0.0,0.0,0.0,7.502271713839025,7.381009057997889,4.161490132471842,0.0,0.0,0.0,5.324233368430162,5.047018695497808,0.0,4.1684839215075,0.6167928595429212,0.0,0.0,10.09836426367896
2.634719257334588,5.394719705265184,0.0,0.0,0.0,3.6420554467940818,0.0,2.3078382333280225,9.247344061083323,0.0,6.8216030468566675,0.0,5.187067943195504,0.0,0.0,0.0,7.436017380606659,0.6503925100395218,2.101791124058761,0.0,0.0,0.0,3.4851870708435535,2.101791124058761,0.0,4.019087184535418,2.3385941077397465,0.0,0.0,10.79211530113091
3.80601499861013,3.946363609004121,0.0,0.0,0.0,3.7421827929930735,0.0,2.997057859592987,7.942160336827762,0.0,2.9371590308547733,0.0,6.309329444680914,0.0,0.0,0.0,7.400502807741317,4.327503379466268,4.427841024805241,0.0,0.0,0.0,3.488629673449979,0.7032323705796161,0.0,4.327503379466268,0.7032323705796161,0.0,0.0,9.92080757675875
1.7661814445495105,4.41657452487712,0.0,0.0,0.0,3.157006207993197,0.0,0.9873548754716509,9.712879115415229,0.0,6.205834663146777,0.0,5.249883928317839,0.0,0.0,0.0,8.582185750182214,4.8540298482120185,1.7299299217529307,0.0,0.0,0.0,2.1666872940160706,5.377436924354757,0.0,1.3583026508550935,3.0944895012611457,0.0,0.0,9.669918446310442
1.8904717945300678,3.286050575563459,0.0,0.0,0.0,4.357744830224396,0.0,4.7138404814272326,8.101345820050208,0.0,6.5655784908637,0.0,6.8257119157398,0.0,0.0,0.0,8.816341997912435,7.203025923716299,5.113904596600859,0.0,0.0,0.0,2.7360632392162545,6.215262461752451,0.0,3.093189152718887,1.8457877979963757,0.0,0.0,4.7138404814272326
3.7170911045434516,3.584246266952046,0.0,0.0,0.0,4.205803698590288,0.0,4.037411915495708,8.774464406474015,0.0,5.327976464006099,0.0,4.168409805566496,0.0,0.0,0.0,9.268311562180015,6.9136103429402205,3.6157415792965937,0.0,0.0,0.0,1.3628220105130722,1.472718924845955,0.0,5.124277585432589,2.646879107234452,0.0,0.0,4.037411915495708
3.471494688257473,5.278809170588162,0.0,0.0,0.0,3.067663330973351,0.0,3.937957489958175,8.962258868858099,0.0,7.210392087039282,0.0,5.579893853093756,0.0,0.0,0.0,8.331180261193415,8.189887491554162,5.9214516020181005,0.0,0.0,0.0,3.6346228703933825,4.739610531479062,0.0,3.021335318142475,2.8371843188432972,0.0,0.0,3.937957489958175
4.480566982176731,0.8420039355820348,0.0,0.0,0.0,1.2008051191982634,0.0,3.6363565502796136,8.347404987975622,0.0,5.802405154813596,0.0,3.6363565502796136,0.0,0.0,0.0,8.913769620164155,8.442444664234726,3.7465064523917766,0.0,0.0,0.0,1.2932077705724947,5.286503889994005,0.0,-1.1572572332050761,3.7629337822105464,0.0,0.0,5.581954908775639
1.9783024182260553,3.4445591268839597,0.0,0.0,0.0,2.593921604310915,0.0,2.7947680481965587,4.211782722429345,0.0,6.026970681111702,0.0,5.296580794964146,0.0,0.0,0.0,8.984146983921693,6.850643578191478,2.424883717044352,0.0,0.0,0.0,2.989116798815085,5.973013211381524,0.0,1.9783024182260553,1.2161573595075472,0.0,0.0,2.7947680481965587
2.2575021317823234,2.34010038662231,0.0,0.0,0.0,4.4008011444443556,0.0,2.174179343232105,9.663155627799108,0.0,8.361975419655796,0.0,2.34010038662231,0.0,0.0,0.0,8.730955494581421,6.68777721360828,1.3139913795598133,0.0,0.0,0.0,6.4887507445406385,5.315544528681368,0.0,3.716131172788304,0.41821513518331777,0.0,0.0,2.174179343232105
4.323674493553595,3.9972599931689596,0.0,0.0,0.0,2.9339661420685736,0.0,1.423915695193042,8.763929698956774,0.0,6.500696956980943,0.0,3.3421793736479093,0.0,0.0,0.0,7.166794284712677,7.84938124329689,3.8980642041701143,0.0,0.0,0.0,3.48246394299224,4.385087635762895,0.0,4.473583032117237,2.070226995333997,0.0,0.0,1.423915695193042
2.1047322579635868,3.196681026216152,0.0,0.0,0.0,4.231210229934494,0.0,3.8577400035357314,7.4970044951188415,0.0,7.51787472103984,0.0,3.8608943519931405,0.0,0.0,0.0,2.8606294987318206,8.098613912724456,4.729803664054007,0.0,0.0,0.0,1.5878907139797296,2.8606294987318206,0.0,5.030116985311913,1.8915058206575113,0.0,0.0,1.2915474749896136
0.9985152285171058,5.898026623219307,0.0,0.0,0.0,1.7258659683078437,0.0,3.6071188758971826,8.91278629577154,0.0,7.065016900997945,0.0,5.750931359005163,0.0,0.0,0.0,9.317148195963876,7.531277894287124,4.907806104731138,0.0,0.0,0.0,3.6099115831381523,3.7497153519189346,0.0,3.04708165831351,0.9985152285171058,0.0,0.0,1.7721903805487738
3.478474353132234,4.049262357519377,0.0,0.0,0.0,1.9931463869065305,0.0,3.760314453973949,10.291933241067165,0.0,7.773056989332715,0.0,4.52490976152751,0.0,0.0,0.0,8.630290921060446,6.848508526249404,2.639428362732664,0.0,0.0,0.0,2.8149166050058296,4.663896972368513,0.0,1.0379940080153895,2.5191472518524676,0.0,0.0,2.6253790854176353
3.68477622403577,5.110671990268956,0.0,0.0,0.0,3.3162673209074103,0.0,3.21373521265016,9.929726965518554,0.0,7.3992303437365115,0.0,3.8531310170199173,0.0,0.0,0.0,8.795926924778215,6.901058955000806,5.0607448170603275,0.0,0.0,0.0,2.397409875213751,5.41904903039773,0.0,4.225912548162883,1.611805992776687,0.0,0.0,2.851494485575556
2.6152043021813864,4.259212896641778,0.0,0.0,0.0,2.0951274618590903,0.0,3.4853070809191093,2.5556863553554385,0.0,6.930034984534933,0.0,1.6654936825503062,0.0,0.0,0.0,8.163818000206454,7.382833139614932,2.718611773377387,0.0,0.0,0.0,3.740981062273452,5.060962527826531,0.0,3.814549037864319,2.958188528611438,0.0,0.0,3.9714369236987253
2.4383410353691914,5.265908458258694,0.0,0.0,0.0,2.849706210456661,0.0,3.4301477432078995,8.644308118418103,0.0,6.836709712441687,0.0,5.8598404446152434,0.0,0.0,0.0,7.3030119883062845,2.7079554602169553,3.080739864922978,0.0,0.0,0.0,4.1729718171521295,4.589011108555899,0.0,4.086096339674227,2.947775836416133,0.0,0.0,3.206841078844544
3.5640692237832643,3.6321385763894174,0.0,0.0,0.0,2.6670587894356736,0.0,3.701738718904332,9.234909811032972,0.0,7.199483083563003,0.0,5.16491101474482,0.0,0.0,0.0,8.531396026549045,5.616999793736028,4.4529267262553685,0.0,0.0,0.0,3.5559928268280823,4.394480552836892,0.0,2.8714808930718148,2.979516365944571,0.0,0.0,4.863745449728007
0.662251898943681,5.401765047657548,0.0,0.0,0.0,3.5441008929890665,0.0,0.662251898943681,8.494412058693362,0.0,6.010090272304648,0.0,6.130828769988419,0.0,0.0,0.0,9.043067363563399,8.446380974301967,5.0451802576691565,0.0,0.0,0.0,3.7058754965188854,4.448275260174549,0.0,3.187873392334227,1.6182622540416012,0.0,0.0,5.003758490236201
2.8329259066027173,3.064694079539501,0.0,0.0,0.0,4.768470500797735,0.0,3.7805715280510723,9.853239323810438,0.0,7.542612214114797,0.0,4.938582612160323,0.0,0.0,0.0,8.67387823252892,6.430321515669861,4.383616049344999,0.0,0.0,0.0,3.641588704951956,6.396552992318602,0.0,3.941436066896659,3.819597347657944,0.0,0.0,6.804513310713946
1.821807829966836,3.1540430022920605,0.0,0.0,0.0,3.050033977582421,0.0,2.1929698928558246,9.908688900782757,0.0,7.028150880208828,0.0,5.711130002062504,0.0,0.0,0.0,7.233433295912468,7.540985996481836,5.15622737159826,0.0,0.0,0.0,3.0930801747574415,6.648196544789546,0.0,2.9192014311444585,3.1778160474032227,0.0,0.0,3.1540430022920605
4.31601650758509,3.5070209875369773,0.0,0.0,0.0,3.1267981178376525,0.0,3.7814088017063265,8.450660687231068,0.0,2.147761769877004,0.0,5.335802397612636,0.0,0.0,0.0,8.477587089098275,6.969142411671941,4.076568458326556,0.0,0.0,0.0,2.4535836081526186,5.44239899603743,0.0,5.021043967677409,4.564362659556397,0.0,0.0,2.147761769877004
2.1459353725458046,4.467851758219489,0.0,0.0,0.0,1.2227296698294705,0.0,2.3849191011232254,8.940904842799126,0.0,6.49282916845621,0.0,5.551490653829931,0.0,0.0,0.0,7.323128963195452,6.935825538251522,1.2227296698294705,0.0,0.0,0.0,2.4912971820421586,4.8278232323497,0.0,3.6197289230683443,3.378195875721305,0.0,0.0,2.873063238117476
2.022226390771857,5.843258127357263,0.0,0.0,0.0,-0.512014762815848,0.0,3.5003423200880444,7.694038136304053,0.0,7.1880294922739605,0.0,6.385519606677342,0.0,0.0,0.0,8.040060693224147,7.430227768806223,3.6419504039671193,0.0,0.0,0.0,1.9941284236811936,6.241358643597078,0.0,3.4039485767301354,1.6832032590211548,0.0,0.0,3.2221014004829693
0.6775024156546444,2.3305859205761896,0.0,0.0,0.0,2.4048166232457495,0.0,2.2123777741206334,8.679262987363531,0.0,7.300192931478657,0.0,6.169093057486444,0.0,0.0,0.0,8.726036350308094,6.178265832982991,4.9051930719535095,0.0,0.0,0.0,2.598133966744657,6.516445117576508,0.0,2.61854483873127,3.0042944202387747,0.0,0.0,4.2384378925393005
3.261674385158472,3.6367282561010223,0.0,0.0,0.0,3.0785293685751474,0.0,4.280838603974797,10.915487927285472,0.0,6.159490810025386,0.0,5.320323148460961,0.0,0.0,0.0,7.528800338491244,7.634610175326685,4.829814966930383,0.0,0.0,0.0,3.608677537583122,5.7098738725624445,0.0,5.0404797025739665,0.5499096219227022,0.0,0.0,4.340521724572521
2.4750483177713085,4.298597205440366,0.0,0.0,0.0,2.3321571947318134,0.0,4.748701019360217,8.1591606351213,0.0,6.950656056406852,0.0,3.627982290993825,0.0,0.0,0.0,7.801811059396002,8.971346462241911,5.873659978549984,0.0,0.0,0.0,4.479750780242139,4.116806129097603,0.0,5.0068487419498195,1.9628973168508455,0.0,0.0,6.098026458140089
2.871688160880167,1.4617558191477853,0.0,0.0,0.0,4.672738515910097,0.0,2.2721692248095025,8.214499030720766,0.0,7.915737872352921,0.0,1.4617558191477853,0.0,0.0,0.0,7.96182447556686,5.826320939959943,5.139920020396146,0.0,0.0,0.0,2.3273871249763447,4.03114839436575,0.0,2.5888704504029585,4.677607886468779,0.0,0.0,4.180551743442121
0.6025077486125954,0.9650520678674341,0.0,0.0,0.0,1.222935861355523,0.0,3.8797480192916534,8.827764970980294,0.0,5.826955269227695,0.0,5.80883702976412,0.0,0.0,0.0,8.128778844896042,7.548145930703278,3.807571708860508,0.0,0.0,0.0,2.9288948295861865,0.6025077486125954,0.0,3.4508886099759875,2.333511794061545,0.0,0.0,5.673460978389217
3.132673637121787,3.789601627537429,0.0,0.0,0.0,3.496294570129738,0.0,3.5893362314582107,9.76536895079278,0.0,7.198610708167056,0.0,7.80227268831575,0.0,0.0,0.0,9.229762352654,1.9916946005850955,4.484140621269617,0.0,0.0,0.0,3.0832042230015904,3.915331971483381,0.0,2.9036321930116817,2.854917500578631,0.0,0.0,6.002488897390233
4.267168374660527,2.9776722968759493,0.0,0.0,0.0,3.4716702999253277,0.0,5.728549688303824,8.30037340540043,0.0,6.356234874751025,0.0,-0.10905373064334314,0.0,0.0,0.0,-0.26346360580122574,1.5239925355261421,5.172724492018367,0.0,0.0,0.0,1.2613614763064664,5.304530230682137,0.0,4.4482884908826525,2.668269458095967,0.0,0.0,-0.26346360580122574
3.2206278973813327,3.7947387697707797,0.0,0.0,0.0,2.0027024918133334,0.0,3.3646119200992497,8.719713751505067,0.0,1.528007198651234,0.0,4.8726671789308975,0.0,0.0,0.0,1.7018456072691666,9.115858626668846,6.7256619110486815,0.0,0.0,0.0,3.469231882220182,5.806502722142066,0.0,3.3796521926773506,1.2246855238514163,0.0,0.0,8.807248040729954
2.3843390920945953,5.248023181002529,0.0,0.0,0.0,3.9097098315906234,0.0,3.6596074886772083,8.725255201297974,0.0,6.789332146048806,0.0,6.0351650494821945,0.0,0.0,0.0,5.7998078734768885,8.79163401758533,3.8517829162538284,0.0,0.0,0.0,2.0414775513239314,4.406387185334263,0.0,4.131505225088156,1.096065990437204,0.0,0.0,6.931311594486074
2.7732843059053636,3.9714230649519,0.0,0.0,0.0,2.945895825435823,0.0,3.474162389591533,0.049421534536922,0.0,5.40706809576365,0.0,4.67085062129999,0.0,0.0,0.0,8.902489805133559,0.20101503864364245,4.881947965838081,0.0,0.0,0.0,4.239888213043026,3.5716392090600095,0.0,3.4126667563409514,2.869698943564428,0.0,0.0,8.051928345731806
4.2541229306642805,5.6436308466805025,0.0,0.0,0.0,3.3345773039187416,0.0,2.4643716170910066,7.786423737745899,0.0,7.365270071162818,0.0,6.285480460585155,0.0,0.0,0.0,1.6895963993577154,5.952904888240691,5.541259840074326,0.0,0.0,0.0,1.6895963993577154,4.210508361104616,0.0,3.7724568531004716,2.50084763361033,0.0,0.0,9.845123301015525
2.6478068259992313,4.595560281814885,0.0,0.0,0.0,4.134892406045387,0.0,3.3774371314729086,10.555266742256826,0.0,5.857217418713026,0.0,5.514792560906683,0.0,0.0,0.0,9.698005189472136,8.492095377281661,3.8076996933979714,0.0,0.0,0.0,3.4071894158823888,2.8913092225576715,0.0,3.3690039303782693,2.439054408315103,0.0,0.0,2.8913092225576715
2.0597145563960586,3.851223993475939,0.0,0.0,0.0,0.11734749344201836,0.0,0.11734749344201836,7.741756114578575,0.0,6.601479959923014,0.0,6.3503920176269855,0.0,0.0,0.0,7.190295807685399,7.066757273014439,4.897731027285733,0.0,0.0,0.0,4.589328175562157,4.608179501213202,0.0,6.013479328172183,2.4677741580277406,0.0,0.0,3.0292033423556055
2.773678889226729,4.038913338150662,0.0,0.0,0.0,2.1131481652257627,0.0,2.2202361986245767,8.276640589948267,0.0,7.225748036444474,0.0,4.7172092969122765,0.0,0.0,0.0,1.3903217695551942,6.621311145456311,5.428115190299517,0.0,0.0,0.0,1.558795174520947,4.990616300091628,0.0,5.295165083644672,2.357619404348587,0.0,0.0,9.782414321037615
2.86094733795892,3.4701945887269194,0.0,0.0,0.0,1.6176121197681654,0.0,2.0083266819002326,7.239162444266149,0.0,6.8419984834760035,0.0,4.440319705568764,0.0,0.0,0.0,6.397150465619477,7.568356265645083,3.1627121724020695,0.0,0.0,0.0,1.9423866003814756,4.797445138001895,0.0,4.223487878210752,1.5621396485008718,0.0,0.0,10.431026784017433
2.6087316499082194,3.761483947313705,0.0,0.0,0.0,3.2638138308414506,0.0,3.7381774687771636,9.880928550508083,0.0,7.557863711497131,0.0,2.6087316499082194,0.0,0.0,0.0,3.7133647317029768,1.9205931127043785,3.7876687964361757,0.0,0.0,0.0,3.0269891639533433,1.424503165344606,0.0,4.8449519852406135,2.584487576856395,0.0,0.0,8.883976043583962
2.6052745235533026,2.709061871598388,0.0,0.0,0.0,2.6645795521754514,0.0,3.318569269900328,8.245841412896711,0.0,9.05142194606543,0.0,4.4283498824294,0.0,0.0,0.0,8.252814585052954,6.052558981746522,2.709061871598388,0.0,0.0,0.0,4.612190403244042,1.9117595747536664,0.0,2.6645795521754514,1.9117595747536664,0.0,0.0,8.920791073296469
2.1635079255211123,3.3523604043302844,0.0,0.0,0.0,3.136872525947517,0.0,4.414294506109895,9.83015824088292,0.0,6.038226472180441,0.0,4.134107046908361,0.0,0.0,0.0,7.425487878378984,8.276893453605627,3.7056109199397884,0.0,0.0,0.0,1.9463710964562402,4.845504113570818,0.0,3.0470916803744155,0.4052880985610807,0.0,0.0,9.224129659792867
1.4511473756522002,5.139216020993016,0.0,0.0,0.0,2.760535656841183,0.0,2.7337457229140094,8.713463180304206,0.0,8.397253105743514,0.0,5.790201096318971,0.0,0.0,0.0,8.0025614027224,8.273842840904297,4.532231169313135,0.0,0.0,0.0,4.380630575888491,6.700873841847649,0.0,3.4472984543463427,2.826808491527391,0.0,0.0,9.496004720348438
1.6370659100871,3.1304418185408562,0.0,0.0,0.0,2.602730444350466,0.0,2.9879417754665045,9.228739493629284,0.0,6.336668280066408,0.0,7.499809748090177,0.0,0.0,0.0,9.059075009482502,7.315030858938294,6.145804060822412,0.0,0.0,0.0,3.30046849328577,2.9668037234253073,0.0,3.284199755659654,3.350555361815352,0.0,0.0,9.873502298478716
2.446172462882442,2.9182634119412674,0.0,0.0,0.0,3.954276129999693,0.0,3.058907478079366,8.690783618786648,0.0,6.298702502205856,0.0,2.918019264405216,0.0,0.0,0.0,7.965087926509732,7.547866541785039,2.918019264405216,0.0,0.0,0.0,3.7400410032547873,1.6781808113661374,0.0,1.6781808113661374,2.8712495915475107,0.0,0.0,9.437937602635783
1.6998873002383152,5.0766114704463785,0.0,0.0,0.0,-0.06749178839797412,0.0,4.727887099326611,8.665917995658562,0.0,6.825330972785522,0.0,4.311441940951426,0.0,0.0,0.0,8.425734561358507,6.903809627077798,5.047345324861512,0.0,0.0,0.0,1.9299984222813715,2.3957093262102593,0.0,4.60975599283463,2.3957093262102593,0.0,0.0,9.075233013994325
1.9192968961908745,2.9708321517585428,0.0,0.0,0.0,3.6869772288813234,0.0,3.1337061463925333,8.389702487977269,0.0,8.437794278552184,0.0,5.660350210953138,0.0,0.0,0.0,7.9156407539705,8.06759275000785,4.092014443814263,0.0,0.0,0.0,0.6557137288468442,5.609190962723951,0.0,3.242663138930288,1.9317752563001134,0.0,0.0,11.33408894120054
2.283542822131455,3.3005629808943944,0.0,0.0,0.0,2.178100695681532,0.0,2.6924162028176815,7.756201989990828,0.0,6.401818607367381,0.0,7.177426701173671,0.0,0.0,0.0,9.757751619952154,6.2931168489463,5.630629298252405,0.0,0.0,0.0,2.9911766277065834,6.309245419578552,0.0,4.707668122898686,4.55740978641365,0.0,0.0,12.830689888924804
4.4142689929890055,3.538824570043359,0.0,0.0,0.0,4.06639158871048,0.0,4.2860040907369195,8.731154880163734,0.0,6.334554585747575,0.0,5.668557684500846,0.0,0.0,0.0,9.06783387782647,6.85024934501236,3.646798109645368,0.0,0.0,0.0,3.2631605166961433,3.5900051344835364,0.0,3.302026639913708,2.5832657292141117,0.0,0.0,8.51254642996143
3.298336526632285,3.38605965448587,0.0,0.0,0.0,2.742073610144564,0.0,4.023985341673612,9.429463849120282,0.0,5.1348574629597366,0.0,5.2569684739078575,0.0,0.0,0.0,8.814274210155288,9.212673571329491,4.383320208319258,0.0,0.0,0.0,0.8780002349176232,5.287568433006435,0.0,4.055479797318641,-0.7998675414958074,0.0,0.0,9.554831840554655
2.6716832513905096,3.2781332016302454,0.0,0.0,0.0,4.407405329025938,0.0,3.9985337086586186,11.745139184629743,0.0,6.836863356348252,0.0,5.520371189089472,0.0,0.0,0.0,8.926490914354362,6.8508561546435125,6.528914708653263,0.0,0.0,0.0,3.055849767075973,5.941493086686714,0.0,3.264564611912248,1.727618056904761,0.0,0.0,10.234868826175598
1.773594918753539,4.278177037326362,0.0,0.0,0.0,1.7758860632802036,0.0,3.15016424651248,8.780808421896412,0.0,5.989285212245983,0.0,5.070660321370863,0.0,0.0,0.0,7.6408864389626014,7.855126709067013,4.733397377315697,0.0,0.0,0.0,3.3592064379028637,5.32830410663801,0.0,3.254506549532236,0.7108003091756276,0.0,0.0,10.715576406881961
3.1834952965895074,2.242432739061152,0.0,0.0,0.0,1.338584895952535,0.0,5.079813009693799,9.503543771743285,0.0,6.818659166038472,0.0,6.7701572278628515,0.0,0.0,0.0,8.071371554972307,9.291365358435705,4.432750059124932,0.0,0.0,0.0,2.814181656729581,6.635844394158201,0.0,3.87430569585907,2.8960200162572454,0.0,0.0,10.349602299900534
4.256644084198795,3.498036578370524,0.0,0.0,0.0,1.0704637942831967,0.0,6.872726218964493,8.570644016769068,0.0,7.11934473135134,0.0,1.0704637942831967,0.0,0.0,0.0,8.58336476487365,7.5902823827928945,3.9569364375393405,0.0,0.0,0.0,2.826366586728265,3.62990307400096,0.0,2.9099493789009805,2.074212256777254,0.0,0.0,10.61911069257337
0.9923422451607863,4.081506568601456,0.0,0.0,0.0,2.8056021440899115,0.0,4.336376902332925,9.179375499648339,0.0,3.872199674984125,0.0,3.872199674984125,0.0,0.0,0.0,8.782510793314593,6.094829959450186,5.827591835631002,0.0,0.0,0.0,4.763486348378693,4.389206719793214,0.0,4.369036077778424,1.7613080845819749,0.0,0.0,10.913579882247392
2.7559382498172256,3.5712635404811275,0.0,0.0,0.0,2.1591520403467603,0.0,3.475582220821845,1.9164145952157434,0.0,7.687732017876347,0.0,4.557717608056556,0.0,0.0,0.0,8.600297213170794,9.392843770005788,4.859615523065705,0.0,0.0,0.0,2.0670698081137697,5.138638740427133,0.0,6.691776652451255,1.9164145952157434,0.0,0.0,11.176208854931433
1.869289716381247,2.3250139576515005,0.0,0.0,0.0,1.033372050724636,0.0,2.5270981119397575,2.3250139576515005,0.0,6.046156949868662,0.0,6.85455580458575,0.0,0.0,0.0,6.89418419635031,6.983338531895627,4.2799062688516045,0.0,0.0,0.0,3.3708410118303194,6.169659652399455,0.0,3.805409533410122,2.722319291211239,0.0,0.0,11.18501587602496
0.8300816633742025,4.33365184542388,0.0,0.0,0.0,3.8450368271792934,0.0,2.9263172775288107,9.003121397016892,0.0,6.528460082104809,0.0,7.427212401930953,0.0,0.0,0.0,0.12812342817013286,0.8300816633742025,4.160820646573895,0.0,0.0,0.0,3.5549413563780696,5.556291298572475,0.0,4.682113374779446,2.946226119307569,0.0,0.0,-0.9973380433524669
1.6644205781880503,1.4048832446994488,0.0,0.0,0.0,5.052677636309984,0.0,5.113767441622528,8.480640970952297,0.0,6.821130637323668,0.0,1.8754098178116556,0.0,0.0,0.0,7.761602659895665,8.515911257538587,5.11018730386278,0.0,0.0,0.0,2.3902289759184914,1.4048832446994488,0.0,5.069465956879883,0.9149023608550885,0.0,0.0,10.947844373351792
1.7552369161087593,2.8990435308804554,0.0,0.0,0.0,1.2288332148097896,0.0,3.717996460007788,9.891847688460377,0.0,-0.2733170347733779,0.0,7.101241335860792,0.0,0.0,0.0,1.3848544486813608,1.3552094902096605,1.7428147033580097,0.0,0.0,0.0,2.7968874977344202,5.779287560047808,0.0,4.0502550606868954,1.3848544486813608,0.0,0.0,1.7428147033580097
3.1381661252737936,3.9929313339364585,0.0,0.0,0.0,2.5411909482406525,0.0,4.084506400562778,10.934934106803041,0.0,9.259372615289735,0.0,4.901556490989666,0.0,0.0,0.0,9.831325798817657,7.305984356016747,4.3249445996626665,0.0,0.0,0.0,1.128212516826307,3.5070095197817457,0.0,3.616435090358772,2.0343414126043506,0.0,0.0,0.8202735437436056
3.932495709734643,1.3782783068184974,0.0,0.0,0.0,1.4333163956085777,0.0,2.307912098754022,9.66824617613902,0.0,8.09190268346366,0.0,6.083917550658152,0.0,0.0,0.0,6.280177341753986,6.857337646041237,4.773340261240163,0.0,0.0,0.0,1.8979470855529064,4.6242551394654905,0.0,2.314783332494057,1.61444920556856,0.0,0.0,9.315123490483932
3.6035504396495672,3.581993858013124,0.0,0.0,0.0,0.7441713466184657,0.0,3.643336112602615,10.098351834796881,0.0,5.584886910525393,0.0,6.630658249449345,0.0,0.0,0.0,8.738969467611838,7.141341990031737,1.2680687423619217,0.0,0.0,0.0,0.7441713466184657,3.8255490114997937,0.0,4.775133351619935,2.122624139770342,0.0,0.0,11.086496611967437
2.4331810480553253,1.028272735888812,0.0,0.0,0.0,3.9145907807207223,0.0,2.6562133376806303,8.076913559818193,0.0,7.079397551811418,0.0,5.18328155245931,0.0,0.0,0.0,7.727845372025899,6.222500254765656,3.9204346871396556,0.0,0.0,0.0,1.028272735888812,3.921141153201102,0.0,3.0767685990091067,1.5712997909668278,0.0,0.0,10.449263655494876
3.9078186258413563,1.6160035070171497,0.0,0.0,0.0,5.076629832700284,0.0,3.0658806500527476,9.700164609155745,0.0,7.281707304301033,0.0,6.012711385633006,0.0,0.0,0.0,7.589872076179006,6.708855034114419,4.920280064009981,0.0,0.0,0.0,1.5591262846974536,4.944262224045207,0.0,5.980396205668524,2.6638569672342856,0.0,0.0,7.145053582627707
2.0898569294482865,2.4356267602684376,0.0,0.0,0.0,2.25832663423458,0.0,4.6875301576865835,10.09542107141434,0.0,5.586916265161819,0.0,5.040204822984411,0.0,0.0,0.0,10.033438747935653,8.315145534355782,3.913656959713961,0.0,0.0,0.0,2.7398654556753197,4.8956730678910905,0.0,5.786777603766952,2.6350831855360823,0.0,0.0,3.390547349984499
0.6743807359729846,3.725151909205839,0.0,0.0,0.0,5.5178158583259025,0.0,4.187394501767741,8.818598511626547,0.0,2.188840458386169,0.0,4.048515386633008,0.0,0.0,0.0,8.739968768759748,8.106034284211464,4.6080175384973545,0.0,0.0,0.0,2.1995143231674574,4.582029417354529,0.0,2.188840458386169,4.053357184359354,0.0,0.0,1.679368921672603
3.122173475761856,2.120991019748948,0.0,0.0,0.0,3.7315898976421042,0.0,3.756012014616969,9.1609660375698,0.0,1.676752968743705,0.0,1.676752968743705,0.0,0.0,0.0,8.833438476049208,8.37372169565309,3.888110923919573,0.0,0.0,0.0,0.5034647398316446,7.058217488412533,0.0,2.6507744985370376,2.284090214424216,0.0,0.0,9.09003602616726
3.3080257138002156,5.737164920348715,0.0,0.0,0.0,1.657228160310876,0.0,3.363867012092411,7.776879443397115,0.0,3.526686687930983,0.0,4.703145011684546,0.0,0.0,0.0,8.282516628070375,7.2102485575079625,5.418330782823295,0.0,0.0,0.0,4.639973934203648,6.384642137294518,0.0,3.526686687930983,2.700596041314597,0.0,0.0,10.733015247078654
4.1194521457897695,1.6236309627215844,0.0,0.0,0.0,4.001390819039301,0.0,3.160498373364732,9.684429668911408,0.0,4.366517816840001,0.0,6.411010712424267,0.0,0.0,0.0,1.6236309627215844,6.221667417440127,4.7757497635374095,0.0,0.0,0.0,2.4232126150776394,5.064973290289919,0.0,4.668060388544883,3.257116791600608,0.0,0.0,7.4210851350153355
3.7138549154428637,4.089100442919264,0.0,0.0,0.0,4.084562114505038,0.0,3.964684368141747,8.512894291519325,0.0,5.364616289358755,0.0,4.989592024796626,0.0,0.0,0.0,7.89062167211753,7.37961954576226,3.0551484261536377,0.0,0.0,0.0,1.8108766916358237,5.455801258157687,0.0,4.151113531017269,2.06393725249725,0.0,0.0,10.02998781236341
2.1270884202077793,4.4077705227014,0.0,0.0,0.0,2.0547182308036294,0.0,4.23345943148004,7.090627716263276,0.0,5.774965543558191,0.0,6.349120600330626,0.0,0.0,0.0,9.428967709494753,7.353843994590844,4.926749298043558,0.0,0.0,0.0,2.2589285012764657,3.124526568787283,0.0,5.400582252788385,4.560096382937649,0.0,0.0,9.835394694117197
1.6951223017640347,4.523299288731673,0.0,0.0,0.0,4.770415653273379,0.0,6.023096755088249,9.593544967544425,0.0,7.164003523296574,0.0,6.925674582986698,0.0,0.0,0.0,8.799768670151163,6.175682958008194,3.4937786605122807,0.0,0.0,0.0,3.29698688398919,2.5703154546010674,0.0,3.2236779371137034,3.736731282239984,0.0,0.0,10.334023653108362
4.076601652580763,2.163027886602361,0.0,0.0,0.0,2.2922814342221156,0.0,3.021165526361335,9.087860884623623,0.0,7.940205960722255,0.0,5.995309425092103,0.0,0.0,0.0,8.206743496058541,7.45721278484569,4.637023941842031,0.0,0.0,0.0,2.646129273132093,4.570629089839814,0.0,3.761327287413759,0.2070950344636282,0.0,0.0,11.793979741610954
3.308570089661689,1.6806173937505025,0.0,0.0,0.0,5.302556242935543,0.0,4.881734058775318,8.49988994906318,0.0,7.356664157366932,0.0,5.138102092088182,0.0,0.0,0.0,7.462798459017269,7.312598682132756,3.735774690132166,0.0,0.0,0.0,3.062751256261305,6.248900364042022,0.0,4.703848425150827,3.9883785165819656,0.0,0.0,10.438696069487735
2.8479566992737473,4.239846196934738,0.0,0.0,0.0,2.8126870986144183,0.0,1.6967849784216817,8.076972196240204,0.0,6.195423652891204,0.0,4.394028256050168,0.0,0.0,0.0,7.896832988825357,8.910753680204747,1.4263823205914685,0.0,0.0,0.0,3.519371900293164,4.212745024103089,0.0,5.686768306118414,3.276527661332048,0.0,0.0,4.212745024103089
0.743306717407284,5.6044777483422985,0.0,0.0,0.0,4.328258162619812,0.0,3.783331598339455,10.227692954950516,0.0,6.148729032993581,0.0,5.163690934644224,0.0,0.0,0.0,9.875413748558326,1.0208472635274286,1.0208472635274286,0.0,0.0,0.0,0.743306717407284,5.305070444753819,0.0,4.74155881913072,2.9722507547953803,0.0,0.0,7.1556680657646705
2.061612461718305,5.489931422940837,0.0,0.0,0.0,2.522041368768094,0.0,5.395370903205452,8.58904415408067,0.0,7.811504646377291,0.0,2.9403545311651347,0.0,0.0,0.0,8.549186479523026,2.9403545311651347,5.810105829236787,0.0,0.0,0.0,3.3527282705282895,3.179108263547896,0.0,4.854064297171479,2.8076155757651886,0.0,0.0,9.874508008666924
2.93513608310985,4.458729566194784,0.0,0.0,0.0,2.5349822913537947,0.0,2.9607867038161455,3.962997286304035,0.0,7.686635145567367,0.0,3.9860029846156317,0.0,0.0,0.0,4.178609310526579,6.775612947860498,4.694423440556449,0.0,0.0,0.0,3.594024040340684,5.334256524380294,0.0,4.178609310526579,2.666506271455501,0.0,0.0,3.962997286304035
3.882753944816676,2.714692943587093,0.0,0.0,0.0,3.4633957854846873,0.0,2.973515739100227,4.218741316156819,0.0,6.918489128095191,0.0,2.481415574907874,0.0,0.0,0.0,4.218741316156819,7.0731807507842825,2.3878091587926993,0.0,0.0,0.0,3.134303730501333,4.586723229017074,0.0,5.665468893269697,1.0575547182547047,0.0,0.0,10.059704524324314
3.0726914913237593,4.160059881650955,0.0,0.0,0.0,4.792627452840981,0.0,6.504902779490619,5.733562902423708,0.0,6.585441880605727,0.0,5.500914553609858,0.0,0.0,0.0,10.033504126159889,6.368192034117323,3.541504914608646,0.0,0.0,0.0,3.2632195937748665,5.439426855909689,0.0,0.045207494926724545,4.211518917759783,0.0,0.0,8.38002857157171
3.291856257546015,4.42582203872092,0.0,0.0,0.0,0.6719038780553731,0.0,4.585557020745242,1.8097887446280438,0.0,6.255403548729549,0.0,4.307003231654557,0.0,0.0,0.0,7.187277172928512,7.787927465809144,1.8097887446280438,0.0,0.0,0.0,3.742517858388008,4.239744876871649,0.0,4.5969399178247485,2.880124658628754,0.0,0.0,10.592549232844629
1.6424408220941804,2.594766455588415,0.0,0.0,0.0,5.083947540787665,0.0,2.6735741773291863,7.1743028651044805,0.0,5.130860583761808,0.0,3.8320747613492667,0.0,0.0,0.0,7.902250259133195,6.296150165039522,4.5320925665172185,0.0,0.0,0.0,3.6186821091934425,6.863386540348907,0.0,0.54847224343736,3.41190463965899,0.0,0.0,5.083947540787665
1.9785767632119624,2.5105493074638776,0.0,0.0,0.0,3.569363884316961,0.0,1.4833340274028632,7.188168771847766,0.0,7.457212345171458,0.0,6.007699046952013,0.0,0.0,0.0,8.63347304618196,6.368838802493372,4.00782137685451,0.0,0.0,0.0,1.4018142440505885,4.78102850756852,0.0,5.10315327183798,4.40089234481383,0.0,0.0,8.93449323918927
3.8229720334400015,4.622222303060452,0.0,0.0,0.0,1.52755850675927,0.0,4.888432366903723,6.970102146502869,0.0,6.876833173364733,0.0,5.684324142746893,0.0,0.0,0.0,9.247320567204905,5.213057127297556,5.565046813740337,0.0,0.0,0.0,1.2524311704386577,5.0713305321679725,0.0,1.2524311704386577,3.928552758412484,0.0,0.0,11.114262425433267
2.3266080415301866,4.8415657743050575,0.0,0.0,0.0,1.4899736452474324,0.0,4.386915917948264,7.251886951994394,0.0,3.5051327607108935,0.0,5.235897312384242,0.0,0.0,0.0,3.5051327607108935,8.581002661510286,4.397647254896487,0.0,0.0,0.0,2.781708032301941,4.13212777688584,0.0,4.630091211707827,2.444034543802823,0.0,0.0,-1.7833226485024325
3.7341498001698503,3.9054996824971355,0.0,0.0,0.0,0.9736371890680672,0.0,3.330259717590393,8.579550623746945,0.0,6.072667895533288,0.0,4.784445984745322,0.0,0.0,0.0,7.908293406763853,8.974694241838373,4.681032627077942,0.0,0.0,0.0,0.9736371890680672,5.519254713520551,0.0,3.3467020064927375,1.9287959638040433,0.0,0.0,9.948298430262842
3.3579951775986743,4.442194765454009,0.0,0.0,0.0,2.3871997686247677,0.0,3.7312761508974073,1.8514253700141865,0.0,5.89497926429052,0.0,3.468069571555007,0.0,0.0,0.0,8.305896087131796,7.438215669003158,3.4902403643250652,0.0,0.0,0.0,2.417866892456166,3.9006110833112855,0.0,4.592138898198717,2.0059273008038656,0.0,0.0,10.566552785858438
1.6197494577800737,4.184699591370076,0.0,0.0,0.0,1.6197494577800737,0.0,4.1415961271445765,7.930388572844603,0.0,6.229181033455575,0.0,7.503222448497323,0.0,0.0,0.0,3.1302290915927724,9.360881308924174,3.610111093839719,0.0,0.0,0.0,3.65343465266202,4.851116029609722,0.0,3.3731698122091176,1.774529041090663,0.0,0.0,0.5776122847794424
2.3434554960070115,2.982972593869049,0.0,0.0,0.0,2.721631092769139,0.0,4.3704850796082155,8.734207055173055,0.0,7.664039600681448,0.0,4.992679502801361,0.0,0.0,0.0,8.311182331779653,7.474859424045122,4.346588317581191,0.0,0.0,0.0,2.013235039443435,4.947353957151653,0.0,5.238895254964229,1.8102736849808438,0.0,0.0,8.831266798129603
1.9195568449868126,5.456393890000821,0.0,0.0,0.0,0.8354417330512675,0.0,2.908010886645073,8.833126475288122,0.0,6.178150150772974,0.0,4.835094206568341,0.0,0.0,0.0,7.650638870918356,0.8354417330512675,1.3303607128439034,0.0,0.0,0.0,1.0149836062964994,5.603413167128245,0.0,1.0149836062964994,1.9062552052378818,0.0,0.0,8.940628325588987
3.1861440912275714,1.2380336556202076,0.0,0.0,0.0,0.2910111172739698,0.0,5.8766736677153295,8.411883425259838,0.0,8.086461194560176,0.0,5.798221274665838,0.0,0.0,0.0,9.683584156694225,7.445228576098724,3.610106491710423,0.0,0.0,0.0,2.51204047313339,5.011083577603679,0.0,5.75421689277699,0.9465923133979275,0.0,0.0,9.303423861374007
1.066033581398585,3.7719284204103167,0.0,0.0,0.0,1.2578435508022239,0.0,2.2812553560783924,9.838691856829612,0.0,7.0179095213812985,0.0,4.496921475957615,0.0,0.0,0.0,7.1567805948160474,7.020704808523395,4.548557574532802,0.0,0.0,0.0,3.4479278863924927,1.066033581398585,0.0,3.8036857314789843,2.8195866888255763,0.0,0.0,3.7719284204103167
3.056044607218021,4.319669560624785,0.0,0.0,0.0,1.4278927064241649,0.0,3.961648960589268,9.414793566431447,0.0,6.1533490022455,0.0,6.789636915398736,0.0,0.0,0.0,8.903670800256375,9.472765565690024,4.575389341125681,0.0,0.0,0.0,3.6780487699667552,5.1052181992632,0.0,3.035791101463725,1.4278927064241649,0.0,0.0,9.511081126123571
3.0895317597632266,2.2121020755973184,0.0,0.0,0.0,1.8946535107305735,0.0,4.307520395478743,9.608545557986368,0.0,4.3432252068958235,0.0,4.752240214396288,0.0,0.0,0.0,7.39786807740711,8.242743228888017,6.163986759200796,0.0,0.0,0.0,0.9982786676560131,4.756981325740676,0.0,4.485511269224067,2.4919618274356674,0.0,0.0,9.231321806079912
2.2570620825748406,4.693976798687094,0.0,0.0,0.0,2.085922711081004,0.0,1.6033099819165666,10.842409147260948,0.0,5.11498497669861,0.0,5.847905722329169,0.0,0.0,0.0,9.012817806539235,3.496718547548454,3.6435403318667605,0.0,0.0,0.0,3.1014963447533,4.48090555672748,0.0,2.8853619517714586,4.412802854421613,0.0,0.0,8.888743039882925
2.8808106173969885,5.390849407829764,0.0,0.0,0.0,2.541894478399365,0.0,3.982759738874684,8.422119028191641,0.0,8.07474709463911,0.0,-0.04197576814634463,0.0,0.0,0.0,7.831136620559023,9.21412009464257,2.1920688547660876,0.0,0.0,0.0,2.4601680809231787,5.00920485301709,0.0,2.4691187830045607,1.3803222472560082,0.0,0.0,11.818563092911045
2.4058662861716353,3.8862050672821415,0.0,0.0,0.0,2.3653701726479395,0.0,4.00671406944848,9.757713209681576,0.0,5.4226538431682485,0.0,5.691207251393155,0.0,0.0,0.0,6.974056916029842,1.80037422506798,4.330708074949151,0.0,0.0,0.0,2.862607051350467,6.0863019617420235,0.0,5.068102631380042,2.230659081315031,0.0,0.0,10.83762162678111
2.561144405837361,0.18404831812838238,0.0,0.0,0.0,1.1448402948016039,0.0,3.461697787859996,8.667081425507279,0.0,2.78988414271687,0.0,4.313055666777244,0.0,0.0,0.0,0.18527482898265754,8.944404126165416,2.78988414271687,0.0,0.0,0.0,1.8063385015869118,2.9274612512753757,0.0,2.1928518889222004,3.1927218068649794,0.0,0.0,10.33580362155754
3.6399846960702544,1.6887512445268908,0.0,0.0,0.0,3.259496898182289,0.0,5.378066917397481,8.46651026510086,0.0,6.875565624894422,0.0,7.203968080892227,0.0,0.0,0.0,7.554172005213797,6.227729285083017,3.9558743547472437,0.0,0.0,0.0,4.046163120346709,1.6887512445268908,0.0,4.059049161912385,4.592889209446204,0.0,0.0,4.592889209446204
3.0119795358321433,-0.6045103611806074,0.0,0.0,0.0,3.9431775848438684,0.0,2.811242338598045,10.691751648958574,0.0,5.240138988460935,0.0,5.993680971443448,0.0,0.0,0.0,0.3500881353466898,7.628465884711368,4.127841326180295,0.0,0.0,0.0,0.3500881353466898,5.929429322662055,0.0,4.747190322702694,2.7017338287436594,0.0,0.0,7.4485369939516595
2.330691567816155,0.6725251284686039,0.0,0.0,0.0,3.2934183258572283,0.0,2.471126231064366,8.595704329459986,0.0,3.727696501804349,0.0,5.352867114241096,0.0,0.0,0.0,3.727696501804349,8.829294766414039,3.534690423108912,0.0,0.0,0.0,2.4351772975941617,4.197840231523177,0.0,5.352289682095504,2.5585636364616007,0.0,0.0,9.762984721047774
1.7392521982969038,5.201442541081622,0.0,0.0,0.0,3.000773231724883,0.0,2.779298968302441,6.663285269372587,0.0,7.097528498933739,0.0,5.029804843882886,0.0,0.0,0.0,7.554583983108748,7.240768041661191,6.544554930719425,0.0,0.0,0.0,2.1111690710327053,5.575198084455937,0.0,4.185045531686123,2.1923557125883693,0.0,0.0,3.7248403881440835
2.934377244924596,2.4999770117037645,0.0,0.0,0.0,1.1332702546356237,0.0,6.338672008904787,1.1332702546356237,0.0,7.075071917113516,0.0,5.284578479910157,0.0,0.0,0.0,7.998627116177042,7.585325283732838,0.5044915460128975,0.0,0.0,0.0,2.2031921776195307,5.349555648060563,0.0,4.119719529822793,0.5044915460128975,0.0,0.0,1.8317435413959664
2.764491200401415,4.210575330700289,0.0,0.0,0.0,4.0805334592792475,0.0,4.557569229972396,3.3684220492334096,0.0,6.419667713488045,0.0,4.721085853698614,0.0,0.0,0.0,7.928643173303056,3.3684220492334096,5.443026449139933,0.0,0.0,0.0,1.9970962376579258,0.13752089594893083,0.0,3.2789420969098666,3.152277976776623,0.0,0.0,1.9970962376579258
4.565492259306906,3.373754889926991,0.0,0.0,0.0,3.2255131484441733,0.0,3.5461553765776355,8.48330820999885,0.0,7.020055080411731,0.0,5.598011004734924,0.0,0.0,0.0,9.140944000821047,5.390519073531903,1.5972722161455792,0.0,0.0,0.0,1.5972722161455792,5.133964196655175,0.0,4.238072551089025,2.9432074587782693,0.0,0.0,10.281914268186958
4.552971596540935,4.369682462568766,0.0,0.0,0.0,3.2248289112491535,0.0,3.1594343049461613,9.146858392683741,0.0,5.495889058595791,0.0,5.737614133674381,0.0,0.0,0.0,8.288606803983134,2.984800520783417,4.787744866504239,0.0,0.0,0.0,1.3008729018299807,5.249612674286767,0.0,2.984800520783417,1.1737410496178633,0.0,0.0,9.758591188152806
1.5886193284637333,5.377657151206616,0.0,0.0,0.0,3.4107441265533383,0.0,4.044188740054097,10.306289557135502,0.0,8.087005039533937,0.0,6.558567910602723,0.0,0.0,0.0,7.902543692215581,5.0623775035390075,4.698785628580073,0.0,0.0,0.0,1.5747590434247822,1.5886193284637333,0.0,3.9306872915815076,0.9014636236667805,0.0,0.0,9.664345853116323
2.3253559212536423,2.5240059460578745,0.0,0.0,0.0,3.3025912829433417,0.0,3.8200073196211983,8.696274197458822,0.0,5.754897212817312,0.0,5.538287193312722,0.0,0.0,0.0,10.207738726088875,5.853041752583308,3.9772783163479613,0.0,0.0,0.0,2.3081105333231915,4.985325069746304,0.0,3.1325925074290057,2.7453985977671653,0.0,0.0,11.304946427408584
1.6648579560023369,4.316781653908363,0.0,0.0,0.0,3.5200175420551734,0.0,3.9118659631506008,9.24741418073567,0.0,7.314222612836052,0.0,5.035067631226836,0.0,0.0,0.0,6.986695699390159,5.520417595894988,3.72020596343056,0.0,0.0,0.0,2.6334482175656504,4.4673577975419425,0.0,5.044017746855838,2.737641151649875,0.0,0.0,10.140880876316517
1.754129120762482,2.223141375739209,0.0,0.0,0.0,3.163812130797098,0.0,4.505848634845192,11.048913624537708,0.0,5.884991114667075,0.0,0.295904500376707,0.0,0.0,0.0,1.754129120762482,6.109247600349161,2.223141375739209,0.0,0.0,0.0,1.1056507990469095,6.875514386728637,0.0,2.838552990502474,2.0798850206083546,0.0,0.0,10.240323370651787
2.7274677377947443,3.2310266828984844,0.0,0.0,0.0,1.6749609146891533,0.0,4.2158054302979115,8.30078622112879,0.0,5.620202033532317,0.0,5.482060603124713,0.0,0.0,0.0,4.2158054302979115,5.766404053388559,3.1278209951946985,0.0,0.0,0.0,3.2435359940151653,6.714758003323422,0.0,3.6763573299152608,3.5812890508082047,0.0,0.0,9.488423053389834
1.3344988467343746,2.8614285900975567,0.0,0.0,0.0,3.69871663927363,0.0,5.2218339403285245,7.866992641802693,0.0,6.189939866474557,0.0,6.440818004347692,0.0,0.0,0.0,7.06175976370672,7.420383512363927,4.119082731185753,0.0,0.0,0.0,4.508971902432956,6.116117307632306,0.0,3.4343637747170552,0.13382211138204814,0.0,0.0,11.304089425671473
3.4020217784359983,3.872420624072755,0.0,0.0,0.0,2.7040229597521663,0.0,2.036866824367618,7.909830232746658,0.0,5.937377789975099,0.0,5.1745599209499105,0.0,0.0,0.0,7.770997045557193,8.18612197692289,5.885513489239503,0.0,0.0,0.0,0.951312281337563,4.854385620873264,0.0,0.00701202772715892,2.2102673757599787,0.0,0.0,9.987535485654542
1.4849632055240085,1.9972766477887434,0.0,0.0,0.0,4.320859291980298,0.0,1.936469551531226,10.010289729867289,0.0,6.237329309250188,0.0,5.125701550746808,0.0,0.0,0.0,8.397891018617084,7.961765874263069,4.967817320673721,0.0,0.0,0.0,4.257178198658757,5.496523752551077,0.0,1.1161761411909348,4.476712197953864,0.0,0.0,9.388404958150957
1.7564100749403297,3.3305976355874485,0.0,0.0,0.0,3.0641436853495057,0.0,2.6906608324173873,7.425201300630109,0.0,5.62910820030466,0.0,5.372140361244071,0.0,0.0,0.0,7.579243771138461,6.318746262317557,5.665236473975231,0.0,0.0,0.0,1.386684758736769,5.280605960897668,0.0,4.45487821403567,2.321754333302652,0.0,0.0,10.593401386279945
1.5285498921917613,2.1920826177418853,0.0,0.0,0.0,3.781021141963786,0.0,1.5327917686506054,9.391092657811743,0.0,4.630223145726808,0.0,3.6557323403784157,0.0,0.0,0.0,6.349402130873174,7.312193859266212,4.490702643239575,0.0,0.0,0.0,3.177147371719027,6.21544741349522,0.0,2.9659697091012287,2.511149770302665,0.0,0.0,10.158647413017373
2.2073665992083473,1.9564119005417269,0.0,0.0,0.0,1.3111367294653689,0.0,8.819922606175508,9.285791659389668,0.0,5.597236182747755,0.0,4.151277111858286,0.0,0.0,0.0,8.791962803685342,7.886188262511278,5.842204166626455,0.0,0.0,0.0,2.6465637615124695,1.3111367294653689,0.0,5.1100323220570045,5.408928300235726,0.0,0.0,1.5978804893363059
2.4930459066319375,5.261256206251569,0.0,0.0,0.0,1.9434317574978086,0.0,5.578132486657986,8.61885498004395,0.0,7.588472912414985,0.0,5.062181820597951,0.0,0.0,0.0,2.129043293331046,6.686016830487054,4.388509986877862,0.0,0.0,0.0,2.0457732067781462,3.9338393012991095,0.0,3.369735678450734,2.204002640318167,0.0,0.0,5.578132486657986
2.8358556467223517,3.6356434901978445,0.0,0.0,0.0,1.6211392031316898,0.0,-0.6344047430270225,3.7354144929386996,0.0,6.2107485237876014,0.0,3.7354144929386996,0.0,0.0,0.0,9.338531963658234,4.528279420170826,6.278249899753315,0.0,0.0,0.0,3.8096756524360442,3.823436382260852,0.0,4.965662198159288,2.318496355111522,0.0,0.0,7.640385593800196
2.2351014736793933,3.302967995159093,0.0,0.0,0.0,2.3207271992344296,0.0,4.184481188798362,10.614428428508429,0.0,5.640266173336601,0.0,5.343468784525768,0.0,0.0,0.0,5.717006100014248,7.281836818788353,4.964902494501919,0.0,0.0,0.0,1.2883915957013212,4.259837863341118,0.0,3.457566474032909,4.208628627607318,0.0,0.0,4.184481188798362
3.3086501484562265,3.709834828361583,0.0,0.0,0.0,2.9758783008355283,0.0,8.142585414009107,7.91039930757492,0.0,8.446059621501886,0.0,3.993590895758425,0.0,0.0,0.0,3.9490663440463867,7.554593386095948,3.9490663440463867,0.0,0.0,0.0,-0.40965465704233334,4.510095051344802,0.0,2.9638773919329005,3.839267913828669,0.0,0.0,1.213766698928938
1.602488995824374,5.417557517471073,0.0,0.0,0.0,3.6646558857910545,0.0,4.000797372892558,9.252127884415064,0.0,7.564198481417031,0.0,4.7288870687609315,0.0,0.0,0.0,6.60295085210229,7.654086221632344,3.607261917336305,0.0,0.0,0.0,1.7945975615125658,4.4048184838147195,0.0,3.542464065865624,1.5046272237862997,0.0,0.0,4.000797372892558
3.310256672259972,5.233271216089228,0.0,0.0,0.0,5.6419393155301085,0.0,3.2365368475469043,10.21496894526354,0.0,6.824468847309174,0.0,5.666020779644448,0.0,0.0,0.0,7.621460824645189,7.721680319598542,4.861973509604399,0.0,0.0,0.0,1.8787238141332385,4.2900349363320505,0.0,4.200408829586223,3.4807851169665476,0.0,0.0,3.2365368475469043
0.5817290856957471,2.782332538411782,0.0,0.0,0.0,0.5817290856957471,0.0,2.6067263496690014,8.817748955350318,0.0,6.517112652435093,0.0,7.236225138480951,0.0,0.0,0.0,6.206444755286375,8.243153694102963,4.31360270842019,0.0,0.0,0.0,1.1379658532685146,5.62141432495717,0.0,5.130178222931869,3.4439024532979765,0.0,0.0,2.6067263496690014
3.410076733334934,3.0331059486984904,0.0,0.0,0.0,4.001620981394873,0.0,1.3027450576046398,9.925063296277285,0.0,6.048367639332964,0.0,5.380637301802947,0.0,0.0,0.0,8.648595203997294,6.015473962918483,3.7012596012398977,0.0,0.0,0.0,2.907674488416716,5.096901193388403,0.0,5.850164898789892,2.874933053893523,0.0,0.0,1.3027450576046398
2.3683237091793474,4.232954846643926,0.0,0.0,0.0,4.38547644522714,0.0,0.8635203242588224,9.96298558004028,0.0,2.28704568595383,0.0,5.641855556917459,0.0,0.0,0.0,2.8353608098286367,6.25481966102924,5.750977144881418,0.0,0.0,0.0,1.8473733381276212,6.963824289680959,0.0,5.403702153050307,3.8800453698438386,0.0,0.0,0.8635203242588224
1.8992293708972205,3.2577011189209384,0.0,0.0,0.0,3.0361316304346433,0.0,1.125078477552762,8.802861268344907,0.0,8.568156239734565,0.0,6.020179804800137,0.0,0.0,0.0,9.694681106539262,0.2918080984508355,4.902079842066684,0.0,0.0,0.0,1.1265527374235538,5.847048530837174,0.0,4.621276074731594,2.3118816381508513,0.0,0.0,1.1265527374235538
2.199590893997099,2.754711027131794,0.0,0.0,0.0,2.489019455348805,0.0,0.529544197038885,9.462578908426782,0.0,7.933669698565934,0.0,6.264117129951332,0.0,0.0,0.0,8.900887541536257,7.886768766310882,4.3871959605707165,0.0,0.0,0.0,5.357376645825534,5.634216176418977,0.0,4.977206173828144,2.0462948836671866,0.0,0.0,0.529544197038885
2.489381873043873,5.819685946514905,0.0,0.0,0.0,5.291638066695541,0.0,1.2545199476872075,10.654962004737719,0.0,6.750383020075077,0.0,5.086880202803031,0.0,0.0,0.0,6.638759139693074,1.466518863641985,6.822857562606001,0.0,0.0,0.0,1.466518863641985,2.5401379174835856,0.0,5.355450849215004,2.0161115036729815,0.0,0.0,2.5401379174835856
1.9411041030127374,2.9487830923494376,0.0,0.0,0.0,4.799246008679142,0.0,0.571460594315351,8.135709448939467,0.0,3.271082842826286,0.0,3.271082842826286,0.0,0.0,0.0,8.527852567036012,6.9394112638373615,4.643600126802067,0.0,0.0,0.0,2.203112547166023,3.983969288353401,0.0,5.028674635748506,2.6569093776231716,0.0,0.0,0.571460594315351
0.7492212208728911,3.8600547909459544,0.0,0.0,0.0,3.8663880474626864,0.0,4.45788299779246,8.997033796004075,0.0,6.389616560591787,0.0,2.2859519784532214,0.0,0.0,0.0,5.228712784593579,2.2859519784532214,4.893767366466092,0.0,0.0,0.0,1.6083712198174924,4.479455642531156,0.0,3.585687120907224,4.458067581425055,0.0,0.0,1.082465851879707
2.023462296272857,2.9292329345577253,0.0,0.0,0.0,1.5358814141030406,0.0,1.5411859327972517,8.794760652933105,0.0,6.422380420228179,0.0,1.5358814141030406,0.0,0.0,0.0,6.824834108667485,2.319793012141928,2.023462296272857,0.0,0.0,0.0,2.979447384542965,5.894081712958399,0.0,3.918199791578967,4.334845083636034,0.0,0.0,1.535647656370404
3.053842479611531,4.332819765299831,0.0,0.0,0.0,2.153388897489767,0.0,1.6402650750776764,7.7313377127390215,0.0,5.548842406981066,0.0,3.431614001598,0.0,0.0,0.0,3.6595643624888057,7.517218486021399,1.0971340129722977,0.0,0.0,0.0,3.5990802561324764,4.23746444468463,0.0,2.153388897489767,2.355912450760154,0.0,0.0,1.920864901195559
1.4156252229349997,4.682497086713695,0.0,0.0,0.0,2.415881741406054,0.0,4.087032909416727,9.49654863955827,0.0,5.599503495100418,0.0,3.7480136064306624,0.0,0.0,0.0,4.087032909416727,6.965021818661734,3.553447678502487,0.0,0.0,0.0,3.5849442634318676,3.9204700730672966,0.0,3.3949254479838147,3.095430599512711,0.0,0.0,2.1547030434781167
2.8666839362333922,3.508514378017916,0.0,0.0,0.0,3.133366998303011,0.0,2.5858393148242325,11.175703165792108,0.0,2.443277058122356,0.0,0.124120356540663,0.0,0.0,0.0,5.297952683957966,5.580404935424417,1.645406598790132,0.0,0.0,0.0,3.461564060123993,5.771896618465861,0.0,4.22072020158585,2.2866920776913275,0.0,0.0,2.773150350267477
3.3646749567579306,3.5196972921096257,0.0,0.0,0.0,3.3617173818013977,0.0,5.472057944853318,9.453792397935123,0.0,3.74612770042069,0.0,3.9992063999246725,0.0,0.0,0.0,9.072625962492115,7.76320770221102,3.767989997197268,0.0,0.0,0.0,3.74612770042069,5.0389663872915635,0.0,3.568576647205385,2.9255810408192455,0.0,0.0,3.5116363669837516
4.300593551185891,1.3209195866561465,0.0,0.0,0.0,2.2427418060147577,0.0,4.911498389933125,8.817932647449279,0.0,6.170386086080251,0.0,4.89554578221949,0.0,0.0,0.0,6.537821245603115,8.02164415363769,5.312354297781399,0.0,0.0,0.0,1.5119329727783304,4.942459985170927,0.0,4.462951717663047,1.6522757223117976,0.0,0.0,1.3209195866561465
3.8343235049378848,5.19397164469141,0.0,0.0,0.0,3.8547896995062434,0.0,4.285874827714119,7.718199807852894,0.0,0.6019388089320094,0.0,6.027019208582314,0.0,0.0,0.0,8.753430961142879,6.84114923675101,1.3491920608800279,0.0,0.0,0.0,3.0163253614684336,5.231141766031896,0.0,0.6019388089320094,1.9295219407102953,0.0,0.0,3.6034800921609875
4.076262447810901,3.749976459067374,0.0,0.0,0.0,3.8593237949439088,0.0,3.9384619704087815,2.6639131505283764,0.0,7.817874403462464,0.0,6.093901973622677,0.0,0.0,0.0,8.74018318055892,2.6639131505283764,4.310814902169338,0.0,0.0,0.0,2.1564300363170754,7.121407951635302,0.0,4.951298550215052,2.112942451240101,0.0,0.0,1.5484117309893297
2.4467693368908,3.0494854552626127,0.0,0.0,0.0,3.190690185569434,0.0,3.786021951627685,9.089731426001997,0.0,7.937953976917283,0.0,6.25630146894319,0.0,0.0,0.0,7.618995037797439,6.457266985005459,5.135416598117272,0.0,0.0,0.0,2.6652109301444504,5.99488063006651,0.0,0.9273960041343351,0.8291076845736169,0.0,0.0,5.781051834415862
2.0583660476814747,3.848145546101331,0.0,0.0,0.0,3.5982179709258424,0.0,4.836856623405408,9.820354894079097,0.0,7.758029513627573,0.0,6.98314435356234,0.0,0.0,0.0,8.755839809716646,8.62764621301891,6.431107620164245,0.0,0.0,0.0,4.493233444180789,4.256220094523136,0.0,4.236141702890727,2.543691606876257,0.0,0.0,4.926661191979492
5.384205718572339,5.012558163829159,0.0,0.0,0.0,0.9964460243674602,0.0,4.165494738796199,10.89107394576481,0.0,5.641040973796682,0.0,4.4662523949378805,0.0,0.0,0.0,7.0484316511562914,8.857132236767415,2.546508835306139,0.0,0.0,0.0,3.138980555984107,5.220060503361877,0.0,4.573016027066623,2.6763310849514155,0.0,0.0,6.071313756382714
2.5444927956685186,4.632765744424858,0.0,0.0,0.0,4.228300757739847,0.0,1.314422076824889,4.421633926754437,0.0,5.850501439569486,0.0,5.61832497856784,0.0,0.0,0.0,8.157356298745782,7.291947075924929,5.268252269900603,0.0,0.0,0.0,4.421633926754437,6.099202827098657,0.0,4.505352079250026,4.040934595046645,0.0,0.0,5.860604317199547
3.478808157910702,4.3290844821626395,0.0,0.0,0.0,2.000740046725542,0.0,3.5207213169892575,7.445614559485854,0.0,5.851708795461077,0.0,5.568495446071108,0.0,0.0,0.0,7.404394531809323,6.767401500918754,5.1352570205198695,0.0,0.0,0.0,2.6567372568470082,3.3592370304659944,0.0,4.364869221797461,1.733632142278398,0.0,0.0,6.873936397880714
1.3174881688981857,3.972340888903679,0.0,0.0,0.0,1.5377298439746288,0.0,2.850450411824162,8.050287832317311,0.0,4.9091341747365655,0.0,5.261448353720522,0.0,0.0,0.0,7.638799014508015,6.018917064295861,6.186613028033392,0.0,0.0,0.0,1.3174881688981857,3.69355738595818,0.0,4.0913328175541865,1.6804502531938514,0.0,0.0,7.441396445183887
2.137354319265434,3.9259168426171556,0.0,0.0,0.0,4.424561225708117,0.0,3.619115624601685,9.28652872894638,0.0,6.4955605397791585,0.0,6.193518231997017,0.0,0.0,0.0,9.240081158860981,8.350771369043644,3.5183175525773045,0.0,0.0,0.0,3.0205670058715133,5.022854198100195,0.0,2.2652406845386603,2.003926495452737,0.0,0.0,8.547304906623804
2.4682975931248365,3.7672372290576783,0.0,0.0,0.0,2.9405737140334383,0.0,4.9890809390368505,2.099896957615069,0.0,6.567341646497037,0.0,5.7766368460484045,0.0,0.0,0.0,9.13560741615578,9.033372379887789,4.142055317886523,0.0,0.0,0.0,3.4020751052082643,4.793391724024282,0.0,4.6427780608119,3.1749048562081104,0.0,0.0,7.858386781137554
2.1517236482591224,3.5069654569545303,0.0,0.0,0.0,4.495494381989376,0.0,3.920506795377355,10.724617684906892,0.0,1.7199189645634234,0.0,4.340393700353228,0.0,0.0,0.0,6.729229517847726,7.934014553167205,4.124223218795797,0.0,0.0,0.0,3.2341486138452082,4.295738155152312,0.0,1.7199189645634234,4.458151723548415,0.0,0.0,9.118247177076372
3.113989744353478,2.41891340346398,0.0,0.0,0.0,3.0831502044711425,0.0,4.166219845389313,2.092912814786505,0.0,7.123199502490603,0.0,4.860147993652035,0.0,0.0,0.0,8.012006376793869,8.27040139436497,4.20677563858715,0.0,0.0,0.0,2.5706213463517305,3.7483666614098876,0.0,3.9985922069212605,1.3040273401329072,0.0,0.0,10.636744814616172
2.298199970540766,3.979886902743917,0.0,0.0,0.0,3.794267058091848,0.0,1.6626682321465975,9.585546013965617,0.0,7.443629381655312,0.0,3.8142898052746173,0.0,0.0,0.0,8.29207993470287,8.279085640689036,3.497053699251684,0.0,0.0,0.0,1.9306641369242838,4.849344846006395,0.0,3.091278250622348,3.5580823575517537,0.0,0.0,10.22009363775304
1.9458486621847098,4.9348294594623905,0.0,0.0,0.0,1.741014470811625,0.0,3.2192914246018525,10.132323838551818,0.0,6.945715325172748,0.0,5.8925807274890465,0.0,0.0,0.0,7.7902155582487955,7.488131469819484,4.5217610422879115,0.0,0.0,0.0,0.2234522580005971,4.308792063445722,0.0,1.0970648081510772,0.8930142972695334,0.0,0.0,10.440311940966572
4.063362509028943,3.230115059061793,0.0,0.0,0.0,3.933496356380496,0.0,0.7777403291271207,3.933496356380496,0.0,6.483450520933832,0.0,0.941888779046926,0.0,0.0,0.0,2.7066998192687115,7.242035238660873,6.319722303320247,0.0,0.0,0.0,3.9298852568609273,0.941888779046926,0.0,3.3791113157767745,4.144258083391719,0.0,0.0,10.299926741947226
1.4505181043158484,4.311726314317719,0.0,0.0,0.0,3.0713732386353065,0.0,2.6690868056861783,8.799402677702549,0.0,7.210548119867049,0.0,5.843744634099908,0.0,0.0,0.0,8.921372773099238,6.772360052059261,5.566504705883067,0.0,0.0,0.0,3.036571751410608,4.144467385815275,0.0,3.3138746159134804,1.4505181043158484,0.0,0.0,8.049673556631047
1.148903516464321,3.9676632416755795,0.0,0.0,0.0,3.599886934023881,0.0,3.6357452381278064,9.152894737814929,0.0,1.148903516464321,0.0,4.533001876883821,0.0,0.0,0.0,1.4851783237787544,0.8246217271782854,2.8854134587681144,0.0,0.0,0.0,0.8246217271782854,5.619286281860929,0.0,6.696017098745482,1.4851783237787544,0.0,0.0,10.230411667994709
1.45238912001088,4.301949451937197,0.0,0.0,0.0,3.6139184031108593,0.0,3.7414923304780596,7.983144795129858,0.0,3.305383449517014,0.0,4.7858925146299125,0.0,0.0,0.0,8.588895702909788,3.356672945945923,3.305383449517014,0.0,0.0,0.0,1.9179472733497782,5.997889369796356,0.0,3.356672945945923,2.0053376755811683,0.0,0.0,10.326269139571231
1.9884791830166204,3.2700531655439202,0.0,0.0,0.0,3.6783838404984706,0.0,2.0051999619093266,8.067122913831795,0.0,5.053820571294322,0.0,5.425528597175815,0.0,0.0,0.0,9.446962915998547,4.172784627303333,4.67462161253814,0.0,0.0,0.0,3.624864551450019,5.80208009901803,0.0,-0.25490962236379766,1.9462250594726296,0.0,0.0,9.288041230321706
2.37019755482251,2.416047027734759,0.0,0.0,0.0,3.366962125361972,0.0,3.563596599175356,8.174908898407848,0.0,5.608182868914672,0.0,6.241546418326178,0.0,0.0,0.0,0.8904823811505552,5.927674629804084,4.871343506218828,0.0,0.0,0.0,2.82987059208726,4.3586291865289315,0.0,5.800166252297542,1.3126405158100258,0.0,0.0,11.54685797794658
3.929654622510524,1.9972000501974165,0.0,0.0,0.0,2.7991827371864058,0.0,2.7812374885097615,8.511593830053899,0.0,6.869535054158455,0.0,6.814401776479547,0.0,0.0,0.0,3.655265876531506,3.655265876531506,2.486650473479335,0.0,0.0,0.0,3.8985632225235474,5.093079253840127,0.0,1.5375350930518796,1.6461379134842447,0.0,0.0,9.622074750318934
2.2575388540351797,3.2606319765238068,0.0,0.0,0.0,2.7606743535149776,0.0,1.523107070179192,9.46787030625388,0.0,8.066761919147243,0.0,6.203431578869095,0.0,0.0,0.0,6.3744960212815975,6.747185559170545,4.085546295434953,0.0,0.0,0.0,3.6151367808744914,4.151031469372488,0.0,1.523107070179192,3.5318779239442004,0.0,0.0,8.916598005371505
3.395679063382234,3.8999759904170217,0.0,0.0,0.0,2.4418337624609094,0.0,-0.5697276151713369,8.12548435817998,0.0,7.008525081991704,0.0,4.887550247402442,0.0,0.0,0.0,7.770612044582212,6.291813451279554,4.068693877435199,0.0,0.0,0.0,0.6447155858611224,3.2529183773578154,0.0,3.5104291933870244,2.6740256692340574,0.0,0.0,10.009379106129437
2.6175912055959674,3.073532194515568,0.0,0.0,0.0,2.7869726110534536,0.0,3.6807974417605913,10.12561328914818,0.0,6.345542791440977,0.0,6.5692499485758225,0.0,0.0,0.0,6.199843657637023,3.073532194515568,5.328773046002957,0.0,0.0,0.0,2.865756241432785,5.619150037229941,0.0,3.7496430103131204,3.050175693667799,0.0,0.0,9.50195960361501
4.084110858333088,4.935167162786744,0.0,0.0,0.0,2.8861044716858966,0.0,2.557763000683743,7.594561516327055,0.0,7.582156040721931,0.0,4.907958948907226,0.0,0.0,0.0,7.761011695339144,5.376938452820317,2.243944152360429,0.0,0.0,0.0,4.725410477114964,2.557763000683743,0.0,4.732321145290076,1.1188976362132013,0.0,0.0,10.925407811477923
2.947474753416277,3.1188058951577338,0.0,0.0,0.0,2.707107658072564,0.0,4.983033918143464,10.093207056115988,0.0,6.323500036201721,0.0,5.224495617639403,0.0,0.0,0.0,6.078019835425524,6.543247218555091,2.749812409091178,0.0,0.0,0.0,3.0179728099407837,3.1736156296728963,0.0,3.173679757015127,2.033079978773531,0.0,0.0,10.444703458116603
4.485012504277033,3.203201562078216,0.0,0.0,0.0,3.8308064894466813,0.0,1.1869976939073332,8.101782033036187,0.0,8.270687306523591,0.0,4.223318055859288,0.0,0.0,0.0,7.0836884547116235,6.552401379387337,6.473137928652593,0.0,0.0,0.0,3.1811006324272264,4.240134448932919,0.0,3.90374389484386,2.4484186806494086,0.0,0.0,10.828579242544466
2.801100229304175,5.510205588113209,0.0,0.0,0.0,4.2244229658741315,0.0,3.8658690674113427,6.588223354806685,0.0,7.086371232991006,0.0,5.09979438517091,0.0,0.0,0.0,7.749866730306365,6.532576477064325,5.415539008036345,0.0,0.0,0.0,1.8576280679206287,4.984307308989802,0.0,5.676275504054257,3.4112378459635595,0.0,0.0,8.768484177062634
2.544890046185625,4.361521944905476,0.0,0.0,0.0,1.7763759049703733,0.0,2.544890046185625,8.649159949688325,0.0,7.333654474787946,0.0,7.460386989173803,0.0,0.0,0.0,6.3861067625909484,9.29880294878646,6.961176648902312,0.0,0.0,0.0,2.9094656664428262,4.171559260816036,0.0,2.9102049374453776,3.1990951933362775,0.0,0.0,9.877493736111521
3.341021104842322,4.062298416969038,0.0,0.0,0.0,3.5721044365707924,0.0,2.597225979075964,4.164298920611047,0.0,5.75720224202193,0.0,4.164298920611047,0.0,0.0,0.0,10.109545288983748,7.039013261163953,6.499186296363689,0.0,0.0,0.0,3.066295165296026,4.118079251112444,0.0,5.936148226905463,2.287994050186462,0.0,0.0,9.797736100451697
2.8145220818996384,4.26783990565269,0.0,0.0,0.0,3.5388511758657053,0.0,3.2383082224868875,10.11159981991826,0.0,5.3881552579894745,0.0,4.952021767732775,0.0,0.0,0.0,7.64965968523889,7.253752414548847,4.7181931414343685,0.0,0.0,0.0,4.737605775455736,7.341727915295234,0.0,1.65705066073741,3.641344268740849,0.0,0.0,10.064749413091187
2.9318511786102435,4.410620130252652,0.0,0.0,0.0,2.988778382626066,0.0,3.944896361614763,9.655813787881101,0.0,5.921760738439575,0.0,4.539648842775849,0.0,0.0,0.0,-0.8903550872186443,6.649249902106339,4.227414044042349,0.0,0.0,0.0,3.3850314557494396,5.333775452401851,0.0,3.6857383379665514,3.3036542231460055,0.0,0.0,12.220321196305484
3.0788769992346987,3.0558716384308946,0.0,0.0,0.0,3.6573222002136982,0.0,3.531391049676657,9.595840147046253,0.0,5.533723270933721,0.0,5.426333739225117,0.0,0.0,0.0,8.401263309804468,7.034477812906023,3.853840945047846,0.0,0.0,0.0,4.4839241554401745,5.67231200359449,0.0,4.632295095248337,3.615381014788876,0.0,0.0,11.17859977351583
0.3552652367619978,3.8634133812457825,0.0,0.0,0.0,2.914801227350264,0.0,4.106360592607328,4.1785825644787105,0.0,5.152167394438994,0.0,6.4873859399594185,0.0,0.0,0.0,8.758160426350283,6.940020675829301,5.148087918200251,0.0,0.0,0.0,3.9865682669297957,4.1785825644787105,0.0,4.473121383421576,2.758858945101219,0.0,0.0,9.390321464592132
3.2200063244826023,1.3618564556849917,0.0,0.0,0.0,1.563090661226557,0.0,6.298262544985164,8.598785798508255,0.0,7.220265472168566,0.0,6.51746971099486,0.0,0.0,0.0,7.17630317152871,7.531972617169818,6.527472608639775,0.0,0.0,0.0,4.195988197911009,0.9204944180584285,0.0,1.8839362562874256,2.1877063699899058,0.0,0.0,8.794222961885614
2.8268352318236083,2.8385119335656332,0.0,0.0,0.0,2.346443544094435,0.0,3.0489998097193727,7.646722354641558,0.0,6.647131134740285,0.0,5.042412136257169,0.0,0.0,0.0,8.382887661878572,7.657305774298412,3.0050335472895227,0.0,0.0,0.0,2.130112236801061,4.5693138178572505,0.0,4.922943154178195,2.1209638830360187,0.0,0.0,8.956100146297992
1.8630579304687143,2.413177853092208,0.0,0.0,0.0,2.229335846369434,0.0,4.1042661374833065,11.164220401122444,0.0,2.413177853092208,0.0,2.279386281188714,0.0,0.0,0.0,4.129377323999575,6.669640668887089,6.005639199543183,0.0,0.0,0.0,4.129377323999575,5.973909498040078,0.0,2.9492844013939172,2.375577960204727,0.0,0.0,10.055261493283597
4.234973665839017,2.664340038378614,0.0,0.0,0.0,3.3419387177381537,0.0,3.7838763652441987,7.280083020014519,0.0,5.497223838048666,0.0,4.595120018914928,0.0,0.0,0.0,6.715451427889348,6.51555607349488,4.16513625679412,0.0,0.0,0.0,1.4907839428314342,5.57945206682607,0.0,4.159153526745976,1.8675745334102793,0.0,0.0,10.377610483862346
2.305969072900049,5.550397959182024,0.0,0.0,0.0,1.5027109683923385,0.0,3.8938028175387105,9.392939031272995,0.0,4.705064918517351,0.0,5.8518715907178125,0.0,0.0,0.0,8.366212568560417,7.1931743780919115,5.9984591374857485,0.0,0.0,0.0,2.8499532327291046,5.297045771724569,0.0,4.267836714681031,2.5981831538591824,0.0,0.0,10.139938268867926
3.5240094543213236,4.833263192256626,0.0,0.0,0.0,3.7787205455597674,0.0,4.33157493970253,9.084686576853539,0.0,5.083166687235665,0.0,6.670869498783237,0.0,0.0,0.0,7.94683448915707,7.784067241654907,4.174108631130712,0.0,0.0,0.0,4.667668025958362,7.044614253265885,0.0,4.680955096303754,1.6202852488326838,0.0,0.0,12.233864474230701
3.911660593267266,4.368847390266177,0.0,0.0,0.0,1.6854113977669807,0.0,4.844509827456333,8.691142009654719,0.0,5.006544286715421,0.0,4.4872424582618855,0.0,0.0,0.0,1.6854113977669807,7.808870060691453,2.9627349268594383,0.0,0.0,0.0,1.316091424905037,6.193748168453709,0.0,4.983206438608399,2.8515185548888775,0.0,0.0,9.753767968398346
3.3801147472701927,4.149222801372128,0.0,0.0,0.0,5.0450912285416605,0.0,3.026892125975056,9.899960011788641,0.0,4.133635184949019,0.0,5.375376847271079,0.0,0.0,0.0,7.495661409058242,4.45410375273545,7.475821044189555,0.0,0.0,0.0,3.505124259543111,3.142911106278218,0.0,2.5934206950049523,3.5585666400048916,0.0,0.0,4.45410375273545
1.1948298672070277,4.7713254796055,0.0,0.0,0.0,2.3226001767944995,0.0,2.607961867072681,8.73239645511735,0.0,6.443981700909903,0.0,7.019076926400535,0.0,0.0,0.0,9.072452069311492,6.301919239013873,3.1240836544463475,0.0,0.0,0.0,2.4320808419994995,5.518702281463324,0.0,6.189148088539942,1.239033865604521,0.0,0.0,9.766730943907293
4.251742678396889,2.840376528389739,0.0,0.0,0.0,0.6832659428344056,0.0,0.6832659428344056,10.10352936380893,0.0,6.424289269105646,0.0,4.851907708418216,0.0,0.0,0.0,8.183506227148134,1.31323543441366,3.7396944623158674,0.0,0.0,0.0,2.9036428098962253,5.045186211341974,0.0,4.6332481217129775,1.31323543441366,0.0,0.0,9.520785321898897
2.67847594076831,1.9789584310305413,0.0,0.0,0.0,4.396847416112625,0.0,3.830471098545819,7.531806781935989,0.0,8.52298681024688,0.0,5.069843340352295,0.0,0.0,0.0,7.6598859015016165,8.316457146469105,5.107356378210977,0.0,0.0,0.0,1.7595070404434103,5.080843810661375,0.0,4.344354357547165,1.7595070404434103,0.0,0.0,10.683609890209187
5.144586161430243,4.056759418176633,0.0,0.0,0.0,2.137720441630157,0.0,3.6650785003005075,5.144586161430243,0.0,6.7726960796834215,0.0,6.248521267114219,0.0,0.0,0.0,7.771270303705317,6.191174799777438,4.267386659059017,0.0,0.0,0.0,3.063623434013888,5.096940904199957,0.0,4.187800805046723,1.7588841170541423,0.0,0.0,8.448285944041709
4.064663210000681,3.2223586162184095,0.0,0.0,0.0,2.803641186937572,0.0,4.162509565918455,4.064663210000681,0.0,6.646176042416705,0.0,5.067721106782709,0.0,0.0,0.0,8.68247446880105,7.566574264247102,4.596047543881002,0.0,0.0,0.0,1.5187674546893273,4.141258180201081,0.0,3.745854525799273,2.2557515213422232,0.0,0.0,10.207712370502849
3.1650882643359273,4.503963389471389,0.0,0.0,0.0,3.3483674934453984,0.0,5.416746049244855,3.1650882643359273,0.0,5.8074697098057895,0.0,5.169898438150682,0.0,0.0,0.0,4.891156069969201,6.737867314964629,5.56144588169496,0.0,0.0,0.0,1.7907430522933099,4.540568550123491,0.0,5.2146744717541305,1.7679800657259022,0.0,0.0,8.796480614913662
2.1423581278434503,2.404204070085237,0.0,0.0,0.0,2.2097343778941787,0.0,3.8074106141582322,2.1423581278434503,0.0,5.834067884075313,0.0,5.167627497666144,0.0,0.0,0.0,2.5218521230725166,6.649427657440164,4.72417121592369,0.0,0.0,0.0,2.9116201357417415,4.840899961912851,0.0,3.3873641942109067,2.7222898014227392,0.0,0.0,9.919393536933649
1.7424107689325912,3.9006227425472426,0.0,0.0,0.0,1.3323954175751238,0.0,3.109662758817034,1.7424107689325912,0.0,6.990263130869771,0.0,4.644662265805858,0.0,0.0,0.0,8.737758853921152,8.402423733166025,2.9052084197719705,0.0,0.0,0.0,4.654565774055449,4.674632664765397,0.0,2.9052084197719705,2.3127232522092576,0.0,0.0,4.674632664765397
0.7659849025128749,3.307245447695322,0.0,0.0,0.0,3.2355775405581295,0.0,4.417404308340128,0.7659849025128749,0.0,5.801164053817423,0.0,3.783395677335691,0.0,0.0,0.0,9.257717725185806,7.281636644004819,5.825475934720471,0.0,0.0,0.0,1.829034752344088,5.284012840478644,0.0,4.393905826300825,0.5530196917118505,0.0,0.0,6.923572426143204
3.3106258332373373,3.908460520875902,0.0,0.0,0.0,3.709408571789698,0.0,5.79823406963622,1.0316927948951444,0.0,6.0204230750280345,0.0,4.717923802470943,0.0,0.0,0.0,8.553663218596418,8.220849023569876,3.760641132770136,0.0,0.0,0.0,0.011200551460792407,5.41026651585411,0.0,3.6731011646523717,3.8604137732719943,0.0,0.0,9.55794319938159
3.9436490174290837,2.135037500274695,0.0,0.0,0.0,3.8175266094764013,0.0,4.029868169383928,2.766505216889204,0.0,2.766505216889204,0.0,1.610167127722399,0.0,0.0,0.0,7.44256075095286,6.966526006221935,3.0763437995700156,0.0,0.0,0.0,3.9070659847733236,5.175668041450492,0.0,3.621779476290975,2.9535554327688143,0.0,0.0,10.59769822745428
3.1269451049343058,3.7327789260648214,0.0,0.0,0.0,2.995570555895676,0.0,3.3672867753141356,1.955635800082697,0.0,5.194329356123441,0.0,4.211298812126494,0.0,0.0,0.0,7.813270228511584,10.158182537434014,5.464064170837826,0.0,0.0,0.0,2.639183575948798,4.571321557129165,0.0,4.570731088025788,1.943630599347942,0.0,0.0,4.571321557129165
3.1511856008225876,5.3320912224089,0.0,0.0,0.0,3.385433586988154,0.0,3.079837832875967,2.065534158541291,0.0,5.996022247809867,0.0,5.900579283408766,0.0,0.0,0.0,7.094978006355,8.034212736905848,4.5377542014449705,0.0,0.0,0.0,2.856289331139017,7.371846002236094,0.0,4.8111332863174905,4.004508975901057,0.0,0.0,8.767606744712376
3.5117777802212777,2.048853305516441,0.0,0.0,0.0,1.9870734151605605,0.0,2.673606493353596,3.0311873190469902,0.0,8.160397222762525,0.0,6.478327853648896,0.0,0.0,0.0,7.816688516102449,7.996674185588188,0.950103812031736,0.0,0.0,0.0,3.8228962447131574,2.678317764608592,0.0,3.4500079500253595,2.133795487848423,0.0,0.0,8.434557329713467
1.858195177873733,3.7832795249050855,0.0,0.0,0.0,1.1747344357734986,0.0,3.899168401762862,3.158158904597799,0.0,8.320300670814508,0.0,5.552557810992441,0.0,0.0,0.0,7.7181721302436435,6.989605063516385,3.3389960713689453,0.0,0.0,0.0,3.1587031204310665,7.12469563173722,0.0,3.0423041581262495,3.141364518001118,0.0,0.0,7.838222161188308
1.404325835121823,4.893007049623834,0.0,0.0,0.0,4.129118840852882,0.0,3.5828528654898104,4.325324392138893,0.0,5.806029082384611,0.0,5.06876071553172,0.0,0.0,0.0,9.093989233410024,7.246791025661887,5.946484603125988,0.0,0.0,0.0,4.124308216910939,0.964770765667977,0.0,0.964770765667977,4.164048480425118,0.0,0.0,4.129118840852882
3.36792429194458,3.4460979847986515,0.0,0.0,0.0,2.7347083289773586,0.0,3.0033496142996023,3.4638546789364737,0.0,1.2971713950908628,0.0,4.951697240886057,0.0,0.0,0.0,7.850740962095914,7.027686328912353,5.125795553288291,0.0,0.0,0.0,0.14772259735923354,5.312915724613904,0.0,3.0463403684759807,3.3153888762189947,0.0,0.0,9.098428242605959
1.7252543816670165,4.290091057172744,0.0,0.0,0.0,3.0931407264266175,0.0,0.29230578346053676,5.021206136959151,0.0,6.689147899669049,0.0,5.027565848188392,0.0,0.0,0.0,7.921305515652889,8.633149365861284,5.385693247155026,0.0,0.0,0.0,1.7252543816670165,5.241432031697017,0.0,3.2086813169647925,1.5807204653257219,0.0,0.0,8.388316438073764
1.9362793768339117,4.946813711471346,0.0,0.0,0.0,3.180546477815792,0.0,1.172851545694253,1.172851545694253,0.0,5.741498085878227,0.0,4.846683505977174,0.0,0.0,0.0,9.610695776883801,1.8847888839646512,3.7042893255565263,0.0,0.0,0.0,1.8871995742688785,5.109602999018102,0.0,1.172851545694253,3.0160893845847148,0.0,0.0,10.288896687958006
1.9161787882973946,4.1319353939193535,0.0,0.0,0.0,4.426391668027884,0.0,3.7944633058374317,5.487729817555151,0.0,7.591304336769963,0.0,2.061268155887628,0.0,0.0,0.0,8.840425576920449,5.078164198170201,5.143159646757227,0.0,0.0,0.0,3.665647549640868,2.061268155887628,0.0,5.025643690620311,3.2587777103035553,0.0,0.0,9.214173454029783
2.0434909698926367,3.8725300816340633,0.0,0.0,0.0,3.650184287935244,0.0,4.371509153629742,5.072741991061741,0.0,5.320930930303333,0.0,3.8713065275928016,0.0,0.0,0.0,9.367089564831707,8.13349993843602,4.623848719825876,0.0,0.0,0.0,3.373728243584351,6.803171015144163,0.0,3.053565383337925,2.125772106946675,0.0,0.0,10.393333466976342
2.6400145678446783,4.049015860770018,0.0,0.0,0.0,3.8118371861446256,0.0,2.9994911071608885,2.6400145678446783,0.0,4.834499158453516,0.0,4.681530791423971,0.0,0.0,0.0,8.077546018487132,7.814598756510403,6.361702410813413,0.0,0.0,0.0,2.4618081420902085,6.110130156120942,0.0,5.879775775949654,2.637632733751022,0.0,0.0,9.728025302617043
1.3466752562109754,0.7636941072912665,0.0,0.0,0.0,1.8494517483196322,0.0,3.6151304651044196,6.062688174233693,0.0,7.084143810307645,0.0,4.004955315816952,0.0,0.0,0.0,8.697104162406855,7.013842842753751,5.769755557525338,0.0,0.0,0.0,3.9739090751106847,4.188443145811638,0.0,0.7636941072912665,3.538068058165482,0.0,0.0,8.638136697535439
2.5104158926828886,3.230667766957155,0.0,0.0,0.0,3.8721004235532477,0.0,4.593363889523333,2.5104158926828886,0.0,7.087160679279525,0.0,-0.2204225321858342,0.0,0.0,0.0,7.6354972007621065,7.840031582413999,3.727490693101183,0.0,0.0,0.0,2.6035345234565876,2.2713794510494645,0.0,2.430245953159358,2.4864349134019457,0.0,0.0,4.666510660455428
2.0896191838794067,2.8751067904941525,0.0,0.0,0.0,1.0546806457572155,0.0,3.0129718700320183,4.444110789273062,0.0,7.657627095535485,0.0,4.31979948781889,0.0,0.0,0.0,9.8885851975754,7.219837126669776,4.735844724955849,0.0,0.0,0.0,1.0546806457572155,4.243644054753525,0.0,3.891106244428878,4.251565699744951,0.0,0.0,10.29723765853509
2.624787013839899,1.5055031100668144,0.0,0.0,0.0,2.816456245447968,0.0,2.35685831972821,3.746973411129923,0.0,5.1813237562715155,0.0,6.697524076491869,0.0,0.0,0.0,8.764769975855705,7.663572541498004,2.163143094781966,0.0,0.0,0.0,1.96426539402138,5.266294740539361,0.0,2.9402235167409363,5.354626981936219,0.0,0.0,13.08564498837993
2.543829865509304,2.3678606954466344,0.0,0.0,0.0,2.2683158457405765,0.0,3.636813066137543,5.214076446178043,0.0,1.6403920213890286,0.0,5.10141361083705,0.0,0.0,0.0,8.559129284992533,6.3214206460905045,4.115758473364812,0.0,0.0,0.0,3.2916271409665283,4.839727330822574,0.0,3.0006259038428222,3.0225489871922027,0.0,0.0,10.172992633883347
3.189108295366655,4.162495303896223,0.0,0.0,0.0,2.237339702222254,0.0,3.873035735356152,4.885548790729671,0.0,7.034247685126803,0.0,5.872465861689148,0.0,0.0,0.0,6.9020333816875965,6.584522814156644,4.1358966304143845,0.0,0.0,0.0,4.572191205548016,4.002520690268455,0.0,3.482202349586548,2.1557687920328283,0.0,0.0,10.262406520180651
2.625970604058471,3.9689426308217413,0.0,0.0,0.0,2.98769039071206,0.0,3.7156758641000858,6.03520180899686,0.0,4.859992957995244,0.0,5.0891199300014645,0.0,0.0,0.0,8.150533702127001,7.7542032716562534,4.121833651885308,0.0,0.0,0.0,3.37485680678643,7.258200282346076,0.0,3.6061055295600344,3.055129957769431,0.0,0.0,10.54126253468686
2.4676652869065956,3.4198276097763904,0.0,0.0,0.0,3.728381691369201,0.0,2.5137798756368652,6.659783819555446,0.0,2.5137798756368652,0.0,6.210488560394994,0.0,0.0,0.0,9.529191410143444,6.976060391630514,2.1068798586150885,0.0,0.0,0.0,2.148811783221122,5.407694826195952,0.0,4.534841080127627,2.5083796442948776,0.0,0.0,11.358011025322678
2.4548705542679237,3.574002281151571,0.0,0.0,0.0,3.874926368641442,0.0,1.5090845133260882,6.835610083025416,0.0,7.4879569528339065,0.0,5.797637706814317,0.0,0.0,0.0,9.317139904654477,7.90968421511454,4.121622348438093,0.0,0.0,0.0,2.955952318117299,5.238802664479622,0.0,3.0446606767761413,2.950166955393425,0.0,0.0,9.010706060646678
3.4436544393962474,4.182803528804357,0.0,0.0,0.0,2.1812491900810107,0.0,0.5047319400520371,7.870458501955805,0.0,6.7945316040825405,0.0,5.603750335291226,0.0,0.0,0.0,7.595321203016024,8.06080471816511,4.418484522151079,0.0,0.0,0.0,3.1613875514165364,4.837587761499553,0.0,0.5047319400520371,2.217552755442882,0.0,0.0,9.67248029768374
3.311287209990638,2.3537158735460917,0.0,0.0,0.0,1.9202881731702737,0.0,1.6810296393840076,7.603385173782923,0.0,6.352438061469371,0.0,4.744459014604378,0.0,0.0,0.0,9.909692175816303,8.71023008656381,6.544596335336692,0.0,0.0,0.0,1.7117716688621227,4.868949073714954,0.0,1.6810296393840076,3.199113095747769,0.0,0.0,8.441614915445557
2.5302871720604707,4.0449844311464,0.0,0.0,0.0,3.2829543271663613,0.0,1.2839228843512107,9.213278333803789,0.0,7.17699231523256,0.0,6.107209860775987,0.0,0.0,0.0,7.457344567403673,7.130953755475423,4.841100439925353,0.0,0.0,0.0,2.655654975226545,6.737140780168563,0.0,4.521507883647381,2.790923164578564,0.0,0.0,9.143085793482319
2.050294669744225,2.6974375078807062,0.0,0.0,0.0,4.453487705570277,0.0,0.7081473223440999,9.437559388805733,0.0,7.245481857396307,0.0,3.4001507344922475,0.0,0.0,0.0,7.573477493643142,9.30139265925378,3.1369325366653653,0.0,0.0,0.0,3.15771671835076,5.545212709936577,0.0,3.7861810240440765,3.309138030748747,0.0,0.0,11.162131662343771
1.345750780065417,3.8653549289620153,0.0,0.0,0.0,5.094626527026961,0.0,3.064495513054352,12.121238220559817,0.0,1.8031272656337785,0.0,2.2667153185838336,0.0,0.0,0.0,6.890663803569538,6.754382663382195,3.2008997221531796,0.0,0.0,0.0,3.380603846672871,4.31164979478455,0.0,3.4302137289389623,2.74925957958954,0.0,0.0,11.7544538282827
3.5831804907717912,2.555186866697446,0.0,0.0,0.0,3.4695194100026656,0.0,3.9327025855871685,5.937099408910106,0.0,8.062052883049903,0.0,6.1787158518004475,0.0,0.0,0.0,3.3145700283979016,7.578816296605732,2.555186866697446,0.0,0.0,0.0,3.3145700283979016,6.251278643407053,0.0,3.8389279677404042,2.834916751538367,0.0,0.0,10.076996083986552
3.137372803975692,5.607546705914678,0.0,0.0,0.0,1.6622562835055175,0.0,5.06395382728593,10.136404018539901,0.0,6.962620639140475,0.0,5.168248057275279,0.0,0.0,0.0,7.0235440995018505,6.99893725694588,2.388538105226824,0.0,0.0,0.0,4.5481726741467146,5.611483912236768,0.0,2.1328474324758586,2.9854625304814872,0.0,0.0,9.813952954583208
2.300691486042898,2.192156411182283,0.0,0.0,0.0,1.2076689286457194,0.0,4.204703238699674,9.099503893434791,0.0,8.819493103495262,0.0,6.204402303277112,0.0,0.0,0.0,7.179923978255036,7.553835728721417,4.495948699638807,0.0,0.0,0.0,2.2310656702257514,3.4713779923870534,0.0,5.643425312855328,1.2076689286457194,0.0,0.0,7.254960089608501
3.4848034247625925,2.6393587646514978,0.0,0.0,0.0,3.909270683710659,0.0,4.178306590800524,9.178997033258135,0.0,5.862933007472387,0.0,5.61616963544281,0.0,0.0,0.0,7.110284626799921,9.259710707896934,5.762682578153491,0.0,0.0,0.0,5.406291721120697,5.754110423290343,0.0,3.7593856982547242,0.7676620992959701,0.0,0.0,0.7676620992959701
2.7423253771159772,2.321387814196256,0.0,0.0,0.0,3.106209783336133,0.0,2.8106962710524,4.403367794247532,0.0,4.403367794247532,0.0,3.106209783336133,0.0,0.0,0.0,7.891744686750158,7.871692098817013,6.673385762597741,0.0,0.0,0.0,2.045081082237443,5.307801231198776,0.0,3.1363222418918664,1.7727634771147658,0.0,0.0,8.997342495166986
2.3444318938233555,2.8140135057561455,0.0,0.0,0.0,4.0967638825669574,0.0,4.029049007367403,6.515693571172753,0.0,5.734315770908248,0.0,4.347807831305514,0.0,0.0,0.0,7.3036127744825885,7.903735570873037,5.810346438750903,0.0,0.0,0.0,3.8818671180580924,5.511190506679341,0.0,3.595914096980774,1.694585263537424,0.0,0.0,8.333558699857337
3.862882235885583,2.6985582573621283,0.0,0.0,0.0,2.5307762232044606,0.0,2.846987075983582,8.840595579650385,0.0,6.644896953179599,0.0,4.193982003161932,0.0,0.0,0.0,9.620786493089222,7.206490301206071,4.769410275792349,0.0,0.0,0.0,3.2133789062607447,4.726626740264383,0.0,4.101306199885269,2.008201683297109,0.0,0.0,10.32919321708875
3.3620800607098276,3.4037832092636835,0.0,0.0,0.0,2.9464221910070996,0.0,3.3780551610853253,8.163303143512614,0.0,7.389903303109182,0.0,5.278313795131668,0.0,0.0,0.0,7.666206601813737,9.124678516605192,4.7802191540812045,0.0,0.0,0.0,3.3556793702764085,5.820271304566237,0.0,5.393458585840681,2.4003515504267643,0.0,0.0,10.031069201113636
2.7580540193096668,2.6245115150689893,0.0,0.0,0.0,2.0565566495383996,0.0,2.3329912656065703,4.167972755617654,0.0,7.371800322937171,0.0,4.128997146734288,0.0,0.0,0.0,2.7580540193096668,7.220329493255033,6.150497854425488,0.0,0.0,0.0,4.167972755617654,6.285452235794439,0.0,5.134022339526568,3.3849572080511523,0.0,0.0,9.96478473933703
3.6760468956552694,2.7698906565518326,0.0,0.0,0.0,3.114707212139775,0.0,4.694995383214371,6.526778320096064,0.0,5.366504884373997,0.0,4.958014013267229,0.0,0.0,0.0,7.034715379533949,6.132143279365254,3.782465349060004,0.0,0.0,0.0,3.1179956001251043,5.308414975700108,0.0,1.7691552651250277,0.8186206990095831,0.0,0.0,11.105964137110133
2.6197797149185544,4.7263715722612485,0.0,0.0,0.0,1.5627401757084307,0.0,2.802188761654696,9.196693197072342,0.0,8.73513315022815,0.0,4.43236428803122,0.0,0.0,0.0,7.651930035243764,6.985841098247402,4.672144504930072,0.0,0.0,0.0,2.6117146190899763,2.6117146190899763,0.0,3.728608784282599,2.6945086608213766,0.0,0.0,9.498934674299289
3.2062334341626837,4.602017268185477,0.0,0.0,0.0,2.797148781638572,0.0,3.3817087760601106,9.673662024494465,0.0,1.6425877687520487,0.0,6.068791970794714,0.0,0.0,0.0,8.701446483605569,5.9179417708241,4.9103300258698015,0.0,0.0,0.0,1.183547259538608,4.58063789465046,0.0,3.26103082433822,3.383898737530642,0.0,0.0,10.316555951905297
2.5920513785991397,4.357716239741062,0.0,0.0,0.0,1.617086730067905,0.0,1.573017339996532,8.762387585616164,0.0,6.749427356403178,0.0,4.521196109579896,0.0,0.0,0.0,8.984499900741,7.851344861691032,6.088872776660364,0.0,0.0,0.0,2.0770309333884436,3.0959785082111324,0.0,2.1062379601938295,3.472313827933392,0.0,0.0,10.296162870112534
1.8524899899123395,3.085165549611462,0.0,0.0,0.0,4.89822536619073,0.0,0.33053648586018636,8.367936659082892,0.0,5.691326784029915,0.0,3.619412461708923,0.0,0.0,0.0,7.994359055316965,6.923711198945469,4.6369425391049175,0.0,0.0,0.0,2.753777150853187,4.802364599092489,0.0,1.3733734351179103,0.33053648586018636,0.0,0.0,8.831097975119421
3.6101274214888672,3.4508175679779702,0.0,0.0,0.0,4.246765132940713,0.0,3.526059577066208,7.958911990632659,0.0,5.4326178113144294,0.0,4.77025306364183,0.0,0.0,0.0,9.145267028912349,6.734938739513971,3.620760002737769,0.0,0.0,0.0,3.5196407501181413,4.606610549101456,0.0,3.4715884044867833,1.560682621284357,0.0,0.0,9.19732660689185
4.500531266432408,5.329870496174756,0.0,0.0,0.0,2.4683695536725017,0.0,3.9462766181890414,10.884024102779202,0.0,7.596423786619246,0.0,6.629769398895581,0.0,0.0,0.0,7.247643676875796,9.188072014487537,0.1277158392532043,0.0,0.0,0.0,2.5369562944277964,5.726714456315344,0.0,5.159157731635914,4.616313931213446,0.0,0.0,11.046871432834537
2.1400531876490207,5.95386243724875,0.0,0.0,0.0,2.330853330534863,0.0,4.9852536279828445,8.306455638091098,0.0,9.023008898570916,0.0,5.250244300039211,0.0,0.0,0.0,7.750151176879554,0.5681047658588104,3.498749750919612,0.0,0.0,0.0,2.915193581465432,2.1572021270513253,0.0,2.1572021270513253,1.1013366368023394,0.0,0.0,10.986763175331355
2.1983609489866076,3.66082456261443,0.0,0.0,0.0,3.3970336615414505,0.0,2.700814912020797,7.618210941933117,0.0,5.865492311663046,0.0,4.032183698441298,0.0,0.0,0.0,9.750968457680969,6.192846696359157,3.1436104618456646,0.0,0.0,0.0,2.4320164217467077,4.202630989082314,0.0,4.932225124156182,1.014321908267446,0.0,0.0,8.833073299033895
1.2352241685816465,5.431811165082149,0.0,0.0,0.0,2.1595727097467776,0.0,4.029901069335958,8.682851118426472,0.0,4.926598456775366,0.0,7.249826635539806,0.0,0.0,0.0,1.2352241685816465,8.115887279992982,-0.43648039629442165,0.0,0.0,0.0,2.0193742679921423,5.359157212503668,0.0,3.4530616222521946,3.6866463178869573,0.0,0.0,1.8558328712640149
2.539766616174534,3.0559720004229955,0.0,0.0,0.0,2.4404929853754607,0.0,1.5755515366902575,9.625462395686313,0.0,7.978475527667026,0.0,6.029181950043692,0.0,0.0,0.0,8.76396680948871,9.997774902697698,3.870259168326258,0.0,0.0,0.0,3.0137141280122712,6.28179664191426,0.0,4.044361287283693,3.5028284795584197,0.0,0.0,11.272563593651473
0.98277693194023,3.367805005058792,0.0,0.0,0.0,4.760411977597242,0.0,3.4396364041217424,10.672119068659,0.0,7.536931198484633,0.0,5.397904854363509,0.0,0.0,0.0,8.318466969621303,0.5718526584336963,3.5020819156752823,0.0,0.0,0.0,4.1692496406789825,5.468485523680349,0.0,4.27210523668684,2.1617866970950783,0.0,0.0,10.822863358975301
1.4381406139604442,4.354035908359594,0.0,0.0,0.0,3.6816204864636246,0.0,-0.32507918676977793,0.00010837446865893594,0.0,6.466871531027535,0.0,4.559095358442847,0.0,0.0,0.0,4.079669992721332,1.8794244864390135,4.079669992721332,0.0,0.0,0.0,3.0336219362728363,4.234046042975207,0.0,3.054414763982809,1.6299741207959384,0.0,0.0,8.926658391028502
3.505581140028745,3.677850434673974,0.0,0.0,0.0,3.555504826490508,0.0,5.982443699124644,3.555504826490508,0.0,3.000426444577988,0.0,0.7264250411030019,0.0,0.0,0.0,7.702026462802575,6.9679680452691635,3.000426444577988,0.0,0.0,0.0,3.4023834708935468,7.213793930525589,0.0,4.209485062453364,2.3040909251463804,0.0,0.0,9.647661448591647
1.4992880317598616,3.6889111621837505,0.0,0.0,0.0,3.5827899858047285,0.0,3.667859751940308,7.9056726207361825,0.0,6.566820909715264,0.0,5.580364727300447,0.0,0.0,0.0,-0.9371121485574103,7.461420924848721,5.470859460859659,0.0,0.0,0.0,1.7681418844771586,4.544714699055137,0.0,4.441221683657547,1.8315481743888302,0.0,0.0,10.082385584931984
3.118746810879454,4.426659993580409,0.0,0.0,0.0,1.2317154978947453,0.0,4.110151069337558,8.49333378475408,0.0,7.013532451925888,0.0,5.851253425798418,0.0,0.0,0.0,9.639922606475645,5.425986520535972,3.6109249699783303,0.0,0.0,0.0,5.763772358541241,5.3788619168941265,0.0,4.729171192987671,4.163334751061376,0.0,0.0,8.690380139952032
2.0151733111125485,3.845945175013378,0.0,0.0,0.0,4.132561313298543,0.0,2.126251386396512,9.221077149437493,0.0,7.319651612864868,0.0,6.064024708338612,0.0,0.0,0.0,8.136169342188117,8.133158668806256,1.091574360265835,0.0,0.0,0.0,2.126251386396512,5.840778270246911,0.0,4.171855095116837,0.997279466257066,0.0,0.0,1.8931280767056875
1.517413830458806,4.314680566398144,0.0,0.0,0.0,3.1656303193023065,0.0,2.641939715442139,0.865706635762833,0.0,6.218684352498147,0.0,5.8195680243777606,0.0,0.0,0.0,8.686109356089712,6.676086534769531,6.073728985199643,0.0,0.0,0.0,2.541772272231468,1.517413830458806,0.0,2.776745823000252,2.836524297280126,0.0,0.0,11.960980725381857
3.9096440143058735,3.8252457055461284,0.0,0.0,0.0,4.493402148796709,0.0,2.1456584382778994,9.296509941879977,0.0,6.742947892286052,0.0,6.121769707550414,0.0,0.0,0.0,8.610744519317507,8.308347275293842,4.704571565511473,0.0,0.0,0.0,3.5036675490723956,6.1266699297827385,0.0,3.8387520632719796,0.3637329694874043,0.0,0.0,9.881858902061898
2.3613745490042573,3.3244982199744575,0.0,0.0,0.0,3.378225533939424,0.0,1.6907408092706695,8.913344317531992,0.0,0.6697905123526078,0.0,5.498844761213057,0.0,0.0,0.0,7.6960384085302564,7.801787630740243,5.122469922657496,0.0,0.0,0.0,1.516640071414782,6.43571518600009,0.0,3.7487895851006905,3.1810541719592234,0.0,0.0,12.514003724747663
3.5465854784651327,4.323303789607961,0.0,0.0,0.0,2.037785833421278,0.0,4.530953496818865,7.957517165135792,0.0,7.190675323852322,0.0,5.626932286294564,0.0,0.0,0.0,6.849365212094625,9.509935577927088,3.968465287991024,0.0,0.0,0.0,2.209640277092971,4.785051186726226,0.0,4.5339486887379055,-0.37809574304398996,0.0,0.0,10.108135332636806
1.9092649851445553,2.006626354041922,0.0,0.0,0.0,2.874150510006939,0.0,5.0821215414037395,9.297635563639298,0.0,6.407066160557376,0.0,6.451785150247532,0.0,0.0,0.0,9.400087505775975,8.021580807684796,4.266891968688549,0.0,0.0,0.0,2.930053058164546,5.011518464639134,0.0,4.222280059610148,1.9030946557615267,0.0,0.0,10.438087929987944
3.27010228924709,4.014980323636255,0.0,0.0,0.0,2.9353249210093857,0.0,5.491739691342851,8.765958396601455,0.0,7.441145837553109,0.0,7.098890094705006,0.0,0.0,0.0,8.062171692576545,9.563864640456387,4.826380791985669,0.0,0.0,0.0,2.7412397034590823,4.731190784382052,0.0,4.762090870091184,2.533424175601191,0.0,0.0,10.03430458960758
2.7927701499792645,2.752482992551279,0.0,0.0,0.0,2.813843641482331,0.0,4.341310870075459,8.52948644652792,0.0,6.929553762209215,0.0,6.6610954998973195,0.0,0.0,0.0,8.026751853651799,5.075264170000933,5.983434053842489,0.0,0.0,0.0,3.106108633965853,4.594471812919337,0.0,3.3397300472231666,-0.3976516050740275,0.0,0.0,12.06195186273176
1.2728092246398106,4.091946168619148,0.0,0.0,0.0,4.910806527289526,0.0,3.4272177041493896,9.574353127000538,0.0,1.1717758517746906,0.0,5.678717380741963,0.0,0.0,0.0,8.724180284944776,1.3249627597725484,4.14925737250165,0.0,0.0,0.0,2.3199244821847653,4.8495853904299535,0.0,3.7883456837364893,1.3249627597725484,0.0,0.0,8.89401804906403
1.024000403528946,0.18608684980741014,0.0,0.0,0.0,4.370150661335767,0.0,3.0367493857857,8.49962327687927,0.0,6.494325257127559,0.0,6.106242724089581,0.0,0.0,0.0,8.598131278921956,8.096624302972144,3.879775254679325,0.0,0.0,0.0,3.1774684255520733,4.635575195503119,0.0,3.1891296991742895,1.9237286260714614,0.0,0.0,9.709809270136168
1.4601928592924691,4.795635531874718,0.0,0.0,0.0,1.4601928592924691,0.0,4.127260435338746,9.788215218270484,0.0,5.982808814029426,0.0,5.687535081025706,0.0,0.0,0.0,7.609541510590974,6.395201148150736,4.955762390935667,0.0,0.0,0.0,2.3916951220044913,6.678272073620921,0.0,5.112756511122427,5.3927176110897195,0.0,0.0,11.461124524055569
4.516425999009623,3.972053196200147,0.0,0.0,0.0,4.243713901086606,0.0,2.4553502535724094,4.516425999009623,0.0,7.673819028383116,0.0,6.466886252676966,0.0,0.0,0.0,8.561714596367052,6.264732467751809,4.803059471044259,0.0,0.0,0.0,3.42921793900937,5.085844050041887,0.0,1.8890050773526128,1.9135079042670384,0.0,0.0,11.153804645579537
3.51986901316611,2.444859145754644,0.0,0.0,0.0,4.722142684263702,0.0,3.4560316239277284,3.51986901316611,0.0,8.98390663918679,0.0,4.698804795596669,0.0,0.0,0.0,7.190671448653467,7.55277318579783,4.831506191657374,0.0,0.0,0.0,4.149727581616382,5.656227687807421,0.0,3.443938045126856,3.21197970119891,0.0,0.0,10.240712153232678
2.966609893844383,2.5545192413787903,0.0,0.0,0.0,1.4691335396998986,0.0,3.8709567066250385,2.966609893844383,0.0,7.441635981900826,0.0,5.405894223257962,0.0,0.0,0.0,1.4691335396998986,7.359861602354542,4.587877536207487,0.0,0.0,0.0,2.16304365687976,4.018087157189081,0.0,3.789213886707359,2.590155723405445,0.0,0.0,10.338806264820171
2.5482420205420757,4.74222724864392,0.0,0.0,0.0,0.595331308641508,0.0,2.225905022517444,2.5482420205420757,0.0,7.112470570749188,0.0,6.398945073832246,0.0,0.0,0.0,8.767903452063873,7.626158969516203,4.489541605120107,0.0,0.0,0.0,2.610562894153941,5.9883313296631515,0.0,3.3749429333251793,2.2217739437349793,0.0,0.0,10.167295156265201
1.7114076552454474,0.23482337792428123,0.0,0.0,0.0,3.2034172994554924,0.0,3.243672155163341,1.7114076552454474,0.0,5.627494998417524,0.0,3.398259336771033,0.0,0.0,0.0,6.961032633851197,3.398259336771033,6.079441407676034,0.0,0.0,0.0,0.5399312987366692,5.115457014237136,0.0,5.192909371418622,1.3016319139200645,0.0,0.0,11.832461440745307
0.7143111608514632,4.535591950736116,0.0,0.0,0.0,2.916302368358574,0.0,4.7646466960116785,1.7545189896333098,0.0,6.885927544059856,0.0,5.8235598559258674,0.0,0.0,0.0,8.120125023901593,5.242696546336023,5.667442682379909,0.0,0.0,0.0,0.7143111608514632,6.155889672205111,0.0,2.992401702419172,3.7341718925488676,0.0,0.0,10.571781037295057
1.143419264457819,5.269990885467156,0.0,0.0,0.0,3.238685669996307,0.0,3.5424776679027783,1.143419264457819,0.0,6.78326192987069,0.0,5.5168088800438255,0.0,0.0,0.0,8.896809543179604,6.537084127665777,2.880156659742906,0.0,0.0,0.0,2.66254017356336,4.728597259114502,0.0,3.6463633858257825,1.6552385318894203,0.0,0.0,11.174596805101501
0.596308029004286,3.666432574239635,0.0,0.0,0.0,3.160044436981279,0.0,4.971083682432357,0.596308029004286,0.0,7.54922433998305,0.0,4.194816951231904,0.0,0.0,0.0,1.8451726186963495,7.385917164629696,6.996293935659287,0.0,0.0,0.0,3.40740820852119,5.973757762220671,0.0,5.014420799518099,1.4839630976910578,0.0,0.0,9.594365176772067
2.594360562557335,3.1880729212800087,0.0,0.0,0.0,3.2135887305331368,0.0,3.7762910710683233,1.0075725556406518,0.0,7.322994941564667,0.0,3.879998585983552,0.0,0.0,0.0,6.742430866578211,6.786174842211897,3.4457882614668454,0.0,0.0,0.0,2.4161638477814407,5.815902854109274,0.0,3.458935578254335,2.2296840871462917,0.0,0.0,8.91890321266881
2.2788485602169413,3.8898319675863338,0.0,0.0,0.0,1.7714583329806428,0.0,3.0758329068738854,1.3210763909257555,0.0,7.35291581848399,0.0,7.097112561801692,0.0,0.0,0.0,8.836827506142198,7.883090325936687,4.063165366703953,0.0,0.0,0.0,2.8376812562249945,0.9560529249011808,0.0,4.583858447709437,1.4542560133666054,0.0,0.0,10.477744655804285
1.9926420177445583,5.80788575014688,0.0,0.0,0.0,2.2488862863960577,0.0,3.061668125930876,1.8718489352860008,0.0,2.20015284929031,0.0,5.1207586003113565,0.0,0.0,0.0,8.416792198248787,8.157641321040877,5.32888469242178,0.0,0.0,0.0,0.49912338514526816,4.555696039845403,0.0,3.5022290431366065,1.3854722383073952,0.0,0.0,9.838995578337947
6.090973247660103,3.80158145232812,0.0,0.0,0.0,1.284452526205555,0.0,5.162939130550001,2.657835259356263,0.0,8.411648257587823,0.0,-0.22510230830474076,0.0,0.0,0.0,7.151359405903202,8.072779728933806,3.1460559798843084,0.0,0.0,0.0,3.5141016924646733,4.324993759133925,0.0,1.6073340787800032,3.4434977308341406,0.0,0.0,9.071105142187047
1.4198318722337444,2.1623705017444923,0.0,0.0,0.0,2.774819393097172,0.0,5.2122855985164325,2.2801135324557533,0.0,6.813025261145112,0.0,3.953554135275067,0.0,0.0,0.0,8.863711062886122,6.333612091065013,3.9047864059487196,0.0,0.0,0.0,3.431501804659102,7.684575709588572,0.0,3.1380429262633753,2.1623705017444923,0.0,0.0,-0.011631462250104061
1.855820991159408,1.7067869214158702,0.0,0.0,0.0,1.6851255114569605,0.0,1.6851255114569605,2.175702571050446,0.0,7.331768449926154,0.0,6.622340064130626,0.0,0.0,0.0,8.939088704329148,1.7067869214158702,3.8256902146118787,0.0,0.0,0.0,3.5944699417852926,2.175702571050446,0.0,1.855820991159408,2.0630923785885757,0.0,0.0,8.04239836186665
1.8009394873410633,4.254104244670425,0.0,0.0,0.0,4.588073554344707,0.0,3.1501754798910544,3.457769574186606,0.0,8.021065213406954,0.0,3.985861322945246,0.0,0.0,0.0,7.310017574701642,7.406870291195414,4.594298066850087,0.0,0.0,0.0,3.804051859833973,3.9972368893748933,0.0,1.8009394873410633,3.349316911910095,0.0,0.0,10.784564529530838
2.5086564780886573,4.459656627079255,0.0,0.0,0.0,3.107580284092724,0.0,4.877183002895589,4.00235353025751,0.0,0.06070580151177554,0.0,5.2197067631919705,0.0,0.0,0.0,-0.04084489505497771,8.463515032201814,2.754037762941256,0.0,0.0,0.0,2.8523562512670435,5.388287229835181,0.0,1.0685387936551018,2.6132625728685426,0.0,0.0,0.06070580151177554
2.019816852403475,5.018297664537297,0.0,0.0,0.0,1.311943639664743,0.0,4.427143255222828,4.699389073510721,0.0,6.552544318993514,0.0,4.790276802179977,0.0,0.0,0.0,8.39653427468158,6.104401092828168,4.975311721968094,0.0,0.0,0.0,3.72761231353918,5.366635165486509,0.0,2.019816852403475,1.8502694833682456,0.0,0.0,10.601865723897275
2.21585100172988,1.055743058757717,0.0,0.0,0.0,2.9645899709849255,0.0,3.956452156605422,3.999471166418711,0.0,7.032132421034116,0.0,6.365876156276061,0.0,0.0,0.0,6.292393508757975,7.02959764139553,6.135222470790274,0.0,0.0,0.0,3.693643427412448,5.865269023159731,0.0,1.055743058757717,2.20711020623311,0.0,0.0,11.22115777617733
1.8302458326999582,3.087815421398954,0.0,0.0,0.0,3.8712699332256726,0.0,4.637204856532299,5.3420042417469356,0.0,8.201888616288395,0.0,5.111894540423557,0.0,0.0,0.0,6.74572828788619,6.14171029513919,1.316749319461474,0.0,0.0,0.0,1.4358801552496352,4.217804776664497,0.0,1.4358801552496352,1.316749319461474,0.0,0.0,8.73127086033116
0.7307726030545998,3.1504226726208686,0.0,0.0,0.0,1.5754362626042206,0.0,3.8392555004732163,2.0791081665556033,0.0,6.815705443351596,0.0,5.215231010546718,0.0,0.0,0.0,3.1504226726208686,8.959731200305294,4.42633037031524,0.0,0.0,0.0,2.0791081665556033,4.205185985342633,0.0,0.7307726030545998,1.931616631291081,0.0,0.0,9.465575466672265
