agent_0,agent_1,agent_2,agent_3,agent_4,agent_5,agent_6,agent_7,agent_8,agent_9,agent_10,agent_11,agent_12,agent_13,agent_14,agent_15,agent_16,agent_17,agent_18,agent_19,agent_20,agent_21,agent_22,agent_23,agent_24,agent_25,agent_26,agent_27,agent_28,agent_29
0.9235318671568877,0.9235318671568877,0.9235318671568877,0.9235318671568877,0.9235318671568877,0.9235318671568877,0.9235318671568877,0.9235318671568877,0.9235318671568877,0.9235318671568877,0.9235318671568877,0.9235318671568877,0.9235318671568877,0.9235318671568877,0.9235318671568877,0.9235318671568877,0.9235318671568873,0.9235318671568877,0.9235318671568877,0.9235318671568877,0.9235318671568877,0.9235318671568877,0.9235318671568877,0.9235318671568877,0.9235318671568877,0.9235318671568877,0.9235318671568877,0.9235318671568877,0.9235318671568877,0.9235318671568877
1.0203020771965956,1.0203020771965956,1.0203020771965956,1.0203020771965956,1.0203020771965956,1.0203020771965956,1.0203020771965956,1.0203020771965956,1.0203020771965956,1.0203020771965958,1.0203020771965956,1.0203020771965956,1.0203020771965956,1.0203020771965956,1.0203020771965956,1.0203020771965956,1.0203020771965958,1.0203020771965956,1.0203020771965956,1.0203020771965956,1.0203020771965956,1.0203020771965956,1.0203020771965956,1.0203020771965956,1.0203020771965956,1.0203020771965956,1.0203020771965956,1.0203020771965956,1.0203020771965956,1.0203020771965956
1.2886908247871907,1.2886908247871907,1.2886908247871907,1.2886908247871907,1.2886908247871907,1.2886908247871907,1.2886908247871907,1.2886908247871907,1.2886908247871907,1.2886908247871904,1.2886908247871907,1.2886908247871907,1.2886908247871907,1.2886908247871907,1.2886908247871904,1.2886908247871907,1.2886908247871904,1.2886908247871907,1.2886908247871904,1.2886908247871907,1.2886908247871907,1.2886908247871907,1.2886908247871907,1.2886908247871907,1.2886908247871907,1.2886908247871907,1.2886908247871907,1.2886908247871907,1.2886908247871904,1.2886908247871907
1.2865822106055445,1.2865822106055445,1.2865822106055445,1.2865822106055445,1.2865822106055445,1.2865822106055445,1.2865822106055447,1.2865822106055445,1.2865822106055445,1.2865822106055442,1.2865822106055442,1.2865822106055445,1.2865822106055445,1.2865822106055445,1.2865822106055445,1.2865822106055445,1.2865822106055447,1.2865822106055445,1.2865822106055447,1.2865822106055442,1.2865822106055445,1.2865822106055445,1.2865822106055445,1.2865822106055445,1.2865822106055445,1.2865822106055445,1.2865822106055442,1.2865822106055445,1.2865822106055445,1.2865822106055445
1.2844588204890854,1.2844588204890854,1.2844588204890854,1.2844588204890854,1.2844588204890854,1.2844588204890854,1.2844588204890854,1.2844588204890854,1.2844588204890854,1.2844588204890854,1.2844588204890854,1.2844588204890854,1.2844588204890854,1.2844588204890854,1.2844588204890854,1.2844588204890854,1.2844588204890854,1.2844588204890854,1.2844588204890854,1.2844588204890854,1.2844588204890854,1.2844588204890854,1.2844588204890854,1.2844588204890854,1.2844588204890854,1.2844588204890854,1.2844588204890854,1.2844588204890854,1.2844588204890854,1.2844588204890854
1.5188431383631844,1.5188431383631844,1.5188431383631844,1.5188431383631844,1.5188431383631844,1.5188431383631844,1.5188431383631844,1.5188431383631844,1.5188431383631844,1.5188431383631844,1.5188431383631844,1.5188431383631844,1.5188431383631844,1.5188431383631844,1.5188431383631844,1.5188431383631844,1.5188431383631844,1.5188431383631844,1.5188431383631844,1.5188431383631844,1.5188431383631844,1.5188431383631844,1.5188431383631844,1.5188431383631844,1.5188431383631844,1.5188431383631844,1.5188431383631844,1.5188431383631844,1.5188431383631844,1.5188431383631844
1.1136058808970586,1.1136058808970586,1.1136058808970586,1.1136058808970586,1.1136058808970586,1.1136058808970586,1.1136058808970581,1.1136058808970586,1.1136058808970586,1.1136058808970586,1.1136058808970586,1.1136058808970586,1.1136058808970586,1.1136058808970586,1.1136058808970586,1.1136058808970586,1.1136058808970586,1.1136058808970586,1.1136058808970586,1.1136058808970586,1.1136058808970586,1.1136058808970586,1.1136058808970586,1.1136058808970586,1.1136058808970586,1.1136058808970586,1.1136058808970586,1.1136058808970586,1.1136058808970586,1.1136058808970586
1.3673330436219717,1.3673330436219717,1.3673330436219717,1.3673330436219717,1.3673330436219717,1.3673330436219717,1.3673330436219713,1.3673330436219717,1.3673330436219717,1.3673330436219717,1.3673330436219717,1.3673330436219717,1.3673330436219717,1.3673330436219717,1.3673330436219717,1.3673330436219717,1.3673330436219722,1.3673330436219717,1.3673330436219717,1.3673330436219717,1.3673330436219717,1.3673330436219717,1.3673330436219717,1.3673330436219717,1.3673330436219717,1.3673330436219717,1.3673330436219717,1.3673330436219717,1.3673330436219717,1.3673330436219717
1.1135496698480385,1.1135496698480385,1.1135496698480383,1.1135496698480385,1.1135496698480385,1.1135496698480385,1.1135496698480385,1.1135496698480385,1.1135496698480385,1.1135496698480385,1.1135496698480385,1.1135496698480385,1.1135496698480385,1.1135496698480385,1.1135496698480385,1.1135496698480385,1.1135496698480383,1.1135496698480385,1.1135496698480385,1.1135496698480385,1.1135496698480385,1.1135496698480385,1.1135496698480385,1.1135496698480385,1.1135496698480385,1.1135496698480385,1.1135496698480385,1.1135496698480385,1.1135496698480385,1.1135496698480385
1.2783757462795196,1.2783757462795196,1.2783757462795196,1.2783757462795196,1.2783757462795196,1.2783757462795196,1.2783757462795196,1.2783757462795196,1.2783757462795196,1.2783757462795196,1.2783757462795196,1.2783757462795196,1.2783757462795196,1.2783757462795196,1.2783757462795196,1.2783757462795196,1.2783757462795196,1.2783757462795196,1.2783757462795196,1.2783757462795196,1.2783757462795196,1.2783757462795196,1.2783757462795196,1.2783757462795196,1.2783757462795196,1.2783757462795196,1.2783757462795196,1.2783757462795196,1.2783757462795196,1.2783757462795196
1.146796435025915,1.146796435025915,1.146796435025915,1.146796435025915,1.146796435025915,1.146796435025915,1.146796435025915,1.146796435025915,1.146796435025915,1.146796435025915,1.146796435025915,1.146796435025915,1.146796435025915,1.146796435025915,1.146796435025915,1.146796435025915,1.146796435025915,1.146796435025915,1.146796435025915,1.146796435025915,1.146796435025915,1.146796435025915,1.146796435025915,1.146796435025915,1.146796435025915,1.146796435025915,1.146796435025915,1.146796435025915,1.146796435025915,1.146796435025915
1.022629335270788,1.022629335270788,1.0226293352707883,1.022629335270788,1.022629335270788,1.022629335270788,1.0226293352707883,1.022629335270788,1.022629335270788,1.0226293352707878,1.022629335270788,1.022629335270788,1.0226293352707878,1.022629335270788,1.022629335270788,1.022629335270788,1.0226293352707883,1.022629335270788,1.022629335270788,1.022629335270788,1.022629335270788,1.022629335270788,1.022629335270788,1.022629335270788,1.022629335270788,1.022629335270788,1.022629335270788,1.022629335270788,1.022629335270788,1.022629335270788
1.7414808236617854,1.7414808236617854,1.7414808236617854,1.7414808236617854,1.7414808236617854,1.7414808236617854,1.7414808236617851,1.7414808236617854,1.7414808236617854,1.7414808236617854,1.7414808236617854,1.7414808236617854,1.7414808236617854,1.7414808236617851,1.7414808236617854,1.7414808236617851,1.7414808236617851,1.7414808236617854,1.7414808236617854,1.7414808236617854,1.7414808236617854,1.7414808236617851,1.7414808236617854,1.7414808236617851,1.7414808236617854,1.7414808236617854,1.7414808236617854,1.7414808236617854,1.7414808236617854,1.7414808236617854
1.3920426802483368,1.3920426802483368,1.3920426802483368,1.3920426802483368,1.3920426802483368,1.3920426802483368,1.3920426802483368,1.3920426802483368,1.3920426802483368,1.3920426802483368,1.3920426802483368,1.3920426802483368,1.3920426802483368,1.3920426802483368,1.3920426802483368,1.3920426802483368,1.3920426802483368,1.3920426802483368,1.3920426802483368,1.3920426802483368,1.3920426802483368,1.3920426802483368,1.3920426802483368,1.3920426802483368,1.3920426802483368,1.3920426802483368,1.3920426802483368,1.3920426802483368,1.3920426802483368,1.3920426802483368
1.766221215111968,1.766221215111968,1.766221215111968,1.766221215111968,1.766221215111968,1.766221215111968,1.766221215111968,1.766221215111968,1.766221215111968,1.766221215111968,1.766221215111968,1.766221215111968,1.766221215111968,1.766221215111968,1.766221215111968,1.766221215111968,1.766221215111968,1.766221215111968,1.766221215111968,1.766221215111968,1.766221215111968,1.766221215111968,1.766221215111968,1.766221215111968,1.766221215111968,1.766221215111968,1.766221215111968,1.766221215111968,1.766221215111968,1.766221215111968
1.5195201626468573,1.5195201626468573,1.5195201626468573,1.5195201626468573,1.5195201626468573,1.5195201626468573,1.5195201626468577,1.5195201626468573,1.5195201626468573,1.5195201626468573,1.5195201626468573,1.5195201626468573,1.5195201626468573,1.5195201626468577,1.5195201626468573,1.5195201626468573,1.5195201626468577,1.5195201626468573,1.5195201626468573,1.5195201626468573,1.5195201626468573,1.5195201626468573,1.5195201626468573,1.5195201626468573,1.5195201626468573,1.5195201626468573,1.5195201626468573,1.5195201626468573,1.5195201626468573,1.5195201626468573
1.7765441575102632,1.7765441575102632,1.7765441575102632,1.7765441575102632,1.7765441575102632,1.7765441575102632,1.776544157510263,1.7765441575102632,1.7765441575102632,1.7765441575102632,1.7765441575102632,1.7765441575102632,1.7765441575102632,1.776544157510263,1.7765441575102632,1.776544157510263,1.776544157510263,1.7765441575102632,1.776544157510263,1.7765441575102632,1.7765441575102632,1.776544157510263,1.7765441575102632,1.7765441575102632,1.7765441575102632,1.7765441575102632,1.7765441575102632,1.7765441575102632,1.7765441575102632,1.7765441575102632
1.8755912039796763,1.8755912039796763,1.8755912039796763,1.8755912039796763,1.8755912039796763,1.8755912039796763,1.8755912039796763,1.8755912039796763,1.8755912039796763,1.8755912039796763,1.8755912039796763,1.8755912039796763,1.8755912039796763,1.8755912039796758,1.8755912039796763,1.8755912039796767,1.8755912039796758,1.8755912039796763,1.8755912039796763,1.8755912039796763,1.8755912039796763,1.8755912039796758,1.8755912039796763,1.8755912039796763,1.8755912039796763,1.8755912039796763,1.8755912039796763,1.8755912039796763,1.8755912039796763,1.8755912039796763
1.4346483438146538,1.4346483438146538,1.4346483438146538,1.4346483438146538,1.4346483438146538,1.4346483438146538,1.4346483438146538,1.4346483438146538,1.4346483438146538,1.4346483438146538,1.4346483438146538,1.4346483438146538,1.4346483438146538,1.4346483438146533,1.4346483438146538,1.4346483438146538,1.4346483438146533,1.4346483438146538,1.4346483438146538,1.4346483438146538,1.4346483438146538,1.4346483438146538,1.4346483438146538,1.4346483438146538,1.4346483438146538,1.4346483438146538,1.4346483438146538,1.4346483438146538,1.4346483438146538,1.4346483438146538
1.4203434355566524,1.4203434355566524,1.4203434355566524,1.4203434355566524,1.4203434355566524,1.4203434355566524,1.4203434355566524,1.4203434355566524,1.4203434355566524,1.4203434355566524,1.4203434355566524,1.4203434355566524,1.4203434355566524,1.4203434355566524,1.4203434355566524,1.4203434355566529,1.4203434355566529,1.4203434355566524,1.4203434355566524,1.4203434355566524,1.4203434355566524,1.4203434355566524,1.4203434355566524,1.4203434355566524,1.4203434355566524,1.4203434355566524,1.4203434355566524,1.4203434355566524,1.4203434355566524,1.4203434355566524
1.848115238208703,1.848115238208703,1.848115238208703,1.848115238208703,1.848115238208703,1.848115238208703,1.848115238208703,1.848115238208703,1.848115238208703,1.848115238208703,1.848115238208703,1.848115238208703,1.848115238208703,1.8481152382087025,1.848115238208703,1.8481152382087034,1.8481152382087025,1.848115238208703,1.848115238208703,1.848115238208703,1.848115238208703,1.848115238208703,1.848115238208703,1.848115238208703,1.848115238208703,1.848115238208703,1.848115238208703,1.848115238208703,1.848115238208703,1.848115238208703
1.6882392359766396,1.6882392359766396,1.6882392359766396,1.6882392359766396,1.6882392359766396,1.6882392359766396,1.6882392359766396,1.6882392359766396,1.6882392359766394,1.6882392359766396,1.6882392359766396,1.6882392359766396,1.6882392359766396,1.6882392359766394,1.6882392359766396,1.6882392359766394,1.6882392359766394,1.6882392359766396,1.6882392359766394,1.6882392359766396,1.6882392359766396,1.6882392359766394,1.6882392359766396,1.6882392359766396,1.6882392359766396,1.6882392359766396,1.6882392359766396,1.6882392359766396,1.6882392359766396,1.6882392359766396
1.6885659020754034,1.6885659020754036,1.6885659020754036,1.6885659020754036,1.6885659020754036,1.6885659020754036,1.6885659020754036,1.6885659020754034,1.6885659020754036,1.6885659020754036,1.6885659020754036,1.6885659020754036,1.6885659020754036,1.6885659020754034,1.6885659020754036,1.6885659020754034,1.6885659020754034,1.6885659020754036,1.6885659020754036,1.6885659020754036,1.6885659020754036,1.6885659020754036,1.6885659020754036,1.6885659020754036,1.6885659020754036,1.6885659020754036,1.6885659020754036,1.6885659020754036,1.6885659020754036,1.6885659020754036
1.8358124863858467,1.8358124863858467,1.8358124863858467,1.8358124863858467,1.8358124863858467,1.8358124863858467,1.8358124863858467,1.8358124863858467,1.8358124863858467,1.835812486385847,1.8358124863858467,1.835812486385847,1.8358124863858467,1.835812486385847,1.8358124863858467,1.835812486385847,1.835812486385847,1.8358124863858467,1.835812486385847,1.8358124863858467,1.8358124863858467,1.835812486385847,1.8358124863858467,1.8358124863858467,1.8358124863858467,1.8358124863858467,1.8358124863858467,1.835812486385847,1.8358124863858467,1.8358124863858467
1.087289622715606,1.087289622715606,1.087289622715606,1.087289622715606,1.087289622715606,1.087289622715606,1.087289622715606,1.087289622715606,1.087289622715606,1.087289622715606,1.087289622715606,1.087289622715606,1.087289622715606,1.0872896227156055,1.087289622715606,1.087289622715606,1.087289622715606,1.087289622715606,1.087289622715606,1.087289622715606,1.087289622715606,1.087289622715606,1.087289622715606,1.087289622715606,1.087289622715606,1.087289622715606,1.087289622715606,1.087289622715606,1.087289622715606,1.087289622715606
1.7534937699760427,1.7534937699760427,1.7534937699760427,1.7534937699760427,1.7534937699760427,1.7534937699760427,1.7534937699760427,1.7534937699760427,1.7534937699760427,1.7534937699760427,1.7534937699760427,1.7534937699760427,1.7534937699760427,1.7534937699760427,1.7534937699760427,1.7534937699760427,1.7534937699760427,1.7534937699760427,1.7534937699760427,1.7534937699760427,1.7534937699760427,1.7534937699760427,1.7534937699760427,1.7534937699760427,1.7534937699760427,1.7534937699760427,1.7534937699760427,1.7534937699760427,1.7534937699760427,1.7534937699760427
1.570174687381819,1.570174687381819,1.570174687381819,1.570174687381819,1.570174687381819,1.570174687381819,1.570174687381819,1.5701746873818188,1.5701746873818188,1.570174687381819,1.570174687381819,1.5701746873818188,1.570174687381819,1.5701746873818188,1.570174687381819,1.5701746873818188,1.5701746873818188,1.570174687381819,1.5701746873818188,1.570174687381819,1.5701746873818192,1.5701746873818188,1.570174687381819,1.570174687381819,1.570174687381819,1.570174687381819,1.570174687381819,1.570174687381819,1.570174687381819,1.5701746873818188
1.5468158344452936,1.5468158344452936,1.5468158344452936,1.5468158344452936,1.5468158344452936,1.5468158344452938,1.5468158344452936,1.5468158344452936,1.5468158344452938,1.5468158344452938,1.5468158344452936,1.5468158344452934,1.5468158344452936,1.5468158344452938,1.5468158344452936,1.5468158344452938,1.5468158344452938,1.5468158344452936,1.5468158344452934,1.5468158344452936,1.5468158344452936,1.5468158344452938,1.5468158344452936,1.5468158344452936,1.5468158344452936,1.5468158344452936,1.5468158344452938,1.5468158344452936,1.5468158344452938,1.5468158344452938
1.231978049704983,1.2319780497049828,1.231978049704983,1.2319780497049828,1.2319780497049826,1.231978049704983,1.2319780497049826,1.2319780497049828,1.231978049704983,1.2319780497049828,1.231978049704983,1.2319780497049828,1.2319780497049828,1.231978049704983,1.2319780497049826,1.231978049704983,1.2319780497049828,1.2319780497049828,1.2319780497049828,1.2319780497049826,1.2319780497049828,1.231978049704983,1.2319780497049828,1.231978049704983,1.2319780497049828,1.2319780497049826,1.2319780497049828,1.2319780497049828,1.2319780497049828,1.2319780497049828
1.5809487323302989,1.5809487323302989,1.5809487323302989,1.5809487323302989,1.5809487323302989,1.5809487323302989,1.5809487323302989,1.5809487323302989,1.5809487323302989,1.5809487323302989,1.5809487323302989,1.580948732330299,1.5809487323302989,1.5809487323302989,1.5809487323302989,1.5809487323302989,1.5809487323302989,1.5809487323302989,1.5809487323302989,1.5809487323302989,1.5809487323302989,1.5809487323302989,1.5809487323302989,1.5809487323302989,1.5809487323302989,1.5809487323302989,1.5809487323302989,1.5809487323302989,1.5809487323302989,1.5809487323302989
1.365784473018462,1.365784473018462,1.365784473018462,1.365784473018462,1.365784473018462,1.3657844730184623,1.365784473018462,1.365784473018462,1.365784473018462,1.365784473018462,1.365784473018462,1.3657844730184623,1.365784473018462,1.3657844730184623,1.365784473018462,1.3657844730184623,1.365784473018462,1.365784473018462,1.365784473018462,1.365784473018462,1.365784473018462,1.3657844730184623,1.365784473018462,1.365784473018462,1.365784473018462,1.365784473018462,1.365784473018462,1.365784473018462,1.365784473018462,1.365784473018462
1.5926564582129321,1.5926564582129321,1.5926564582129321,1.5926564582129321,1.5926564582129321,1.5926564582129323,1.5926564582129321,1.5926564582129321,1.5926564582129321,1.5926564582129321,1.5926564582129321,1.5926564582129321,1.5926564582129321,1.5926564582129323,1.5926564582129321,1.5926564582129323,1.5926564582129323,1.5926564582129321,1.5926564582129321,1.5926564582129321,1.592656458212932,1.5926564582129323,1.592656458212932,1.5926564582129321,1.5926564582129321,1.5926564582129321,1.5926564582129321,1.5926564582129321,1.5926564582129321,1.5926564582129321
1.6950781517212015,1.6950781517212015,1.6950781517212015,1.6950781517212015,1.6950781517212015,1.6950781517212015,1.6950781517212015,1.6950781517212015,1.6950781517212015,1.6950781517212015,1.6950781517212015,1.6950781517212015,1.6950781517212015,1.6950781517212015,1.6950781517212015,1.6950781517212015,1.6950781517212015,1.6950781517212015,1.6950781517212015,1.6950781517212015,1.6950781517212015,1.6950781517212015,1.6950781517212015,1.6950781517212015,1.6950781517212015,1.6950781517212015,1.6950781517212015,1.6950781517212015,1.6950781517212015,1.6950781517212015
1.6651903273213995,1.6651903273213993,1.6651903273213995,1.6651903273213995,1.6651903273213995,1.6651903273213993,1.6651903273213995,1.6651903273213995,1.6651903273213995,1.6651903273213995,1.6651903273213995,1.6651903273213995,1.6651903273213995,1.6651903273213993,1.6651903273213995,1.6651903273213993,1.6651903273213993,1.6651903273213993,1.6651903273213995,1.6651903273213995,1.6651903273213995,1.6651903273213993,1.6651903273213995,1.6651903273213995,1.6651903273213995,1.6651903273213995,1.6651903273213993,1.6651903273213995,1.6651903273213995,1.6651903273213995
1.6154568553821742,1.6154568553821742,1.6154568553821742,1.6154568553821742,1.6154568553821742,1.615456855382174,1.6154568553821742,1.6154568553821742,1.615456855382174,1.6154568553821742,1.6154568553821742,1.6154568553821742,1.6154568553821742,1.615456855382174,1.6154568553821742,1.615456855382174,1.6154568553821742,1.6154568553821742,1.6154568553821742,1.6154568553821742,1.6154568553821742,1.615456855382174,1.6154568553821742,1.6154568553821742,1.6154568553821742,1.6154568553821742,1.615456855382174,1.6154568553821742,1.6154568553821742,1.6154568553821742
1.5946319340529036,1.5946319340529036,1.5946319340529036,1.5946319340529036,1.5946319340529036,1.594631934052904,1.5946319340529036,1.5946319340529036,1.5946319340529036,1.5946319340529036,1.5946319340529036,1.5946319340529036,1.5946319340529036,1.594631934052904,1.5946319340529036,1.5946319340529036,1.594631934052904,1.5946319340529036,1.5946319340529036,1.5946319340529036,1.5946319340529036,1.594631934052904,1.5946319340529036,1.5946319340529036,1.5946319340529036,1.5946319340529036,1.5946319340529036,1.5946319340529036,1.5946319340529036,1.5946319340529036
1.8694071835606858,1.8694071835606858,1.8694071835606858,1.8694071835606858,1.8694071835606858,1.8694071835606856,1.8694071835606858,1.8694071835606858,1.8694071835606856,1.8694071835606858,1.8694071835606858,1.8694071835606858,1.8694071835606858,1.8694071835606856,1.8694071835606858,1.8694071835606856,1.8694071835606858,1.8694071835606858,1.8694071835606858,1.8694071835606858,1.8694071835606858,1.8694071835606856,1.8694071835606858,1.8694071835606858,1.8694071835606858,1.8694071835606858,1.8694071835606856,1.8694071835606858,1.8694071835606858,1.8694071835606858
1.3086689051820157,1.3086689051820157,1.3086689051820157,1.3086689051820157,1.3086689051820157,1.3086689051820157,1.3086689051820157,1.3086689051820157,1.3086689051820157,1.3086689051820157,1.3086689051820157,1.3086689051820157,1.3086689051820155,1.3086689051820155,1.3086689051820157,1.3086689051820155,1.3086689051820157,1.3086689051820157,1.3086689051820157,1.3086689051820157,1.3086689051820157,1.3086689051820155,1.3086689051820157,1.3086689051820157,1.3086689051820157,1.3086689051820157,1.3086689051820155,1.3086689051820157,1.3086689051820157,1.3086689051820155
1.61331142474586,1.61331142474586,1.61331142474586,1.61331142474586,1.61331142474586,1.6133114247458593,1.61331142474586,1.61331142474586,1.6133114247458602,1.61331142474586,1.61331142474586,1.61331142474586,1.6133114247458598,1.61331142474586,1.61331142474586,1.6133114247458598,1.6133114247458602,1.61331142474586,1.61331142474586,1.61331142474586,1.61331142474586,1.6133114247458602,1.61331142474586,1.61331142474586,1.61331142474586,1.61331142474586,1.6133114247458602,1.61331142474586,1.6133114247458598,1.6133114247458598
1.5160964855439985,1.5160964855439985,1.5160964855439985,1.5160964855439985,1.5160964855439985,1.516096485543999,1.5160964855439985,1.5160964855439985,1.5160964855439985,1.5160964855439985,1.5160964855439985,1.5160964855439985,1.5160964855439985,1.5160964855439985,1.5160964855439985,1.5160964855439985,1.5160964855439985,1.5160964855439985,1.5160964855439985,1.5160964855439985,1.5160964855439985,1.5160964855439985,1.5160964855439985,1.5160964855439985,1.5160964855439985,1.5160964855439985,1.5160964855439985,1.5160964855439985,1.5160964855439985,1.5160964855439985
1.3917999110803556,1.3917999110803556,1.3917999110803556,1.3917999110803556,1.3917999110803556,1.3917999110803558,1.3917999110803556,1.3917999110803558,1.3917999110803556,1.3917999110803556,1.3917999110803556,1.3917999110803556,1.3917999110803556,1.3917999110803558,1.3917999110803556,1.3917999110803558,1.3917999110803558,1.3917999110803556,1.3917999110803556,1.3917999110803556,1.3917999110803556,1.3917999110803558,1.3917999110803556,1.3917999110803556,1.3917999110803556,1.3917999110803556,1.3917999110803554,1.3917999110803556,1.3917999110803556,1.3917999110803556
1.8027825117448961,1.8027825117448961,1.8027825117448961,1.8027825117448961,1.8027825117448961,1.802782511744896,1.802782511744896,1.8027825117448961,1.8027825117448961,1.8027825117448961,1.8027825117448961,1.8027825117448961,1.8027825117448961,1.802782511744896,1.8027825117448961,1.802782511744896,1.802782511744896,1.8027825117448961,1.8027825117448961,1.8027825117448963,1.802782511744896,1.802782511744896,1.8027825117448961,1.802782511744896,1.8027825117448961,1.8027825117448961,1.8027825117448961,1.8027825117448961,1.8027825117448961,1.8027825117448961
1.6304039111410893,1.6304039111410895,1.6304039111410893,1.6304039111410895,1.6304039111410893,1.630403911141089,1.6304039111410893,1.6304039111410893,1.6304039111410893,1.6304039111410893,1.6304039111410893,1.6304039111410893,1.6304039111410893,1.630403911141089,1.6304039111410893,1.630403911141089,1.6304039111410893,1.6304039111410893,1.6304039111410893,1.6304039111410893,1.6304039111410893,1.630403911141089,1.6304039111410893,1.6304039111410893,1.6304039111410893,1.6304039111410893,1.630403911141089,1.6304039111410893,1.6304039111410893,1.6304039111410893
1.7953084340606016,1.7953084340606018,1.7953084340606018,1.7953084340606018,1.7953084340606018,1.7953084340606011,1.7953084340606018,1.7953084340606018,1.7953084340606018,1.7953084340606018,1.7953084340606018,1.7953084340606018,1.7953084340606018,1.795308434060602,1.7953084340606018,1.795308434060602,1.795308434060602,1.7953084340606018,1.7953084340606018,1.7953084340606018,1.7953084340606018,1.795308434060602,1.7953084340606018,1.7953084340606018,1.7953084340606018,1.7953084340606018,1.795308434060602,1.7953084340606018,1.7953084340606018,1.7953084340606018
1.8575708307531837,1.8575708307531837,1.857570830753184,1.8575708307531837,1.8575708307531837,1.8575708307531844,1.8575708307531837,1.8575708307531837,1.8575708307531835,1.8575708307531837,1.8575708307531835,1.8575708307531837,1.8575708307531835,1.8575708307531835,1.8575708307531837,1.8575708307531835,1.8575708307531835,1.8575708307531837,1.8575708307531837,1.8575708307531837,1.8575708307531837,1.8575708307531835,1.8575708307531837,1.8575708307531835,1.8575708307531835,1.8575708307531837,1.8575708307531835,1.8575708307531835,1.8575708307531837,1.8575708307531835
1.9083964952959311,1.908396495295931,1.908396495295931,1.908396495295931,1.908396495295931,1.9083964952959303,1.908396495295931,1.9083964952959311,1.908396495295931,1.9083964952959311,1.908396495295931,1.908396495295931,1.9083964952959307,1.9083964952959311,1.908396495295931,1.908396495295931,1.9083964952959311,1.908396495295931,1.908396495295931,1.908396495295931,1.9083964952959311,1.9083964952959311,1.908396495295931,1.9083964952959307,1.908396495295931,1.908396495295931,1.9083964952959311,1.908396495295931,1.908396495295931,1.9083964952959307
1.833819134324395,1.833819134324395,1.833819134324395,1.833819134324395,1.833819134324395,1.8338191343243953,1.833819134324395,1.833819134324395,1.8338191343243953,1.833819134324395,1.833819134324395,1.833819134324395,1.833819134324395,1.8338191343243953,1.833819134324395,1.833819134324395,1.8338191343243953,1.8338191343243948,1.833819134324395,1.8338191343243948,1.833819134324395,1.8338191343243953,1.833819134324395,1.833819134324395,1.8338191343243953,1.833819134324395,1.8338191343243953,1.833819134324395,1.833819134324395,1.833819134324395
1.3740736071275443,1.3740736071275443,1.3740736071275443,1.3740736071275443,1.3740736071275443,1.3740736071275443,1.3740736071275443,1.3740736071275443,1.3740736071275443,1.3740736071275443,1.3740736071275443,1.3740736071275443,1.3740736071275443,1.374073607127544,1.3740736071275443,1.3740736071275443,1.3740736071275443,1.3740736071275443,1.3740736071275443,1.3740736071275443,1.3740736071275443,1.374073607127544,1.3740736071275443,1.3740736071275443,1.3740736071275443,1.3740736071275443,1.3740736071275443,1.3740736071275443,1.3740736071275443,1.3740736071275443
2.033092901779443,2.033092901779443,2.033092901779443,2.033092901779443,2.033092901779443,2.033092901779442,2.033092901779443,2.033092901779444,2.033092901779443,2.033092901779443,2.033092901779443,2.033092901779443,2.033092901779443,2.033092901779443,2.033092901779443,2.033092901779443,2.033092901779443,2.033092901779443,2.033092901779443,2.033092901779443,2.033092901779443,2.033092901779443,2.033092901779443,2.033092901779443,2.033092901779443,2.033092901779443,2.033092901779443,2.033092901779443,2.033092901779443,2.033092901779443
1.705420425884553,1.705420425884553,1.705420425884553,1.705420425884553,1.705420425884553,1.7054204258845527,1.705420425884553,1.705420425884553,1.7054204258845531,1.7054204258845527,1.705420425884553,1.705420425884553,1.705420425884553,1.7054204258845527,1.705420425884553,1.705420425884553,1.7054204258845531,1.705420425884553,1.705420425884553,1.7054204258845531,1.7054204258845531,1.7054204258845527,1.705420425884553,1.705420425884553,1.705420425884553,1.705420425884553,1.705420425884553,1.705420425884553,1.705420425884553,1.7054204258845527
1.7581797862297768,1.7581797862297768,1.7581797862297768,1.7581797862297768,1.7581797862297768,1.7581797862297766,1.7581797862297768,1.7581797862297766,1.7581797862297766,1.7581797862297766,1.7581797862297768,1.7581797862297768,1.7581797862297768,1.7581797862297766,1.7581797862297768,1.7581797862297768,1.7581797862297768,1.7581797862297768,1.7581797862297768,1.7581797862297768,1.7581797862297768,1.7581797862297766,1.7581797862297766,1.7581797862297768,1.7581797862297768,1.7581797862297768,1.7581797862297768,1.758179786229777,1.7581797862297768,1.758179786229777
2.203875430449736,2.203875430449736,2.203875430449736,2.203875430449736,2.203875430449736,2.2038754304497363,2.203875430449736,2.203875430449736,2.203875430449736,2.203875430449736,2.203875430449736,2.2038754304497354,2.203875430449736,2.2038754304497363,2.203875430449736,2.203875430449736,2.203875430449736,2.203875430449736,2.203875430449736,2.203875430449736,2.203875430449736,2.2038754304497363,2.203875430449736,2.203875430449736,2.203875430449736,2.203875430449736,2.203875430449736,2.203875430449736,2.203875430449736,2.203875430449736
1.61643212828369,1.61643212828369,1.61643212828369,1.61643212828369,1.61643212828369,1.6164321282836909,1.61643212828369,1.61643212828369,1.61643212828369,1.61643212828369,1.61643212828369,1.61643212828369,1.61643212828369,1.61643212828369,1.61643212828369,1.61643212828369,1.61643212828369,1.61643212828369,1.61643212828369,1.61643212828369,1.61643212828369,1.61643212828369,1.61643212828369,1.61643212828369,1.61643212828369,1.61643212828369,1.61643212828369,1.61643212828369,1.61643212828369,1.61643212828369
1.9362033687988158,1.9362033687988158,1.9362033687988158,1.9362033687988158,1.9362033687988158,1.9362033687988163,1.9362033687988158,1.9362033687988158,1.9362033687988158,1.9362033687988158,1.9362033687988158,1.9362033687988163,1.9362033687988158,1.9362033687988163,1.9362033687988158,1.9362033687988158,1.9362033687988158,1.9362033687988158,1.9362033687988158,1.9362033687988158,1.9362033687988158,1.9362033687988163,1.9362033687988158,1.9362033687988158,1.9362033687988158,1.9362033687988158,1.9362033687988158,1.9362033687988158,1.9362033687988158,1.9362033687988158
1.6634492386544413,1.6634492386544413,1.6634492386544413,1.6634492386544413,1.6634492386544413,1.663449238654442,1.6634492386544413,1.6634492386544413,1.6634492386544413,1.663449238654441,1.663449238654441,1.663449238654441,1.6634492386544413,1.663449238654441,1.6634492386544413,1.6634492386544413,1.6634492386544413,1.6634492386544413,1.6634492386544413,1.6634492386544413,1.6634492386544413,1.6634492386544413,1.6634492386544413,1.6634492386544413,1.6634492386544413,1.6634492386544413,1.6634492386544413,1.6634492386544413,1.6634492386544413,1.6634492386544413
2.143470745301121,2.143470745301121,2.143470745301121,2.143470745301121,2.143470745301121,2.143470745301121,2.143470745301121,2.143470745301121,2.143470745301121,2.143470745301121,2.143470745301121,2.143470745301121,2.143470745301121,2.143470745301121,2.143470745301121,2.143470745301121,2.143470745301121,2.143470745301121,2.143470745301121,2.143470745301121,2.143470745301121,2.143470745301121,2.1434707453011215,2.143470745301121,2.143470745301121,2.143470745301121,2.143470745301121,2.143470745301121,2.143470745301121,2.143470745301121
1.9801091366049774,1.9801091366049777,1.9801091366049774,1.9801091366049774,1.9801091366049774,1.9801091366049777,1.9801091366049774,1.9801091366049774,1.9801091366049774,1.9801091366049777,1.9801091366049777,1.9801091366049777,1.9801091366049774,1.9801091366049777,1.9801091366049774,1.9801091366049774,1.9801091366049774,1.9801091366049774,1.9801091366049774,1.9801091366049774,1.9801091366049772,1.9801091366049777,1.9801091366049774,1.9801091366049774,1.9801091366049774,1.9801091366049774,1.9801091366049774,1.9801091366049774,1.9801091366049774,1.9801091366049774
2.008162413458971,2.008162413458971,2.008162413458971,2.008162413458971,2.008162413458971,2.0081624134589706,2.008162413458971,2.008162413458971,2.008162413458971,2.008162413458971,2.008162413458971,2.0081624134589706,2.008162413458971,2.0081624134589706,2.008162413458971,2.008162413458971,2.008162413458971,2.008162413458971,2.008162413458971,2.008162413458971,2.008162413458971,2.0081624134589706,2.008162413458971,2.008162413458971,2.008162413458971,2.008162413458971,2.008162413458971,2.008162413458971,2.008162413458971,2.008162413458971
1.8868901443574577,1.8868901443574577,1.8868901443574577,1.8868901443574577,1.8868901443574577,1.8868901443574577,1.8868901443574577,1.8868901443574577,1.8868901443574577,1.8868901443574577,1.8868901443574577,1.8868901443574577,1.8868901443574577,1.8868901443574577,1.8868901443574577,1.8868901443574577,1.8868901443574577,1.8868901443574577,1.8868901443574577,1.8868901443574577,1.8868901443574577,1.8868901443574586,1.8868901443574577,1.8868901443574577,1.8868901443574577,1.8868901443574577,1.8868901443574577,1.8868901443574577,1.8868901443574577,1.8868901443574577
1.721652513680633,1.7216525136806329,1.721652513680633,1.721652513680633,1.721652513680633,1.7216525136806329,1.721652513680633,1.721652513680633,1.721652513680633,1.7216525136806329,1.7216525136806329,1.721652513680633,1.721652513680633,1.7216525136806329,1.721652513680633,1.721652513680633,1.721652513680633,1.721652513680633,1.721652513680633,1.721652513680633,1.721652513680633,1.721652513680633,1.721652513680633,1.721652513680633,1.721652513680633,1.721652513680633,1.721652513680633,1.721652513680633,1.721652513680633,1.721652513680633
1.6398716694117401,1.6398716694117401,1.6398716694117401,1.6398716694117401,1.6398716694117401,1.6398716694117397,1.6398716694117401,1.6398716694117401,1.6398716694117401,1.6398716694117397,1.6398716694117401,1.6398716694117406,1.6398716694117401,1.6398716694117401,1.6398716694117401,1.6398716694117401,1.6398716694117401,1.6398716694117401,1.6398716694117401,1.6398716694117401,1.6398716694117401,1.6398716694117401,1.6398716694117401,1.6398716694117401,1.6398716694117401,1.6398716694117401,1.6398716694117401,1.6398716694117401,1.6398716694117401,1.6398716694117401
1.8886440925652113,1.8886440925652113,1.8886440925652113,1.8886440925652113,1.8886440925652113,1.8886440925652117,1.8886440925652113,1.8886440925652113,1.8886440925652113,1.8886440925652117,1.8886440925652113,1.8886440925652108,1.8886440925652113,1.8886440925652117,1.8886440925652113,1.8886440925652113,1.8886440925652113,1.8886440925652113,1.8886440925652113,1.8886440925652113,1.8886440925652113,1.8886440925652117,1.8886440925652113,1.8886440925652113,1.8886440925652113,1.8886440925652113,1.8886440925652113,1.8886440925652113,1.8886440925652113,1.8886440925652113
2.073749797571304,2.073749797571304,2.073749797571304,2.073749797571304,2.073749797571304,2.0737497975713044,2.073749797571304,2.073749797571304,2.073749797571304,2.0737497975713035,2.073749797571304,2.0737497975713035,2.073749797571304,2.0737497975713044,2.073749797571304,2.073749797571304,2.073749797571304,2.073749797571304,2.073749797571304,2.073749797571304,2.073749797571304,2.0737497975713044,2.073749797571304,2.073749797571304,2.073749797571304,2.073749797571304,2.073749797571304,2.073749797571304,2.073749797571304,2.073749797571304
1.9748831130957005,1.9748831130957005,1.9748831130957005,1.9748831130957005,1.9748831130957005,1.9748831130957,1.9748831130957005,1.9748831130957005,1.9748831130957005,1.9748831130957,1.9748831130957005,1.9748831130957005,1.9748831130957,1.9748831130957,1.9748831130957005,1.9748831130957005,1.9748831130957005,1.9748831130957005,1.9748831130957005,1.9748831130957005,1.9748831130957005,1.9748831130957,1.9748831130957007,1.9748831130957005,1.9748831130957005,1.9748831130957005,1.9748831130957005,1.9748831130957005,1.9748831130957005,1.9748831130957005
1.9479857597058974,1.9479857597058974,1.9479857597058974,1.9479857597058974,1.9479857597058974,1.9479857597058974,1.9479857597058974,1.9479857597058974,1.9479857597058974,1.9479857597058974,1.9479857597058974,1.9479857597058974,1.9479857597058974,1.9479857597058974,1.9479857597058974,1.9479857597058974,1.9479857597058974,1.9479857597058974,1.9479857597058974,1.9479857597058974,1.9479857597058974,1.9479857597058974,1.9479857597058974,1.9479857597058974,1.9479857597058974,1.9479857597058974,1.9479857597058974,1.9479857597058974,1.9479857597058974,1.9479857597058974
1.8970086308045244,1.8970086308045244,1.8970086308045244,1.8970086308045244,1.8970086308045244,1.8970086308045246,1.8970086308045244,1.8970086308045246,1.8970086308045244,1.8970086308045246,1.8970086308045244,1.8970086308045244,1.8970086308045244,1.8970086308045246,1.8970086308045244,1.8970086308045244,1.8970086308045244,1.8970086308045244,1.8970086308045244,1.8970086308045244,1.8970086308045244,1.8970086308045246,1.8970086308045244,1.8970086308045244,1.8970086308045244,1.8970086308045244,1.8970086308045244,1.8970086308045242,1.8970086308045244,1.8970086308045244
1.8130407206370664,1.8130407206370664,1.8130407206370664,1.8130407206370664,1.8130407206370664,1.8130407206370664,1.8130407206370664,1.8130407206370664,1.8130407206370664,1.8130407206370664,1.8130407206370664,1.8130407206370664,1.8130407206370664,1.8130407206370664,1.8130407206370664,1.8130407206370664,1.8130407206370664,1.8130407206370664,1.8130407206370664,1.8130407206370664,1.8130407206370664,1.8130407206370664,1.8130407206370664,1.8130407206370664,1.8130407206370664,1.8130407206370664,1.8130407206370664,1.8130407206370664,1.8130407206370664,1.8130407206370664
2.08544571248765,2.08544571248765,2.08544571248765,2.08544571248765,2.08544571248765,2.08544571248765,2.08544571248765,2.08544571248765,2.08544571248765,2.08544571248765,2.08544571248765,2.08544571248765,2.08544571248765,2.08544571248765,2.08544571248765,2.08544571248765,2.08544571248765,2.08544571248765,2.08544571248765,2.08544571248765,2.08544571248765,2.08544571248765,2.08544571248765,2.08544571248765,2.08544571248765,2.08544571248765,2.08544571248765,2.08544571248765,2.08544571248765,2.08544571248765
2.2677668579037995,2.2677668579037995,2.2677668579037995,2.2677668579037995,2.2677668579037995,2.2677668579037995,2.2677668579037995,2.2677668579037995,2.2677668579037995,2.2677668579037995,2.2677668579037995,2.2677668579037995,2.2677668579037995,2.2677668579037995,2.2677668579037995,2.2677668579037995,2.2677668579037995,2.2677668579037995,2.2677668579037995,2.2677668579037995,2.2677668579037995,2.2677668579037995,2.2677668579037995,2.2677668579037995,2.2677668579037995,2.2677668579037995,2.2677668579037995,2.2677668579037995,2.2677668579037995,2.2677668579037995
2.041254778033866,2.041254778033866,2.041254778033866,2.041254778033866,2.041254778033866,2.041254778033866,2.041254778033866,2.041254778033866,2.041254778033866,2.041254778033866,2.041254778033866,2.041254778033866,2.041254778033866,2.041254778033866,2.041254778033866,2.041254778033866,2.041254778033866,2.041254778033866,2.041254778033866,2.041254778033866,2.041254778033866,2.041254778033866,2.041254778033866,2.041254778033866,2.041254778033866,2.041254778033866,2.041254778033866,2.041254778033866,2.041254778033866,2.041254778033866
1.6554788276866728,1.6554788276866725,1.6554788276866728,1.6554788276866728,1.6554788276866728,1.6554788276866725,1.6554788276866728,1.6554788276866725,1.6554788276866728,1.6554788276866728,1.6554788276866728,1.6554788276866728,1.6554788276866728,1.6554788276866725,1.6554788276866728,1.6554788276866728,1.6554788276866728,1.6554788276866728,1.6554788276866728,1.6554788276866728,1.6554788276866728,1.6554788276866728,1.6554788276866728,1.6554788276866728,1.6554788276866728,1.6554788276866728,1.6554788276866728,1.6554788276866728,1.6554788276866728,1.6554788276866728
1.5122825773977924,1.5122825773977921,1.5122825773977924,1.5122825773977924,1.5122825773977924,1.5122825773977926,1.5122825773977924,1.5122825773977924,1.5122825773977924,1.5122825773977924,1.5122825773977924,1.5122825773977926,1.5122825773977921,1.5122825773977926,1.5122825773977921,1.5122825773977924,1.5122825773977924,1.5122825773977924,1.5122825773977924,1.5122825773977924,1.5122825773977924,1.5122825773977924,1.5122825773977924,1.5122825773977924,1.5122825773977921,1.5122825773977926,1.5122825773977924,1.5122825773977924,1.5122825773977924,1.5122825773977924
1.5804771182785893,1.5804771182785893,1.5804771182785893,1.5804771182785893,1.5804771182785893,1.5804771182785893,1.5804771182785893,1.5804771182785897,1.5804771182785893,1.5804771182785897,1.5804771182785893,1.5804771182785888,1.5804771182785893,1.5804771182785893,1.5804771182785893,1.5804771182785893,1.5804771182785893,1.5804771182785893,1.5804771182785893,1.5804771182785893,1.5804771182785893,1.5804771182785893,1.5804771182785893,1.5804771182785893,1.5804771182785893,1.5804771182785893,1.5804771182785893,1.5804771182785893,1.5804771182785893,1.5804771182785893
1.6666118410263928,1.6666118410263928,1.6666118410263928,1.6666118410263928,1.666611841026393,1.666611841026393,1.6666118410263928,1.666611841026393,1.6666118410263928,1.666611841026393,1.6666118410263928,1.666611841026393,1.666611841026393,1.666611841026393,1.6666118410263928,1.6666118410263928,1.6666118410263928,1.6666118410263928,1.6666118410263928,1.6666118410263928,1.6666118410263928,1.6666118410263928,1.6666118410263928,1.6666118410263928,1.6666118410263928,1.6666118410263928,1.6666118410263928,1.6666118410263928,1.6666118410263928,1.666611841026393
1.5833489280032376,1.5833489280032376,1.5833489280032376,1.5833489280032376,1.5833489280032376,1.5833489280032378,1.5833489280032373,1.5833489280032376,1.5833489280032376,1.5833489280032378,1.5833489280032378,1.5833489280032378,1.5833489280032378,1.5833489280032376,1.5833489280032376,1.5833489280032376,1.5833489280032376,1.5833489280032376,1.5833489280032376,1.5833489280032376,1.5833489280032376,1.5833489280032376,1.5833489280032376,1.5833489280032376,1.5833489280032376,1.5833489280032376,1.5833489280032376,1.5833489280032376,1.5833489280032376,1.5833489280032376
0.9547917037728968,0.9547917037728968,0.9547917037728968,0.9547917037728968,0.9547917037728968,0.9547917037728968,0.9547917037728968,0.9547917037728968,0.9547917037728968,0.954791703772897,0.9547917037728966,0.9547917037728968,0.954791703772897,0.9547917037728968,0.9547917037728968,0.9547917037728968,0.9547917037728968,0.9547917037728968,0.9547917037728968,0.9547917037728968,0.9547917037728968,0.9547917037728968,0.9547917037728968,0.9547917037728968,0.9547917037728968,0.9547917037728968,0.9547917037728968,0.954791703772897,0.9547917037728968,0.9547917037728968
1.8509092380649375,1.8509092380649375,1.8509092380649375,1.8509092380649375,1.8509092380649375,1.8509092380649372,1.8509092380649375,1.8509092380649372,1.8509092380649375,1.8509092380649372,1.8509092380649372,1.8509092380649372,1.8509092380649375,1.8509092380649372,1.8509092380649375,1.8509092380649375,1.8509092380649375,1.8509092380649372,1.8509092380649375,1.8509092380649372,1.8509092380649375,1.8509092380649375,1.8509092380649375,1.8509092380649375,1.8509092380649375,1.8509092380649375,1.8509092380649375,1.8509092380649375,1.8509092380649375,1.8509092380649375
1.4798855596985496,1.4798855596985496,1.4798855596985496,1.4798855596985496,1.4798855596985496,1.4798855596985496,1.4798855596985496,1.47988555969855,1.4798855596985496,1.4798855596985496,1.4798855596985496,1.4798855596985492,1.4798855596985496,1.4798855596985496,1.4798855596985496,1.4798855596985496,1.4798855596985496,1.4798855596985496,1.4798855596985496,1.4798855596985496,1.4798855596985496,1.4798855596985496,1.4798855596985496,1.4798855596985496,1.4798855596985496,1.4798855596985496,1.4798855596985496,1.4798855596985496,1.4798855596985496,1.4798855596985496
1.3183694535174015,1.3183694535174015,1.3183694535174015,1.3183694535174015,1.3183694535174015,1.318369453517402,1.3183694535174015,1.3183694535174015,1.3183694535174015,1.3183694535174015,1.3183694535174015,1.3183694535174015,1.3183694535174015,1.3183694535174015,1.3183694535174015,1.3183694535174015,1.3183694535174015,1.3183694535174015,1.3183694535174015,1.3183694535174015,1.3183694535174015,1.3183694535174015,1.3183694535174015,1.3183694535174015,1.3183694535174015,1.3183694535174015,1.3183694535174015,1.3183694535174015,1.3183694535174015,1.3183694535174015
1.57244765391454,1.57244765391454,1.57244765391454,1.57244765391454,1.57244765391454,1.57244765391454,1.57244765391454,1.5724476539145398,1.57244765391454,1.5724476539145402,1.5724476539145398,1.5724476539145398,1.5724476539145402,1.5724476539145398,1.57244765391454,1.57244765391454,1.57244765391454,1.57244765391454,1.57244765391454,1.57244765391454,1.57244765391454,1.57244765391454,1.5724476539145398,1.57244765391454,1.57244765391454,1.57244765391454,1.57244765391454,1.5724476539145398,1.57244765391454,1.57244765391454
2.1063803873663787,2.1063803873663787,2.1063803873663787,2.1063803873663787,2.1063803873663787,2.1063803873663787,2.1063803873663787,2.1063803873663787,2.1063803873663787,2.1063803873663787,2.1063803873663787,2.1063803873663787,2.1063803873663787,2.1063803873663787,2.1063803873663787,2.1063803873663787,2.1063803873663787,2.1063803873663787,2.1063803873663787,2.1063803873663787,2.1063803873663787,2.1063803873663787,2.1063803873663787,2.1063803873663787,2.1063803873663787,2.1063803873663787,2.1063803873663787,2.1063803873663787,2.1063803873663787,2.1063803873663787
1.968336584583515,1.968336584583515,1.968336584583515,1.968336584583515,1.968336584583515,1.9683365845835148,1.9683365845835148,1.968336584583515,1.968336584583515,1.9683365845835148,1.9683365845835148,1.9683365845835148,1.968336584583515,1.9683365845835148,1.968336584583515,1.968336584583515,1.968336584583515,1.968336584583515,1.968336584583515,1.968336584583515,1.968336584583515,1.968336584583515,1.968336584583515,1.968336584583515,1.968336584583515,1.968336584583515,1.968336584583515,1.968336584583515,1.968336584583515,1.968336584583515
1.8179217420139682,1.8179217420139682,1.8179217420139682,1.8179217420139682,1.8179217420139682,1.8179217420139686,1.8179217420139682,1.8179217420139682,1.8179217420139682,1.8179217420139682,1.8179217420139686,1.8179217420139686,1.8179217420139682,1.8179217420139686,1.8179217420139682,1.8179217420139682,1.8179217420139682,1.8179217420139682,1.8179217420139682,1.8179217420139682,1.8179217420139682,1.8179217420139682,1.8179217420139682,1.8179217420139682,1.8179217420139682,1.8179217420139682,1.8179217420139682,1.8179217420139682,1.8179217420139682,1.8179217420139682
1.8132363469639463,1.8132363469639463,1.8132363469639463,1.8132363469639463,1.8132363469639463,1.8132363469639472,1.8132363469639463,1.8132363469639463,1.8132363469639463,1.8132363469639463,1.8132363469639463,1.8132363469639463,1.8132363469639463,1.8132363469639463,1.8132363469639463,1.8132363469639463,1.8132363469639463,1.8132363469639463,1.8132363469639463,1.8132363469639463,1.8132363469639463,1.8132363469639463,1.8132363469639463,1.8132363469639463,1.8132363469639463,1.8132363469639463,1.8132363469639463,1.8132363469639463,1.8132363469639463,1.8132363469639463
2.0633008141577243,2.0633008141577243,2.0633008141577243,2.0633008141577243,2.0633008141577243,2.0633008141577243,2.0633008141577243,2.0633008141577243,2.0633008141577243,2.0633008141577243,2.0633008141577243,2.0633008141577243,2.0633008141577243,2.0633008141577243,2.0633008141577243,2.0633008141577243,2.0633008141577243,2.0633008141577243,2.0633008141577243,2.0633008141577243,2.0633008141577243,2.0633008141577243,2.0633008141577243,2.0633008141577243,2.0633008141577243,2.0633008141577243,2.0633008141577243,2.0633008141577243,2.0633008141577243,2.0633008141577243
1.7296820823708947,1.7296820823708947,1.7296820823708947,1.7296820823708947,1.7296820823708947,1.7296820823708945,1.729682082370895,1.7296820823708947,1.7296820823708947,1.7296820823708945,1.7296820823708945,1.7296820823708947,1.7296820823708947,1.7296820823708945,1.7296820823708947,1.7296820823708947,1.7296820823708947,1.7296820823708947,1.7296820823708947,1.7296820823708947,1.7296820823708947,1.7296820823708947,1.7296820823708945,1.7296820823708947,1.7296820823708947,1.7296820823708947,1.7296820823708947,1.7296820823708947,1.7296820823708947,1.729682082370895
1.7464967560020457,1.7464967560020457,1.7464967560020457,1.7464967560020455,1.7464967560020457,1.7464967560020455,1.7464967560020457,1.7464967560020457,1.7464967560020457,1.7464967560020455,1.7464967560020457,1.7464967560020457,1.7464967560020457,1.7464967560020455,1.7464967560020457,1.7464967560020455,1.7464967560020457,1.7464967560020457,1.7464967560020457,1.7464967560020457,1.7464967560020457,1.7464967560020457,1.7464967560020457,1.7464967560020457,1.7464967560020457,1.7464967560020457,1.7464967560020457,1.7464967560020457,1.7464967560020457,1.7464967560020457
1.8288777408888788,1.8288777408888786,1.8288777408888786,1.8288777408888786,1.8288777408888786,1.8288777408888794,1.8288777408888786,1.8288777408888786,1.8288777408888786,1.8288777408888786,1.8288777408888786,1.8288777408888786,1.8288777408888786,1.8288777408888786,1.8288777408888786,1.8288777408888786,1.8288777408888786,1.8288777408888786,1.8288777408888786,1.8288777408888786,1.8288777408888786,1.8288777408888786,1.8288777408888786,1.8288777408888786,1.8288777408888786,1.8288777408888786,1.8288777408888786,1.8288777408888786,1.8288777408888786,1.8288777408888786
1.4697238932784356,1.4697238932784356,1.4697238932784356,1.4697238932784356,1.4697238932784356,1.4697238932784353,1.4697238932784356,1.4697238932784356,1.4697238932784356,1.4697238932784353,1.4697238932784353,1.4697238932784356,1.4697238932784356,1.4697238932784353,1.4697238932784353,1.4697238932784353,1.4697238932784356,1.4697238932784356,1.4697238932784356,1.4697238932784356,1.4697238932784356,1.4697238932784356,1.4697238932784356,1.4697238932784356,1.4697238932784356,1.4697238932784356,1.4697238932784356,1.4697238932784356,1.4697238932784356,1.4697238932784356
1.730000084288277,1.730000084288277,1.730000084288277,1.730000084288277,1.730000084288277,1.7300000842882763,1.7300000842882772,1.730000084288277,1.730000084288277,1.7300000842882772,1.730000084288277,1.730000084288277,1.730000084288277,1.7300000842882772,1.730000084288277,1.730000084288277,1.730000084288277,1.730000084288277,1.730000084288277,1.730000084288277,1.730000084288277,1.730000084288277,1.7300000842882772,1.730000084288277,1.730000084288277,1.730000084288277,1.730000084288277,1.730000084288277,1.730000084288277,1.730000084288277
1.7556190651954307,1.7556190651954304,1.7556190651954307,1.7556190651954304,1.7556190651954304,1.7556190651954307,1.7556190651954304,1.7556190651954304,1.7556190651954307,1.7556190651954307,1.7556190651954307,1.7556190651954302,1.7556190651954304,1.7556190651954307,1.7556190651954307,1.7556190651954307,1.7556190651954304,1.7556190651954304,1.7556190651954307,1.7556190651954304,1.7556190651954304,1.7556190651954307,1.7556190651954304,1.7556190651954304,1.7556190651954304,1.7556190651954307,1.7556190651954307,1.7556190651954304,1.7556190651954304,1.7556190651954304
1.8272854970220271,1.8272854970220271,1.8272854970220271,1.8272854970220271,1.8272854970220271,1.827285497022027,1.8272854970220271,1.8272854970220271,1.8272854970220271,1.827285497022027,1.827285497022027,1.8272854970220271,1.8272854970220271,1.827285497022027,1.8272854970220271,1.827285497022027,1.8272854970220271,1.8272854970220271,1.8272854970220271,1.8272854970220271,1.8272854970220271,1.8272854970220271,1.827285497022027,1.8272854970220271,1.8272854970220271,1.8272854970220271,1.8272854970220271,1.8272854970220271,1.8272854970220271,1.8272854970220271
1.8080353879370061,1.8080353879370061,1.8080353879370061,1.8080353879370061,1.8080353879370064,1.8080353879370064,1.8080353879370061,1.808035387937006,1.8080353879370061,1.8080353879370064,1.808035387937006,1.8080353879370061,1.8080353879370061,1.8080353879370064,1.8080353879370061,1.8080353879370064,1.8080353879370061,1.8080353879370061,1.8080353879370061,1.8080353879370061,1.8080353879370061,1.8080353879370061,1.8080353879370061,1.8080353879370061,1.8080353879370061,1.8080353879370061,1.8080353879370061,1.8080353879370061,1.8080353879370061,1.8080353879370061
1.8760326360409563,1.8760326360409563,1.8760326360409563,1.8760326360409563,1.8760326360409563,1.8760326360409563,1.8760326360409563,1.8760326360409563,1.8760326360409563,1.8760326360409563,1.8760326360409563,1.8760326360409563,1.8760326360409563,1.8760326360409563,1.8760326360409563,1.8760326360409563,1.8760326360409563,1.8760326360409563,1.8760326360409563,1.8760326360409563,1.8760326360409563,1.8760326360409563,1.8760326360409563,1.8760326360409563,1.8760326360409563,1.8760326360409563,1.8760326360409563,1.8760326360409563,1.8760326360409563,1.8760326360409563
1.4811533617034442,1.4811533617034442,1.4811533617034442,1.4811533617034442,1.4811533617034445,1.481153361703444,1.4811533617034442,1.4811533617034442,1.4811533617034442,1.4811533617034442,1.481153361703444,1.481153361703444,1.481153361703444,1.4811533617034442,1.4811533617034442,1.481153361703444,1.4811533617034442,1.4811533617034442,1.4811533617034442,1.4811533617034442,1.4811533617034442,1.4811533617034442,1.4811533617034442,1.481153361703444,1.4811533617034442,1.4811533617034442,1.481153361703444,1.4811533617034442,1.4811533617034442,1.4811533617034442
1.5396874739800206,1.5396874739800208,1.5396874739800206,1.5396874739800208,1.5396874739800206,1.5396874739800204,1.5396874739800206,1.5396874739800206,1.5396874739800206,1.5396874739800204,1.5396874739800204,1.5396874739800204,1.5396874739800206,1.5396874739800204,1.5396874739800206,1.5396874739800206,1.5396874739800206,1.5396874739800206,1.5396874739800206,1.5396874739800206,1.5396874739800204,1.5396874739800206,1.5396874739800208,1.5396874739800206,1.5396874739800208,1.5396874739800206,1.5396874739800208,1.5396874739800206,1.5396874739800206,1.5396874739800206
1.4064544445485376,1.4064544445485376,1.4064544445485376,1.4064544445485376,1.4064544445485376,1.4064544445485376,1.4064544445485376,1.4064544445485376,1.4064544445485376,1.4064544445485376,1.4064544445485376,1.4064544445485376,1.4064544445485376,1.4064544445485376,1.4064544445485376,1.4064544445485376,1.4064544445485376,1.4064544445485376,1.4064544445485376,1.4064544445485376,1.4064544445485376,1.4064544445485376,1.4064544445485376,1.4064544445485376,1.4064544445485376,1.4064544445485376,1.4064544445485376,1.4064544445485376,1.4064544445485376,1.4064544445485376
1.7284893200554863,1.7284893200554863,1.7284893200554863,1.7284893200554863,1.7284893200554863,1.7284893200554858,1.7284893200554863,1.7284893200554863,1.7284893200554863,1.7284893200554863,1.7284893200554863,1.7284893200554867,1.7284893200554863,1.7284893200554863,1.7284893200554863,1.7284893200554863,1.7284893200554863,1.7284893200554863,1.7284893200554863,1.7284893200554863,1.7284893200554863,1.7284893200554863,1.7284893200554863,1.7284893200554863,1.7284893200554863,1.7284893200554863,1.7284893200554863,1.7284893200554863,1.7284893200554863,1.7284893200554863
1.4641924572301623,1.4641924572301623,1.4641924572301623,1.4641924572301623,1.4641924572301623,1.464192457230162,1.4641924572301623,1.4641924572301623,1.4641924572301623,1.4641924572301623,1.4641924572301623,1.4641924572301628,1.4641924572301623,1.4641924572301628,1.4641924572301623,1.4641924572301623,1.4641924572301623,1.4641924572301623,1.4641924572301623,1.4641924572301623,1.4641924572301623,1.4641924572301623,1.4641924572301623,1.4641924572301623,1.4641924572301623,1.4641924572301623,1.4641924572301623,1.4641924572301623,1.4641924572301623,1.4641924572301623
1.3616214441202614,1.3616214441202614,1.3616214441202614,1.3616214441202614,1.3616214441202614,1.3616214441202614,1.3616214441202614,1.3616214441202614,1.3616214441202614,1.3616214441202614,1.3616214441202614,1.361621444120261,1.3616214441202614,1.3616214441202614,1.3616214441202614,1.3616214441202614,1.3616214441202614,1.3616214441202614,1.3616214441202614,1.3616214441202614,1.3616214441202614,1.3616214441202614,1.3616214441202614,1.3616214441202614,1.3616214441202614,1.3616214441202614,1.3616214441202614,1.3616214441202614,1.3616214441202614,1.3616214441202614
1.6189721492058669,1.6189721492058669,1.6189721492058669,1.6189721492058669,1.6189721492058669,1.6189721492058666,1.6189721492058669,1.6189721492058669,1.6189721492058669,1.6189721492058669,1.6189721492058669,1.6189721492058669,1.6189721492058669,1.6189721492058666,1.6189721492058669,1.6189721492058669,1.6189721492058669,1.6189721492058669,1.6189721492058669,1.6189721492058666,1.6189721492058669,1.6189721492058669,1.6189721492058669,1.6189721492058669,1.6189721492058666,1.6189721492058669,1.6189721492058669,1.6189721492058669,1.6189721492058669,1.6189721492058669
1.5006959793716668,1.5006959793716668,1.5006959793716668,1.5006959793716668,1.5006959793716668,1.5006959793716668,1.5006959793716668,1.5006959793716668,1.5006959793716668,1.5006959793716668,1.5006959793716668,1.5006959793716668,1.5006959793716668,1.5006959793716668,1.5006959793716668,1.5006959793716668,1.5006959793716668,1.5006959793716668,1.5006959793716668,1.5006959793716668,1.5006959793716668,1.5006959793716668,1.5006959793716668,1.5006959793716668,1.5006959793716668,1.5006959793716668,1.5006959793716668,1.5006959793716668,1.5006959793716668,1.5006959793716668
1.2454652566927704,1.2454652566927704,1.2454652566927704,1.2454652566927704,1.2454652566927704,1.2454652566927713,1.2454652566927704,1.2454652566927704,1.2454652566927704,1.2454652566927704,1.2454652566927704,1.2454652566927704,1.2454652566927704,1.2454652566927704,1.2454652566927704,1.2454652566927704,1.2454652566927704,1.2454652566927704,1.2454652566927704,1.2454652566927704,1.2454652566927704,1.2454652566927704,1.2454652566927704,1.2454652566927704,1.2454652566927704,1.2454652566927704,1.2454652566927704,1.2454652566927704,1.2454652566927704,1.2454652566927704
1.8978502622379618,1.8978502622379618,1.8978502622379618,1.8978502622379618,1.8978502622379618,1.897850262237962,1.8978502622379616,1.8978502622379618,1.8978502622379618,1.897850262237962,1.8978502622379618,1.897850262237962,1.8978502622379618,1.897850262237962,1.8978502622379618,1.8978502622379618,1.8978502622379618,1.8978502622379618,1.8978502622379618,1.8978502622379618,1.8978502622379618,1.8978502622379618,1.8978502622379618,1.8978502622379618,1.8978502622379618,1.8978502622379618,1.8978502622379618,1.8978502622379618,1.8978502622379616,1.8978502622379618
1.4487044828930344,1.4487044828930344,1.4487044828930344,1.4487044828930344,1.4487044828930344,1.4487044828930342,1.4487044828930342,1.4487044828930342,1.4487044828930344,1.4487044828930344,1.4487044828930342,1.4487044828930342,1.4487044828930342,1.4487044828930342,1.4487044828930344,1.4487044828930344,1.4487044828930344,1.4487044828930344,1.4487044828930344,1.4487044828930344,1.4487044828930344,1.4487044828930344,1.4487044828930347,1.4487044828930344,1.4487044828930344,1.4487044828930344,1.4487044828930344,1.4487044828930344,1.4487044828930344,1.4487044828930344
1.8689764255354402,1.8689764255354402,1.8689764255354402,1.8689764255354402,1.8689764255354402,1.8689764255354397,1.8689764255354402,1.8689764255354402,1.8689764255354402,1.8689764255354402,1.8689764255354402,1.8689764255354402,1.8689764255354402,1.8689764255354397,1.8689764255354402,1.8689764255354402,1.8689764255354402,1.8689764255354402,1.8689764255354402,1.8689764255354402,1.8689764255354402,1.8689764255354402,1.8689764255354402,1.8689764255354402,1.8689764255354402,1.8689764255354402,1.8689764255354402,1.8689764255354402,1.8689764255354402,1.8689764255354402
1.5447640068917006,1.5447640068917006,1.5447640068917006,1.5447640068917006,1.5447640068917006,1.5447640068917003,1.5447640068917003,1.5447640068917006,1.5447640068917006,1.5447640068917003,1.5447640068917008,1.5447640068917006,1.5447640068917003,1.5447640068917003,1.5447640068917006,1.5447640068917006,1.5447640068917006,1.5447640068917006,1.5447640068917006,1.5447640068917006,1.5447640068917006,1.5447640068917006,1.5447640068917006,1.5447640068917006,1.5447640068917006,1.5447640068917006,1.5447640068917006,1.5447640068917006,1.5447640068917006,1.5447640068917006
1.8438830999056481,1.843883099905648,1.8438830999056481,1.843883099905648,1.843883099905648,1.8438830999056481,1.8438830999056481,1.843883099905648,1.8438830999056481,1.8438830999056481,1.8438830999056481,1.8438830999056481,1.843883099905648,1.8438830999056481,1.843883099905648,1.8438830999056481,1.843883099905648,1.843883099905648,1.8438830999056477,1.843883099905648,1.843883099905648,1.843883099905648,1.843883099905648,1.843883099905648,1.843883099905648,1.843883099905648,1.843883099905648,1.843883099905648,1.843883099905648,1.843883099905648
1.8201710173764558,1.8201710173764558,1.8201710173764558,1.8201710173764558,1.8201710173764558,1.820171017376456,1.8201710173764558,1.820171017376456,1.8201710173764558,1.820171017376456,1.820171017376456,1.820171017376456,1.8201710173764558,1.820171017376456,1.820171017376456,1.820171017376456,1.8201710173764558,1.8201710173764558,1.8201710173764558,1.8201710173764558,1.8201710173764558,1.8201710173764558,1.8201710173764558,1.8201710173764558,1.8201710173764558,1.8201710173764558,1.8201710173764558,1.8201710173764558,1.8201710173764558,1.8201710173764558
1.328336617956056,1.328336617956056,1.328336617956056,1.328336617956056,1.328336617956056,1.3283366179560563,1.328336617956056,1.328336617956056,1.328336617956056,1.3283366179560563,1.3283366179560563,1.328336617956056,1.328336617956056,1.3283366179560563,1.328336617956056,1.3283366179560563,1.328336617956056,1.328336617956056,1.328336617956056,1.328336617956056,1.328336617956056,1.328336617956056,1.328336617956056,1.328336617956056,1.328336617956056,1.328336617956056,1.328336617956056,1.328336617956056,1.328336617956056,1.328336617956056
1.4208771736814507,1.4208771736814507,1.4208771736814507,1.4208771736814507,1.4208771736814507,1.4208771736814507,1.4208771736814507,1.4208771736814507,1.4208771736814507,1.4208771736814505,1.4208771736814505,1.4208771736814507,1.4208771736814505,1.4208771736814505,1.4208771736814507,1.4208771736814507,1.4208771736814507,1.4208771736814507,1.4208771736814507,1.4208771736814507,1.4208771736814507,1.4208771736814507,1.4208771736814507,1.420877173681451,1.4208771736814507,1.4208771736814507,1.420877173681451,1.4208771736814507,1.4208771736814505,1.4208771736814507
1.441384536958141,1.441384536958141,1.441384536958141,1.4413845369581408,1.4413845369581408,1.4413845369581413,1.441384536958141,1.441384536958141,1.441384536958141,1.4413845369581408,1.441384536958141,1.4413845369581413,1.441384536958141,1.4413845369581413,1.441384536958141,1.441384536958141,1.441384536958141,1.441384536958141,1.441384536958141,1.441384536958141,1.441384536958141,1.441384536958141,1.4413845369581408,1.4413845369581408,1.441384536958141,1.441384536958141,1.441384536958141,1.441384536958141,1.441384536958141,1.4413845369581408
2.057983179052269,2.057983179052269,2.057983179052269,2.057983179052269,2.057983179052269,2.05798317905227,2.057983179052269,2.057983179052269,2.057983179052269,2.057983179052269,2.057983179052269,2.057983179052269,2.057983179052269,2.057983179052269,2.057983179052269,2.057983179052269,2.057983179052269,2.057983179052269,2.057983179052269,2.057983179052269,2.057983179052269,2.057983179052269,2.057983179052269,2.057983179052269,2.057983179052269,2.057983179052269,2.057983179052269,2.057983179052269,2.057983179052269,2.057983179052269
1.8735799109380147,1.8735799109380147,1.8735799109380147,1.8735799109380147,1.8735799109380147,1.8735799109380142,1.8735799109380147,1.8735799109380147,1.8735799109380147,1.8735799109380147,1.8735799109380147,1.8735799109380151,1.8735799109380147,1.8735799109380147,1.8735799109380147,1.8735799109380147,1.8735799109380147,1.8735799109380147,1.8735799109380147,1.8735799109380147,1.8735799109380147,1.8735799109380147,1.8735799109380147,1.8735799109380147,1.8735799109380147,1.8735799109380147,1.8735799109380147,1.8735799109380147,1.8735799109380147,1.8735799109380147
1.7993345519003745,1.7993345519003745,1.7993345519003743,1.7993345519003745,1.7993345519003745,1.7993345519003743,1.7993345519003745,1.7993345519003745,1.7993345519003743,1.7993345519003743,1.7993345519003745,1.7993345519003743,1.7993345519003743,1.7993345519003745,1.7993345519003745,1.7993345519003743,1.7993345519003745,1.7993345519003745,1.7993345519003743,1.7993345519003745,1.7993345519003745,1.7993345519003745,1.7993345519003745,1.7993345519003745,1.7993345519003745,1.7993345519003745,1.7993345519003745,1.7993345519003743,1.7993345519003745,1.7993345519003745
1.8144266674694278,1.8144266674694278,1.8144266674694278,1.8144266674694278,1.8144266674694278,1.8144266674694283,1.8144266674694278,1.8144266674694278,1.8144266674694278,1.8144266674694278,1.8144266674694278,1.8144266674694278,1.8144266674694278,1.8144266674694278,1.8144266674694278,1.8144266674694278,1.8144266674694278,1.8144266674694278,1.8144266674694278,1.8144266674694278,1.8144266674694278,1.8144266674694278,1.8144266674694278,1.8144266674694278,1.8144266674694278,1.8144266674694278,1.8144266674694278,1.8144266674694278,1.8144266674694278,1.8144266674694278
1.7444446035471644,1.7444446035471644,1.7444446035471644,1.7444446035471644,1.7444446035471644,1.744444603547164,1.7444446035471644,1.7444446035471644,1.7444446035471644,1.7444446035471644,1.7444446035471644,1.7444446035471644,1.7444446035471644,1.7444446035471644,1.7444446035471644,1.7444446035471644,1.7444446035471644,1.7444446035471644,1.7444446035471644,1.7444446035471644,1.7444446035471644,1.7444446035471644,1.7444446035471644,1.7444446035471644,1.7444446035471644,1.7444446035471644,1.7444446035471644,1.7444446035471644,1.7444446035471644,1.7444446035471644
1.495350517603667,1.4953505176036668,1.495350517603667,1.4953505176036668,1.4953505176036672,1.4953505176036668,1.495350517603667,1.495350517603667,1.4953505176036668,1.4953505176036668,1.495350517603667,1.495350517603667,1.495350517603667,1.495350517603667,1.495350517603667,1.495350517603667,1.4953505176036672,1.4953505176036672,1.495350517603667,1.4953505176036672,1.495350517603667,1.495350517603667,1.495350517603667,1.495350517603667,1.495350517603667,1.495350517603667,1.495350517603667,1.495350517603667,1.495350517603667,1.495350517603667
1.8572054182888638,1.8572054182888638,1.8572054182888638,1.8572054182888638,1.8572054182888638,1.8572054182888635,1.8572054182888638,1.8572054182888638,1.8572054182888635,1.8572054182888635,1.8572054182888638,1.8572054182888635,1.8572054182888635,1.8572054182888638,1.8572054182888638,1.8572054182888635,1.8572054182888638,1.8572054182888635,1.8572054182888638,1.8572054182888638,1.8572054182888638,1.8572054182888638,1.8572054182888638,1.8572054182888638,1.857205418288864,1.8572054182888638,1.8572054182888638,1.8572054182888635,1.8572054182888638,1.8572054182888638
1.4649133067353195,1.4649133067353195,1.4649133067353195,1.4649133067353195,1.4649133067353195,1.464913306735319,1.4649133067353195,1.4649133067353195,1.4649133067353195,1.4649133067353195,1.4649133067353195,1.4649133067353195,1.4649133067353195,1.4649133067353195,1.4649133067353195,1.4649133067353195,1.4649133067353195,1.4649133067353195,1.4649133067353195,1.4649133067353195,1.4649133067353195,1.4649133067353195,1.4649133067353195,1.4649133067353195,1.4649133067353195,1.4649133067353195,1.4649133067353195,1.4649133067353195,1.4649133067353195,1.4649133067353195
1.9042782993038405,1.9042782993038405,1.9042782993038405,1.9042782993038405,1.9042782993038405,1.90427829930384,1.9042782993038405,1.9042782993038405,1.90427829930384,1.9042782993038405,1.9042782993038405,1.9042782993038405,1.9042782993038405,1.9042782993038405,1.9042782993038405,1.9042782993038405,1.9042782993038405,1.9042782993038405,1.9042782993038405,1.9042782993038405,1.9042782993038405,1.9042782993038405,1.9042782993038405,1.9042782993038405,1.9042782993038405,1.9042782993038405,1.9042782993038405,1.9042782993038405,1.9042782993038405,1.9042782993038405
1.8476482449849279,1.8476482449849276,1.8476482449849276,1.8476482449849276,1.8476482449849276,1.8476482449849279,1.8476482449849276,1.8476482449849276,1.8476482449849279,1.8476482449849279,1.8476482449849279,1.8476482449849276,1.8476482449849274,1.8476482449849276,1.8476482449849276,1.8476482449849279,1.8476482449849279,1.8476482449849279,1.8476482449849276,1.8476482449849279,1.8476482449849276,1.8476482449849276,1.8476482449849274,1.8476482449849276,1.8476482449849274,1.8476482449849276,1.8476482449849276,1.8476482449849279,1.8476482449849279,1.8476482449849276
1.891912462679012,1.891912462679012,1.891912462679012,1.891912462679012,1.8919124626790118,1.891912462679013,1.891912462679012,1.891912462679012,1.891912462679012,1.891912462679012,1.891912462679012,1.891912462679012,1.891912462679012,1.891912462679012,1.891912462679012,1.891912462679012,1.891912462679012,1.891912462679012,1.891912462679012,1.891912462679012,1.891912462679012,1.891912462679012,1.891912462679012,1.891912462679012,1.891912462679012,1.891912462679012,1.891912462679012,1.891912462679012,1.891912462679012,1.891912462679012
1.2934968048873565,1.2934968048873563,1.2934968048873563,1.2934968048873563,1.2934968048873563,1.293496804887356,1.2934968048873563,1.2934968048873563,1.293496804887356,1.293496804887356,1.293496804887356,1.293496804887356,1.293496804887356,1.2934968048873563,1.2934968048873563,1.2934968048873563,1.2934968048873563,1.2934968048873563,1.2934968048873563,1.2934968048873563,1.2934968048873563,1.2934968048873563,1.2934968048873563,1.2934968048873563,1.2934968048873563,1.2934968048873563,1.2934968048873563,1.2934968048873563,1.2934968048873565,1.2934968048873563
2.0523860877769136,2.0523860877769136,2.0523860877769136,2.0523860877769136,2.0523860877769136,2.052386087776913,2.0523860877769136,2.0523860877769136,2.052386087776913,2.052386087776913,2.0523860877769136,2.0523860877769136,2.052386087776913,2.0523860877769136,2.0523860877769136,2.0523860877769136,2.0523860877769136,2.0523860877769136,2.0523860877769136,2.0523860877769136,2.0523860877769136,2.0523860877769136,2.0523860877769136,2.0523860877769136,2.0523860877769136,2.0523860877769136,2.0523860877769136,2.0523860877769136,2.0523860877769136,2.0523860877769136
1.130160689093877,1.130160689093877,1.130160689093877,1.130160689093877,1.130160689093877,1.1301606890938771,1.130160689093877,1.130160689093877,1.1301606890938771,1.1301606890938767,1.130160689093877,1.1301606890938767,1.1301606890938771,1.130160689093877,1.130160689093877,1.1301606890938771,1.130160689093877,1.130160689093877,1.130160689093877,1.130160689093877,1.130160689093877,1.130160689093877,1.130160689093877,1.130160689093877,1.130160689093877,1.130160689093877,1.130160689093877,1.1301606890938771,1.130160689093877,1.130160689093877
1.8812803093249362,1.8812803093249364,1.8812803093249364,1.8812803093249364,1.8812803093249364,1.8812803093249357,1.8812803093249362,1.8812803093249362,1.8812803093249366,1.8812803093249366,1.8812803093249364,1.8812803093249366,1.8812803093249364,1.8812803093249364,1.8812803093249362,1.8812803093249364,1.8812803093249364,1.8812803093249364,1.8812803093249364,1.8812803093249364,1.8812803093249364,1.8812803093249362,1.8812803093249362,1.8812803093249364,1.8812803093249364,1.8812803093249362,1.8812803093249364,1.8812803093249364,1.8812803093249364,1.8812803093249364
1.8589961388168592,1.858996138816859,1.858996138816859,1.858996138816859,1.858996138816859,1.8589961388168588,1.858996138816859,1.8589961388168592,1.858996138816859,1.8589961388168588,1.858996138816859,1.8589961388168588,1.858996138816859,1.858996138816859,1.858996138816859,1.8589961388168588,1.858996138816859,1.858996138816859,1.858996138816859,1.858996138816859,1.858996138816859,1.858996138816859,1.858996138816859,1.858996138816859,1.858996138816859,1.858996138816859,1.858996138816859,1.8589961388168588,1.858996138816859,1.858996138816859
1.9552979954339258,1.9552979954339258,1.9552979954339258,1.9552979954339258,1.9552979954339258,1.9552979954339254,1.9552979954339258,1.9552979954339258,1.9552979954339258,1.9552979954339254,1.9552979954339258,1.9552979954339262,1.9552979954339258,1.9552979954339258,1.9552979954339258,1.9552979954339258,1.9552979954339258,1.9552979954339258,1.9552979954339258,1.9552979954339258,1.9552979954339258,1.9552979954339258,1.9552979954339258,1.9552979954339258,1.9552979954339258,1.9552979954339258,1.9552979954339258,1.9552979954339258,1.9552979954339258,1.9552979954339258
1.9113298052072358,1.9113298052072358,1.9113298052072358,1.9113298052072358,1.9113298052072358,1.9113298052072363,1.9113298052072358,1.9113298052072358,1.9113298052072358,1.9113298052072358,1.9113298052072358,1.9113298052072358,1.9113298052072358,1.9113298052072358,1.9113298052072358,1.9113298052072358,1.9113298052072358,1.9113298052072358,1.9113298052072358,1.9113298052072358,1.9113298052072358,1.9113298052072358,1.9113298052072358,1.9113298052072358,1.9113298052072358,1.9113298052072358,1.9113298052072358,1.9113298052072358,1.9113298052072358,1.9113298052072358
1.5485539800666273,1.548553980066627,1.5485539800666273,1.5485539800666273,1.5485539800666273,1.548553980066627,1.5485539800666273,1.5485539800666273,1.5485539800666273,1.5485539800666273,1.548553980066627,1.5485539800666273,1.5485539800666273,1.5485539800666273,1.548553980066627,1.548553980066627,1.5485539800666273,1.5485539800666273,1.5485539800666273,1.5485539800666273,1.5485539800666273,1.5485539800666275,1.5485539800666273,1.5485539800666273,1.5485539800666273,1.5485539800666275,1.5485539800666273,1.5485539800666273,1.5485539800666273,1.5485539800666273
1.6030555887870266,1.6030555887870268,1.6030555887870268,1.6030555887870268,1.6030555887870268,1.6030555887870275,1.6030555887870268,1.6030555887870268,1.6030555887870268,1.6030555887870268,1.6030555887870268,1.603055588787027,1.6030555887870268,1.6030555887870268,1.6030555887870268,1.6030555887870266,1.6030555887870268,1.6030555887870268,1.6030555887870266,1.6030555887870268,1.6030555887870268,1.6030555887870266,1.6030555887870268,1.6030555887870268,1.6030555887870268,1.6030555887870266,1.6030555887870268,1.6030555887870266,1.603055588787027,1.6030555887870268
1.8860965082259824,1.8860965082259824,1.8860965082259824,1.8860965082259824,1.8860965082259824,1.8860965082259824,1.8860965082259824,1.8860965082259824,1.8860965082259824,1.8860965082259824,1.8860965082259824,1.8860965082259824,1.8860965082259824,1.8860965082259824,1.8860965082259824,1.8860965082259824,1.8860965082259824,1.8860965082259824,1.8860965082259824,1.8860965082259824,1.8860965082259824,1.8860965082259824,1.8860965082259824,1.8860965082259824,1.8860965082259824,1.8860965082259824,1.8860965082259824,1.8860965082259824,1.8860965082259824,1.8860965082259824
1.7487596900360878,1.7487596900360878,1.7487596900360878,1.7487596900360878,1.748759690036088,1.7487596900360884,1.7487596900360878,1.7487596900360878,1.7487596900360878,1.7487596900360878,1.7487596900360876,1.7487596900360878,1.7487596900360876,1.7487596900360878,1.7487596900360878,1.7487596900360876,1.7487596900360878,1.7487596900360878,1.7487596900360876,1.7487596900360878,1.7487596900360878,1.7487596900360878,1.7487596900360878,1.7487596900360876,1.7487596900360878,1.7487596900360878,1.7487596900360878,1.7487596900360878,1.7487596900360878,1.748759690036088
1.535220332869199,1.5352203328691991,1.5352203328691991,1.5352203328691991,1.5352203328691991,1.5352203328691991,1.5352203328691991,1.5352203328691991,1.5352203328691991,1.5352203328691991,1.5352203328691991,1.5352203328691991,1.5352203328691991,1.5352203328691991,1.5352203328691991,1.5352203328691991,1.5352203328691991,1.5352203328691991,1.5352203328691991,1.5352203328691991,1.5352203328691991,1.5352203328691991,1.5352203328691991,1.5352203328691991,1.5352203328691991,1.5352203328691991,1.5352203328691991,1.5352203328691991,1.5352203328691991,1.5352203328691991
1.6052331079372038,1.6052331079372038,1.6052331079372038,1.6052331079372038,1.6052331079372038,1.6052331079372042,1.6052331079372038,1.6052331079372038,1.6052331079372038,1.6052331079372038,1.6052331079372042,1.6052331079372038,1.6052331079372038,1.6052331079372038,1.6052331079372038,1.6052331079372038,1.6052331079372038,1.6052331079372038,1.6052331079372038,1.6052331079372038,1.6052331079372038,1.6052331079372038,1.6052331079372038,1.6052331079372038,1.6052331079372038,1.6052331079372038,1.6052331079372038,1.6052331079372038,1.6052331079372038,1.6052331079372038
1.6554821029547198,1.6554821029547198,1.6554821029547198,1.6554821029547198,1.6554821029547198,1.6554821029547195,1.6554821029547198,1.6554821029547198,1.6554821029547198,1.6554821029547195,1.6554821029547195,1.6554821029547198,1.6554821029547198,1.6554821029547198,1.6554821029547198,1.6554821029547195,1.6554821029547198,1.6554821029547198,1.6554821029547198,1.6554821029547198,1.6554821029547198,1.6554821029547198,1.6554821029547198,1.6554821029547198,1.6554821029547198,1.6554821029547198,1.6554821029547198,1.6554821029547198,1.6554821029547198,1.6554821029547198
1.358136135027656,1.358136135027656,1.358136135027656,1.3581361350276557,1.358136135027656,1.3581361350276566,1.358136135027656,1.358136135027656,1.358136135027656,1.3581361350276557,1.3581361350276557,1.3581361350276557,1.358136135027656,1.358136135027656,1.358136135027656,1.3581361350276557,1.358136135027656,1.358136135027656,1.358136135027656,1.358136135027656,1.358136135027656,1.358136135027656,1.358136135027656,1.358136135027656,1.358136135027656,1.358136135027656,1.358136135027656,1.358136135027656,1.358136135027656,1.358136135027656
1.9986616519980938,1.9986616519980938,1.998661651998094,1.9986616519980935,1.9986616519980938,1.998661651998093,1.9986616519980938,1.9986616519980938,1.9986616519980935,1.9986616519980938,1.998661651998094,1.9986616519980938,1.9986616519980938,1.9986616519980938,1.9986616519980938,1.9986616519980938,1.9986616519980938,1.9986616519980938,1.9986616519980938,1.9986616519980935,1.9986616519980938,1.9986616519980938,1.9986616519980935,1.9986616519980938,1.9986616519980938,1.9986616519980938,1.998661651998094,1.9986616519980938,1.9986616519980938,1.9986616519980938
1.7718940821254905,1.7718940821254905,1.7718940821254905,1.7718940821254905,1.7718940821254905,1.77189408212549,1.7718940821254905,1.7718940821254905,1.7718940821254905,1.7718940821254905,1.7718940821254905,1.7718940821254905,1.7718940821254905,1.7718940821254905,1.7718940821254905,1.7718940821254905,1.7718940821254905,1.7718940821254905,1.7718940821254905,1.7718940821254905,1.7718940821254905,1.7718940821254905,1.7718940821254905,1.7718940821254905,1.7718940821254905,1.7718940821254905,1.7718940821254905,1.7718940821254905,1.7718940821254905,1.7718940821254905
1.95548119958618,1.9554811995861803,1.95548119958618,1.95548119958618,1.95548119958618,1.9554811995861794,1.95548119958618,1.95548119958618,1.95548119958618,1.95548119958618,1.9554811995861803,1.9554811995861803,1.95548119958618,1.9554811995861798,1.95548119958618,1.95548119958618,1.95548119958618,1.95548119958618,1.95548119958618,1.95548119958618,1.95548119958618,1.9554811995861798,1.95548119958618,1.9554811995861803,1.95548119958618,1.95548119958618,1.9554811995861803,1.95548119958618,1.9554811995861803,1.95548119958618
1.5861864468088183,1.586186446808818,1.5861864468088183,1.5861864468088183,1.5861864468088183,1.586186446808819,1.5861864468088183,1.5861864468088183,1.5861864468088183,1.5861864468088183,1.5861864468088183,1.5861864468088183,1.5861864468088183,1.5861864468088183,1.5861864468088183,1.5861864468088183,1.5861864468088183,1.5861864468088183,1.586186446808818,1.5861864468088183,1.5861864468088183,1.5861864468088183,1.5861864468088183,1.586186446808818,1.5861864468088183,1.5861864468088183,1.5861864468088183,1.5861864468088183,1.5861864468088183,1.5861864468088183
0.8805975466300482,0.8805975466300482,0.8805975466300482,0.8805975466300482,0.8805975466300482,0.8805975466300482,0.8805975466300482,0.8805975466300482,0.8805975466300482,0.8805975466300482,0.8805975466300482,0.8805975466300482,0.8805975466300482,0.8805975466300482,0.8805975466300482,0.8805975466300482,0.8805975466300482,0.8805975466300482,0.8805975466300482,0.8805975466300482,0.8805975466300482,0.8805975466300482,0.8805975466300482,0.8805975466300482,0.8805975466300482,0.8805975466300482,0.8805975466300482,0.8805975466300482,0.8805975466300482,0.8805975466300482
1.6066757749422538,1.6066757749422536,1.606675774942254,1.6066757749422538,1.6066757749422538,1.6066757749422536,1.606675774942254,1.6066757749422536,1.6066757749422538,1.6066757749422538,1.6066757749422538,1.6066757749422538,1.6066757749422538,1.6066757749422538,1.6066757749422536,1.6066757749422538,1.6066757749422538,1.6066757749422538,1.6066757749422538,1.606675774942254,1.6066757749422538,1.6066757749422538,1.6066757749422538,1.6066757749422538,1.6066757749422538,1.6066757749422538,1.6066757749422538,1.6066757749422538,1.6066757749422538,1.606675774942254
1.337174318120746,1.3371743181207458,1.337174318120746,1.337174318120746,1.337174318120746,1.3371743181207458,1.337174318120746,1.337174318120746,1.337174318120746,1.337174318120746,1.337174318120746,1.337174318120746,1.337174318120746,1.337174318120746,1.337174318120746,1.337174318120746,1.337174318120746,1.337174318120746,1.337174318120746,1.337174318120746,1.337174318120746,1.337174318120746,1.337174318120746,1.337174318120746,1.337174318120746,1.337174318120746,1.337174318120746,1.337174318120746,1.337174318120746,1.337174318120746
1.2682890288488666,1.2682890288488666,1.2682890288488666,1.2682890288488666,1.2682890288488666,1.2682890288488657,1.2682890288488666,1.2682890288488666,1.2682890288488666,1.2682890288488666,1.2682890288488666,1.2682890288488666,1.2682890288488666,1.2682890288488666,1.2682890288488666,1.2682890288488666,1.2682890288488666,1.2682890288488666,1.2682890288488666,1.2682890288488666,1.2682890288488666,1.2682890288488666,1.2682890288488666,1.2682890288488666,1.2682890288488666,1.2682890288488666,1.2682890288488666,1.2682890288488666,1.2682890288488666,1.2682890288488666
1.2038713502037928,1.2038713502037928,1.2038713502037928,1.2038713502037928,1.2038713502037928,1.2038713502037925,1.2038713502037928,1.2038713502037928,1.2038713502037928,1.2038713502037928,1.2038713502037928,1.2038713502037928,1.2038713502037928,1.2038713502037928,1.2038713502037928,1.2038713502037928,1.2038713502037928,1.2038713502037928,1.2038713502037928,1.2038713502037928,1.2038713502037928,1.203871350203793,1.2038713502037928,1.2038713502037928,1.2038713502037928,1.2038713502037928,1.2038713502037928,1.2038713502037928,1.2038713502037928,1.2038713502037925
1.4425004560652281,1.4425004560652281,1.4425004560652281,1.4425004560652281,1.4425004560652281,1.4425004560652273,1.4425004560652281,1.4425004560652281,1.4425004560652281,1.4425004560652281,1.4425004560652281,1.4425004560652281,1.4425004560652281,1.4425004560652281,1.4425004560652281,1.4425004560652281,1.4425004560652281,1.4425004560652281,1.4425004560652281,1.4425004560652281,1.4425004560652281,1.4425004560652281,1.4425004560652281,1.4425004560652281,1.4425004560652281,1.4425004560652281,1.4425004560652281,1.4425004560652281,1.4425004560652281,1.4425004560652281
0.9444972435174346,0.9444972435174346,0.9444972435174346,0.9444972435174346,0.9444972435174346,0.9444972435174339,0.9444972435174346,0.9444972435174346,0.9444972435174346,0.9444972435174346,0.9444972435174346,0.9444972435174346,0.9444972435174346,0.9444972435174346,0.9444972435174346,0.9444972435174346,0.9444972435174346,0.9444972435174346,0.9444972435174346,0.9444972435174346,0.9444972435174346,0.9444972435174346,0.9444972435174346,0.9444972435174346,0.9444972435174346,0.9444972435174346,0.9444972435174346,0.9444972435174348,0.9444972435174346,0.9444972435174346
1.0810879794860007,1.0810879794860007,1.0810879794860009,1.0810879794860007,1.0810879794860007,1.081087979486,1.0810879794860007,1.0810879794860007,1.0810879794860007,1.0810879794860007,1.0810879794860007,1.0810879794860007,1.0810879794860007,1.0810879794860007,1.0810879794860007,1.0810879794860007,1.0810879794860007,1.0810879794860007,1.0810879794860007,1.0810879794860007,1.0810879794860007,1.0810879794860007,1.0810879794860007,1.0810879794860007,1.0810879794860007,1.0810879794860007,1.0810879794860007,1.0810879794860007,1.0810879794860007,1.0810879794860007
1.1000441762508915,1.1000441762508915,1.1000441762508915,1.1000441762508915,1.1000441762508915,1.1000441762508917,1.1000441762508915,1.1000441762508915,1.1000441762508915,1.1000441762508915,1.1000441762508917,1.1000441762508912,1.1000441762508917,1.1000441762508915,1.1000441762508915,1.1000441762508915,1.1000441762508915,1.1000441762508915,1.1000441762508915,1.1000441762508915,1.1000441762508915,1.1000441762508915,1.1000441762508915,1.1000441762508915,1.1000441762508915,1.1000441762508915,1.1000441762508917,1.1000441762508917,1.1000441762508915,1.1000441762508915
1.0319180248680007,1.0319180248680007,1.0319180248680007,1.0319180248680007,1.0319180248680007,1.0319180248680002,1.0319180248680007,1.0319180248680007,1.0319180248680007,1.0319180248680007,1.0319180248680007,1.0319180248680007,1.0319180248680007,1.0319180248680007,1.0319180248680007,1.0319180248680007,1.0319180248680007,1.0319180248680007,1.0319180248680007,1.0319180248680007,1.0319180248680007,1.0319180248680007,1.0319180248680007,1.0319180248680007,1.0319180248680007,1.0319180248680007,1.0319180248680007,1.0319180248680007,1.0319180248680007,1.0319180248680007
1.18731358509864,1.18731358509864,1.18731358509864,1.18731358509864,1.18731358509864,1.1873135850986403,1.18731358509864,1.18731358509864,1.1873135850986398,1.18731358509864,1.1873135850986403,1.18731358509864,1.18731358509864,1.18731358509864,1.18731358509864,1.18731358509864,1.18731358509864,1.18731358509864,1.18731358509864,1.18731358509864,1.18731358509864,1.18731358509864,1.18731358509864,1.18731358509864,1.18731358509864,1.18731358509864,1.18731358509864,1.1873135850986403,1.18731358509864,1.18731358509864
1.2606566524886733,1.2606566524886733,1.2606566524886733,1.2606566524886733,1.2606566524886733,1.2606566524886738,1.2606566524886733,1.2606566524886733,1.2606566524886733,1.2606566524886733,1.2606566524886733,1.2606566524886733,1.2606566524886733,1.2606566524886733,1.2606566524886733,1.2606566524886733,1.2606566524886733,1.2606566524886733,1.2606566524886733,1.2606566524886733,1.2606566524886733,1.2606566524886733,1.2606566524886733,1.2606566524886733,1.2606566524886733,1.2606566524886733,1.2606566524886733,1.2606566524886733,1.2606566524886733,1.2606566524886733
1.3846357930759914,1.3846357930759914,1.3846357930759914,1.3846357930759914,1.3846357930759914,1.3846357930759918,1.3846357930759914,1.3846357930759914,1.3846357930759914,1.3846357930759914,1.3846357930759914,1.3846357930759914,1.3846357930759914,1.3846357930759914,1.3846357930759914,1.3846357930759914,1.3846357930759914,1.3846357930759914,1.3846357930759914,1.3846357930759914,1.3846357930759914,1.3846357930759914,1.3846357930759914,1.3846357930759914,1.3846357930759914,1.3846357930759914,1.3846357930759914,1.3846357930759914,1.3846357930759914,1.3846357930759914
1.05690515411788,1.05690515411788,1.0569051541178798,1.05690515411788,1.05690515411788,1.0569051541178798,1.05690515411788,1.05690515411788,1.05690515411788,1.05690515411788,1.0569051541178798,1.05690515411788,1.05690515411788,1.05690515411788,1.05690515411788,1.05690515411788,1.05690515411788,1.05690515411788,1.05690515411788,1.05690515411788,1.05690515411788,1.05690515411788,1.05690515411788,1.05690515411788,1.05690515411788,1.05690515411788,1.05690515411788,1.05690515411788,1.05690515411788,1.05690515411788
0.9122575230195837,0.9122575230195837,0.9122575230195837,0.9122575230195837,0.9122575230195837,0.9122575230195837,0.9122575230195837,0.9122575230195837,0.9122575230195837,0.9122575230195837,0.9122575230195835,0.9122575230195837,0.9122575230195837,0.9122575230195837,0.9122575230195837,0.9122575230195837,0.9122575230195837,0.9122575230195837,0.9122575230195837,0.9122575230195837,0.9122575230195837,0.9122575230195837,0.9122575230195837,0.9122575230195837,0.9122575230195837,0.9122575230195837,0.9122575230195837,0.9122575230195837,0.9122575230195837,0.9122575230195837
0.9829542399422677,0.9829542399422676,0.9829542399422676,0.9829542399422676,0.9829542399422677,0.9829542399422673,0.9829542399422676,0.9829542399422676,0.9829542399422676,0.9829542399422676,0.9829542399422676,0.9829542399422676,0.9829542399422677,0.9829542399422676,0.9829542399422676,0.9829542399422676,0.9829542399422676,0.9829542399422676,0.9829542399422677,0.9829542399422676,0.9829542399422676,0.9829542399422676,0.9829542399422676,0.9829542399422676,0.9829542399422676,0.9829542399422676,0.9829542399422676,0.9829542399422676,0.9829542399422676,0.9829542399422676
1.1702268854589764,1.1702268854589764,1.1702268854589764,1.1702268854589764,1.1702268854589764,1.1702268854589768,1.1702268854589764,1.1702268854589764,1.1702268854589764,1.1702268854589764,1.1702268854589764,1.1702268854589764,1.1702268854589764,1.1702268854589764,1.1702268854589764,1.1702268854589764,1.1702268854589764,1.1702268854589764,1.1702268854589764,1.1702268854589764,1.1702268854589764,1.1702268854589764,1.1702268854589764,1.1702268854589764,1.1702268854589764,1.1702268854589764,1.1702268854589764,1.1702268854589764,1.1702268854589764,1.1702268854589764
1.0346245522300253,1.0346245522300253,1.0346245522300253,1.0346245522300253,1.0346245522300253,1.0346245522300244,1.0346245522300253,1.0346245522300253,1.0346245522300253,1.0346245522300253,1.0346245522300253,1.0346245522300253,1.0346245522300253,1.0346245522300253,1.0346245522300253,1.0346245522300253,1.0346245522300253,1.0346245522300253,1.0346245522300253,1.0346245522300253,1.0346245522300253,1.0346245522300253,1.0346245522300253,1.0346245522300253,1.0346245522300253,1.0346245522300253,1.0346245522300253,1.0346245522300253,1.0346245522300253,1.0346245522300253
1.5086054606529757,1.5086054606529757,1.5086054606529757,1.5086054606529757,1.5086054606529757,1.5086054606529764,1.5086054606529757,1.5086054606529757,1.5086054606529757,1.5086054606529757,1.5086054606529757,1.5086054606529757,1.5086054606529755,1.5086054606529757,1.5086054606529757,1.5086054606529757,1.5086054606529757,1.5086054606529757,1.5086054606529757,1.5086054606529757,1.5086054606529757,1.5086054606529757,1.5086054606529757,1.508605460652976,1.5086054606529757,1.5086054606529757,1.5086054606529757,1.5086054606529757,1.5086054606529757,1.5086054606529757
1.0002539410317266,1.0002539410317266,1.0002539410317266,1.0002539410317266,1.0002539410317266,1.0002539410317262,1.0002539410317266,1.0002539410317266,1.000253941031727,1.0002539410317266,1.0002539410317266,1.0002539410317266,1.0002539410317266,1.0002539410317266,1.0002539410317266,1.0002539410317266,1.0002539410317266,1.0002539410317266,1.0002539410317266,1.0002539410317266,1.0002539410317266,1.0002539410317266,1.0002539410317266,1.0002539410317266,1.0002539410317266,1.0002539410317266,1.0002539410317266,1.0002539410317266,1.0002539410317266,1.0002539410317266
1.5093047410774438,1.5093047410774438,1.5093047410774438,1.5093047410774438,1.5093047410774438,1.5093047410774432,1.5093047410774438,1.5093047410774438,1.509304741077444,1.5093047410774438,1.5093047410774438,1.5093047410774438,1.509304741077444,1.5093047410774438,1.5093047410774438,1.5093047410774438,1.5093047410774438,1.5093047410774438,1.5093047410774438,1.5093047410774438,1.5093047410774438,1.5093047410774438,1.5093047410774438,1.5093047410774438,1.5093047410774438,1.5093047410774438,1.5093047410774438,1.5093047410774438,1.509304741077444,1.5093047410774438
1.176546647098998,1.176546647098998,1.176546647098998,1.176546647098998,1.176546647098998,1.1765466470989985,1.176546647098998,1.176546647098998,1.176546647098998,1.176546647098998,1.176546647098998,1.176546647098998,1.176546647098998,1.176546647098998,1.176546647098998,1.176546647098998,1.176546647098998,1.176546647098998,1.176546647098998,1.176546647098998,1.176546647098998,1.176546647098998,1.176546647098998,1.176546647098998,1.176546647098998,1.176546647098998,1.176546647098998,1.176546647098998,1.176546647098998,1.176546647098998
1.0507988824563377,1.0507988824563377,1.0507988824563377,1.0507988824563377,1.0507988824563377,1.0507988824563377,1.0507988824563377,1.0507988824563377,1.0507988824563377,1.0507988824563377,1.0507988824563377,1.0507988824563377,1.0507988824563377,1.0507988824563377,1.0507988824563377,1.0507988824563377,1.0507988824563377,1.0507988824563377,1.0507988824563377,1.0507988824563377,1.0507988824563377,1.0507988824563377,1.0507988824563377,1.0507988824563377,1.0507988824563377,1.0507988824563377,1.0507988824563377,1.0507988824563377,1.0507988824563377,1.0507988824563377
1.0337919104356244,1.0337919104356244,1.0337919104356244,1.0337919104356244,1.0337919104356244,1.0337919104356244,1.0337919104356244,1.0337919104356244,1.0337919104356244,1.0337919104356244,1.0337919104356246,1.0337919104356244,1.0337919104356244,1.0337919104356244,1.0337919104356244,1.0337919104356244,1.0337919104356244,1.0337919104356244,1.0337919104356244,1.0337919104356244,1.0337919104356244,1.0337919104356244,1.0337919104356244,1.0337919104356244,1.0337919104356244,1.0337919104356244,1.0337919104356244,1.0337919104356246,1.0337919104356244,1.0337919104356244
1.181577916943054,1.1815779169430543,1.181577916943054,1.181577916943054,1.181577916943054,1.1815779169430538,1.181577916943054,1.181577916943054,1.181577916943054,1.181577916943054,1.181577916943054,1.1815779169430538,1.181577916943054,1.181577916943054,1.181577916943054,1.181577916943054,1.181577916943054,1.1815779169430538,1.181577916943054,1.181577916943054,1.181577916943054,1.181577916943054,1.181577916943054,1.181577916943054,1.181577916943054,1.181577916943054,1.181577916943054,1.181577916943054,1.181577916943054,1.181577916943054
1.3236362967764428,1.3236362967764428,1.3236362967764428,1.3236362967764428,1.3236362967764428,1.3236362967764421,1.3236362967764428,1.3236362967764428,1.3236362967764428,1.3236362967764426,1.3236362967764428,1.3236362967764426,1.3236362967764428,1.3236362967764428,1.3236362967764428,1.3236362967764428,1.3236362967764428,1.3236362967764428,1.3236362967764428,1.3236362967764428,1.3236362967764428,1.3236362967764428,1.3236362967764428,1.3236362967764428,1.3236362967764428,1.3236362967764428,1.3236362967764428,1.3236362967764428,1.3236362967764428,1.3236362967764428
1.1017532020074798,1.1017532020074798,1.1017532020074798,1.1017532020074798,1.1017532020074798,1.1017532020074798,1.1017532020074798,1.1017532020074798,1.1017532020074798,1.1017532020074796,1.1017532020074798,1.1017532020074798,1.1017532020074796,1.1017532020074798,1.1017532020074798,1.1017532020074798,1.1017532020074798,1.1017532020074798,1.1017532020074798,1.1017532020074798,1.1017532020074798,1.1017532020074798,1.1017532020074798,1.1017532020074798,1.1017532020074798,1.1017532020074798,1.1017532020074798,1.1017532020074796,1.1017532020074798,1.1017532020074798
1.1363048860490794,1.1363048860490794,1.1363048860490794,1.1363048860490794,1.1363048860490794,1.1363048860490785,1.1363048860490794,1.1363048860490794,1.1363048860490794,1.1363048860490794,1.1363048860490794,1.1363048860490794,1.1363048860490794,1.1363048860490794,1.1363048860490794,1.1363048860490794,1.1363048860490794,1.1363048860490794,1.1363048860490794,1.1363048860490794,1.1363048860490794,1.1363048860490794,1.1363048860490794,1.1363048860490794,1.1363048860490794,1.1363048860490794,1.1363048860490794,1.1363048860490794,1.1363048860490794,1.1363048860490794
1.6843242994859884,1.6843242994859884,1.6843242994859884,1.6843242994859884,1.6843242994859884,1.6843242994859882,1.6843242994859884,1.6843242994859886,1.6843242994859884,1.6843242994859882,1.6843242994859884,1.6843242994859882,1.6843242994859882,1.6843242994859884,1.6843242994859886,1.6843242994859884,1.6843242994859886,1.6843242994859886,1.6843242994859884,1.6843242994859884,1.6843242994859884,1.6843242994859884,1.6843242994859884,1.6843242994859884,1.6843242994859886,1.6843242994859884,1.6843242994859884,1.6843242994859882,1.6843242994859884,1.6843242994859884
1.5891267481055957,1.5891267481055957,1.5891267481055957,1.5891267481055957,1.5891267481055957,1.5891267481055955,1.5891267481055957,1.589126748105596,1.5891267481055957,1.5891267481055957,1.5891267481055957,1.5891267481055957,1.5891267481055955,1.5891267481055957,1.5891267481055957,1.5891267481055957,1.5891267481055957,1.5891267481055957,1.5891267481055957,1.5891267481055957,1.5891267481055957,1.5891267481055957,1.5891267481055957,1.5891267481055957,1.5891267481055957,1.5891267481055957,1.5891267481055957,1.5891267481055957,1.5891267481055957,1.5891267481055957
1.4627340775646833,1.4627340775646833,1.4627340775646833,1.4627340775646833,1.4627340775646833,1.4627340775646829,1.4627340775646833,1.4627340775646833,1.4627340775646833,1.4627340775646833,1.4627340775646833,1.4627340775646833,1.4627340775646833,1.4627340775646833,1.4627340775646833,1.4627340775646833,1.4627340775646833,1.4627340775646833,1.4627340775646833,1.4627340775646833,1.4627340775646833,1.4627340775646833,1.4627340775646833,1.4627340775646833,1.4627340775646833,1.4627340775646833,1.4627340775646833,1.4627340775646833,1.4627340775646833,1.4627340775646833
1.4015805810953543,1.4015805810953543,1.4015805810953543,1.4015805810953543,1.4015805810953543,1.401580581095354,1.4015805810953543,1.4015805810953543,1.4015805810953543,1.4015805810953543,1.401580581095354,1.401580581095354,1.4015805810953543,1.4015805810953543,1.4015805810953543,1.4015805810953543,1.4015805810953543,1.4015805810953543,1.4015805810953543,1.4015805810953543,1.4015805810953543,1.4015805810953543,1.4015805810953543,1.4015805810953543,1.4015805810953543,1.4015805810953543,1.4015805810953543,1.4015805810953543,1.4015805810953543,1.4015805810953543
1.4916055018029148,1.491605501802915,1.4916055018029148,1.491605501802915,1.4916055018029148,1.4916055018029155,1.4916055018029148,1.4916055018029148,1.4916055018029148,1.4916055018029148,1.4916055018029148,1.4916055018029146,1.4916055018029148,1.4916055018029148,1.4916055018029148,1.4916055018029148,1.4916055018029148,1.4916055018029148,1.4916055018029148,1.4916055018029148,1.4916055018029148,1.4916055018029148,1.4916055018029148,1.4916055018029148,1.491605501802915,1.4916055018029148,1.4916055018029148,1.4916055018029148,1.4916055018029146,1.4916055018029148
1.4639096656591224,1.4639096656591224,1.4639096656591224,1.4639096656591224,1.4639096656591224,1.4639096656591226,1.4639096656591224,1.4639096656591224,1.4639096656591224,1.4639096656591222,1.4639096656591226,1.4639096656591224,1.4639096656591226,1.4639096656591224,1.4639096656591224,1.4639096656591224,1.4639096656591224,1.4639096656591224,1.4639096656591224,1.4639096656591224,1.4639096656591224,1.4639096656591224,1.4639096656591222,1.4639096656591224,1.4639096656591222,1.4639096656591224,1.4639096656591224,1.4639096656591224,1.4639096656591224,1.4639096656591224
1.489487058759859,1.489487058759859,1.489487058759859,1.489487058759859,1.489487058759859,1.4894870587598588,1.489487058759859,1.489487058759859,1.4894870587598592,1.4894870587598588,1.4894870587598588,1.4894870587598592,1.489487058759859,1.489487058759859,1.489487058759859,1.489487058759859,1.489487058759859,1.4894870587598588,1.489487058759859,1.489487058759859,1.489487058759859,1.489487058759859,1.489487058759859,1.489487058759859,1.489487058759859,1.489487058759859,1.489487058759859,1.489487058759859,1.489487058759859,1.489487058759859
1.1751855267651108,1.1751855267651108,1.1751855267651106,1.1751855267651108,1.1751855267651108,1.1751855267651106,1.1751855267651108,1.1751855267651108,1.1751855267651108,1.175185526765111,1.1751855267651108,1.1751855267651106,1.1751855267651106,1.1751855267651108,1.1751855267651108,1.1751855267651108,1.1751855267651108,1.1751855267651108,1.1751855267651108,1.1751855267651108,1.1751855267651108,1.1751855267651108,1.1751855267651108,1.1751855267651108,1.1751855267651108,1.1751855267651108,1.1751855267651108,1.1751855267651108,1.1751855267651108,1.1751855267651108
1.2311380757561519,1.2311380757561519,1.2311380757561519,1.2311380757561519,1.2311380757561519,1.2311380757561512,1.2311380757561519,1.2311380757561516,1.2311380757561519,1.231138075756152,1.231138075756152,1.2311380757561519,1.2311380757561519,1.2311380757561519,1.2311380757561519,1.2311380757561519,1.2311380757561519,1.2311380757561519,1.231138075756152,1.2311380757561519,1.2311380757561519,1.2311380757561519,1.2311380757561519,1.2311380757561519,1.2311380757561516,1.2311380757561519,1.2311380757561519,1.2311380757561519,1.2311380757561519,1.2311380757561519
1.6401110582803367,1.6401110582803367,1.6401110582803367,1.6401110582803367,1.6401110582803367,1.6401110582803362,1.6401110582803367,1.6401110582803367,1.6401110582803367,1.6401110582803367,1.6401110582803367,1.6401110582803367,1.6401110582803367,1.6401110582803367,1.6401110582803367,1.6401110582803367,1.6401110582803367,1.6401110582803367,1.6401110582803367,1.6401110582803367,1.6401110582803367,1.6401110582803367,1.6401110582803367,1.6401110582803367,1.6401110582803367,1.6401110582803367,1.6401110582803367,1.6401110582803367,1.6401110582803367,1.6401110582803367
1.4323788985910964,1.4323788985910966,1.4323788985910964,1.4323788985910964,1.4323788985910964,1.4323788985910966,1.4323788985910964,1.4323788985910964,1.4323788985910964,1.4323788985910964,1.4323788985910964,1.4323788985910964,1.4323788985910964,1.4323788985910964,1.4323788985910964,1.4323788985910964,1.4323788985910964,1.4323788985910964,1.4323788985910964,1.4323788985910964,1.4323788985910964,1.4323788985910964,1.4323788985910964,1.4323788985910964,1.4323788985910964,1.4323788985910964,1.4323788985910964,1.4323788985910964,1.4323788985910964,1.4323788985910964
1.4595211240044286,1.4595211240044283,1.4595211240044283,1.4595211240044283,1.4595211240044283,1.4595211240044286,1.4595211240044283,1.4595211240044283,1.4595211240044286,1.4595211240044283,1.4595211240044283,1.4595211240044283,1.4595211240044286,1.4595211240044283,1.4595211240044283,1.4595211240044283,1.4595211240044283,1.4595211240044283,1.4595211240044283,1.4595211240044283,1.4595211240044283,1.4595211240044283,1.4595211240044283,1.4595211240044283,1.4595211240044283,1.4595211240044283,1.4595211240044283,1.4595211240044286,1.4595211240044283,1.4595211240044283
1.2265326083726724,1.2265326083726724,1.2265326083726724,1.2265326083726724,1.2265326083726724,1.226532608372672,1.2265326083726724,1.2265326083726724,1.2265326083726724,1.2265326083726724,1.2265326083726724,1.2265326083726724,1.2265326083726724,1.2265326083726724,1.2265326083726724,1.2265326083726724,1.2265326083726724,1.2265326083726724,1.2265326083726724,1.2265326083726724,1.2265326083726724,1.2265326083726724,1.2265326083726724,1.2265326083726724,1.2265326083726724,1.2265326083726724,1.2265326083726724,1.2265326083726724,1.2265326083726724,1.2265326083726724
1.126380966292536,1.126380966292536,1.126380966292536,1.126380966292536,1.126380966292536,1.126380966292535,1.126380966292536,1.126380966292536,1.126380966292536,1.126380966292536,1.126380966292536,1.126380966292536,1.126380966292536,1.126380966292536,1.126380966292536,1.126380966292536,1.126380966292536,1.126380966292536,1.126380966292536,1.126380966292536,1.126380966292536,1.126380966292536,1.126380966292536,1.126380966292536,1.126380966292536,1.126380966292536,1.126380966292536,1.126380966292536,1.126380966292536,1.126380966292536
1.1609086489277156,1.1609086489277156,1.1609086489277156,1.1609086489277156,1.1609086489277156,1.160908648927716,1.1609086489277156,1.1609086489277156,1.1609086489277156,1.1609086489277156,1.1609086489277156,1.1609086489277156,1.1609086489277156,1.1609086489277156,1.1609086489277156,1.1609086489277156,1.1609086489277156,1.1609086489277156,1.1609086489277156,1.1609086489277156,1.1609086489277156,1.1609086489277156,1.1609086489277156,1.1609086489277156,1.1609086489277156,1.1609086489277156,1.1609086489277156,1.1609086489277156,1.1609086489277156,1.1609086489277156
1.4856087656201704,1.4856087656201704,1.4856087656201704,1.4856087656201704,1.4856087656201704,1.4856087656201709,1.4856087656201704,1.4856087656201704,1.4856087656201704,1.4856087656201704,1.4856087656201704,1.4856087656201704,1.4856087656201704,1.4856087656201704,1.4856087656201704,1.4856087656201704,1.4856087656201704,1.4856087656201704,1.4856087656201704,1.4856087656201704,1.4856087656201704,1.4856087656201704,1.4856087656201704,1.4856087656201704,1.4856087656201704,1.4856087656201704,1.4856087656201704,1.4856087656201704,1.4856087656201704,1.4856087656201704
1.4563724866452388,1.4563724866452388,1.4563724866452388,1.4563724866452388,1.4563724866452388,1.4563724866452379,1.4563724866452388,1.4563724866452388,1.4563724866452388,1.4563724866452388,1.4563724866452388,1.4563724866452388,1.4563724866452388,1.4563724866452388,1.4563724866452388,1.4563724866452388,1.4563724866452388,1.4563724866452388,1.4563724866452388,1.4563724866452388,1.4563724866452388,1.4563724866452388,1.4563724866452388,1.4563724866452388,1.4563724866452388,1.4563724866452388,1.4563724866452388,1.4563724866452388,1.4563724866452388,1.4563724866452388
1.395465805945281,1.395465805945281,1.395465805945281,1.395465805945281,1.395465805945281,1.39546580594528,1.395465805945281,1.395465805945281,1.395465805945281,1.395465805945281,1.395465805945281,1.395465805945281,1.395465805945281,1.395465805945281,1.395465805945281,1.395465805945281,1.395465805945281,1.395465805945281,1.395465805945281,1.395465805945281,1.395465805945281,1.395465805945281,1.395465805945281,1.395465805945281,1.395465805945281,1.395465805945281,1.395465805945281,1.395465805945281,1.395465805945281,1.395465805945281
1.1352113453899915,1.1352113453899915,1.1352113453899915,1.1352113453899915,1.1352113453899915,1.1352113453899912,1.1352113453899915,1.1352113453899915,1.1352113453899915,1.1352113453899915,1.1352113453899915,1.1352113453899915,1.1352113453899915,1.1352113453899915,1.1352113453899915,1.1352113453899915,1.1352113453899915,1.1352113453899915,1.1352113453899912,1.1352113453899915,1.1352113453899915,1.1352113453899915,1.1352113453899915,1.1352113453899915,1.1352113453899915,1.1352113453899915,1.1352113453899915,1.1352113453899915,1.1352113453899915,1.1352113453899915
1.5229637428240816,1.5229637428240816,1.5229637428240816,1.5229637428240816,1.5229637428240816,1.522963742824082,1.5229637428240816,1.5229637428240816,1.5229637428240816,1.5229637428240816,1.5229637428240816,1.5229637428240816,1.5229637428240816,1.5229637428240816,1.5229637428240816,1.5229637428240816,1.5229637428240816,1.5229637428240816,1.5229637428240816,1.5229637428240816,1.5229637428240816,1.5229637428240816,1.5229637428240816,1.5229637428240816,1.5229637428240816,1.5229637428240816,1.5229637428240816,1.5229637428240816,1.5229637428240816,1.5229637428240816
1.6036149529522856,1.6036149529522856,1.6036149529522856,1.6036149529522856,1.6036149529522856,1.6036149529522863,1.6036149529522856,1.6036149529522856,1.6036149529522856,1.6036149529522854,1.6036149529522856,1.6036149529522856,1.6036149529522856,1.6036149529522856,1.6036149529522856,1.6036149529522856,1.6036149529522856,1.6036149529522856,1.6036149529522856,1.6036149529522856,1.6036149529522856,1.6036149529522856,1.6036149529522856,1.6036149529522856,1.6036149529522856,1.6036149529522856,1.6036149529522854,1.6036149529522856,1.6036149529522856,1.6036149529522856
1.1766861042560444,1.1766861042560444,1.1766861042560444,1.1766861042560444,1.1766861042560444,1.1766861042560444,1.1766861042560444,1.1766861042560444,1.1766861042560444,1.176686104256044,1.1766861042560444,1.1766861042560444,1.1766861042560444,1.1766861042560444,1.1766861042560444,1.1766861042560444,1.1766861042560444,1.1766861042560444,1.1766861042560444,1.1766861042560444,1.1766861042560444,1.1766861042560444,1.1766861042560444,1.1766861042560444,1.1766861042560444,1.1766861042560444,1.1766861042560444,1.1766861042560444,1.1766861042560444,1.1766861042560444
1.2102494965059352,1.2102494965059352,1.2102494965059352,1.2102494965059352,1.2102494965059352,1.210249496505936,1.2102494965059352,1.2102494965059352,1.2102494965059352,1.2102494965059352,1.2102494965059352,1.2102494965059352,1.2102494965059352,1.2102494965059352,1.2102494965059352,1.2102494965059352,1.2102494965059352,1.2102494965059352,1.2102494965059352,1.2102494965059352,1.2102494965059352,1.2102494965059352,1.2102494965059352,1.2102494965059352,1.2102494965059352,1.2102494965059352,1.2102494965059352,1.2102494965059352,1.2102494965059352,1.2102494965059352
1.5976650007734234,1.5976650007734234,1.5976650007734234,1.5976650007734234,1.5976650007734234,1.5976650007734232,1.5976650007734234,1.5976650007734234,1.5976650007734234,1.5976650007734232,1.5976650007734232,1.5976650007734234,1.5976650007734232,1.5976650007734234,1.5976650007734234,1.5976650007734234,1.5976650007734234,1.5976650007734234,1.5976650007734234,1.5976650007734234,1.5976650007734234,1.5976650007734234,1.5976650007734234,1.5976650007734232,1.5976650007734234,1.5976650007734232,1.5976650007734234,1.5976650007734234,1.5976650007734234,1.5976650007734234
1.6750953045134551,1.6750953045134551,1.6750953045134551,1.6750953045134551,1.6750953045134551,1.6750953045134551,1.6750953045134551,1.6750953045134551,1.6750953045134551,1.6750953045134551,1.6750953045134551,1.6750953045134551,1.6750953045134551,1.6750953045134551,1.6750953045134551,1.6750953045134551,1.6750953045134551,1.6750953045134551,1.6750953045134551,1.6750953045134551,1.6750953045134551,1.6750953045134551,1.6750953045134551,1.6750953045134551,1.6750953045134551,1.6750953045134551,1.6750953045134551,1.6750953045134551,1.6750953045134551,1.6750953045134551
1.400402850402351,1.4004028504023511,1.400402850402351,1.4004028504023511,1.4004028504023511,1.400402850402351,1.4004028504023511,1.4004028504023511,1.4004028504023511,1.400402850402351,1.400402850402351,1.4004028504023511,1.4004028504023511,1.400402850402351,1.4004028504023511,1.4004028504023511,1.4004028504023511,1.4004028504023511,1.400402850402351,1.4004028504023511,1.4004028504023511,1.4004028504023511,1.4004028504023511,1.4004028504023511,1.4004028504023511,1.4004028504023511,1.4004028504023511,1.400402850402351,1.4004028504023511,1.4004028504023511
1.3433791309398018,1.3433791309398018,1.3433791309398018,1.3433791309398018,1.3433791309398018,1.3433791309398018,1.3433791309398018,1.3433791309398018,1.3433791309398018,1.3433791309398018,1.3433791309398018,1.3433791309398018,1.3433791309398018,1.3433791309398018,1.3433791309398018,1.3433791309398018,1.3433791309398018,1.3433791309398018,1.3433791309398018,1.3433791309398018,1.3433791309398018,1.3433791309398018,1.3433791309398018,1.3433791309398018,1.3433791309398018,1.3433791309398018,1.3433791309398018,1.3433791309398018,1.3433791309398018,1.3433791309398018
1.4992126051442456,1.4992126051442456,1.4992126051442456,1.4992126051442456,1.4992126051442456,1.4992126051442458,1.4992126051442456,1.4992126051442456,1.4992126051442456,1.4992126051442458,1.4992126051442456,1.4992126051442456,1.4992126051442456,1.4992126051442458,1.4992126051442456,1.4992126051442458,1.4992126051442456,1.4992126051442456,1.4992126051442456,1.4992126051442456,1.4992126051442456,1.4992126051442456,1.4992126051442456,1.4992126051442456,1.4992126051442456,1.4992126051442456,1.4992126051442456,1.4992126051442456,1.4992126051442456,1.4992126051442456
1.6549953164924203,1.6549953164924203,1.6549953164924203,1.6549953164924203,1.6549953164924203,1.6549953164924203,1.6549953164924203,1.6549953164924203,1.6549953164924203,1.6549953164924203,1.6549953164924203,1.6549953164924203,1.6549953164924203,1.6549953164924203,1.6549953164924203,1.6549953164924203,1.6549953164924203,1.6549953164924203,1.6549953164924203,1.6549953164924203,1.6549953164924203,1.6549953164924203,1.6549953164924203,1.6549953164924203,1.6549953164924203,1.6549953164924203,1.6549953164924203,1.6549953164924203,1.6549953164924203,1.6549953164924203
1.7275062738373232,1.7275062738373232,1.7275062738373232,1.7275062738373232,1.7275062738373232,1.7275062738373235,1.7275062738373235,1.7275062738373232,1.7275062738373232,1.7275062738373235,1.7275062738373235,1.7275062738373232,1.7275062738373235,1.7275062738373235,1.7275062738373232,1.7275062738373232,1.7275062738373232,1.7275062738373232,1.7275062738373232,1.7275062738373232,1.7275062738373232,1.7275062738373232,1.7275062738373232,1.7275062738373232,1.7275062738373232,1.7275062738373235,1.7275062738373232,1.7275062738373232,1.7275062738373232,1.7275062738373232
1.896320169159011,1.896320169159011,1.896320169159011,1.896320169159011,1.896320169159011,1.8963201691590106,1.896320169159011,1.896320169159011,1.896320169159011,1.896320169159011,1.8963201691590106,1.896320169159011,1.896320169159011,1.8963201691590106,1.896320169159011,1.896320169159011,1.896320169159011,1.896320169159011,1.896320169159011,1.896320169159011,1.896320169159011,1.896320169159011,1.896320169159011,1.896320169159011,1.896320169159011,1.896320169159011,1.896320169159011,1.896320169159011,1.896320169159011,1.896320169159011
1.4972983061949918,1.4972983061949918,1.4972983061949918,1.4972983061949918,1.4972983061949918,1.4972983061949918,1.4972983061949918,1.4972983061949918,1.4972983061949918,1.4972983061949918,1.4972983061949918,1.4972983061949918,1.4972983061949918,1.4972983061949918,1.4972983061949918,1.4972983061949918,1.4972983061949918,1.4972983061949918,1.4972983061949918,1.4972983061949918,1.4972983061949918,1.4972983061949918,1.4972983061949918,1.4972983061949918,1.4972983061949918,1.4972983061949918,1.4972983061949918,1.4972983061949918,1.4972983061949918,1.4972983061949918
1.5131678947916507,1.5131678947916507,1.5131678947916507,1.5131678947916507,1.5131678947916507,1.5131678947916507,1.5131678947916507,1.5131678947916507,1.5131678947916507,1.5131678947916507,1.5131678947916507,1.5131678947916507,1.5131678947916507,1.5131678947916507,1.5131678947916507,1.5131678947916507,1.5131678947916507,1.5131678947916507,1.5131678947916507,1.5131678947916507,1.5131678947916507,1.5131678947916507,1.5131678947916507,1.5131678947916507,1.5131678947916507,1.5131678947916507,1.5131678947916507,1.5131678947916507,1.5131678947916507,1.5131678947916507
1.4159023565404145,1.4159023565404145,1.4159023565404145,1.4159023565404145,1.4159023565404145,1.415902356540414,1.4159023565404145,1.4159023565404145,1.4159023565404145,1.4159023565404145,1.4159023565404145,1.4159023565404145,1.4159023565404145,1.415902356540414,1.4159023565404145,1.4159023565404145,1.4159023565404145,1.4159023565404145,1.4159023565404145,1.4159023565404145,1.4159023565404145,1.4159023565404145,1.4159023565404145,1.4159023565404145,1.4159023565404145,1.4159023565404145,1.4159023565404145,1.4159023565404145,1.4159023565404145,1.4159023565404145
1.6679953214115695,1.6679953214115695,1.6679953214115695,1.6679953214115695,1.6679953214115697,1.6679953214115697,1.6679953214115695,1.6679953214115695,1.6679953214115695,1.6679953214115695,1.6679953214115697,1.6679953214115695,1.6679953214115697,1.6679953214115697,1.6679953214115697,1.6679953214115697,1.6679953214115695,1.6679953214115695,1.6679953214115697,1.6679953214115695,1.6679953214115695,1.6679953214115695,1.6679953214115695,1.6679953214115695,1.6679953214115695,1.6679953214115695,1.6679953214115695,1.6679953214115695,1.6679953214115695,1.6679953214115697
1.1371979016250249,1.1371979016250249,1.1371979016250249,1.1371979016250249,1.1371979016250249,1.1371979016250249,1.1371979016250249,1.1371979016250249,1.1371979016250249,1.1371979016250249,1.1371979016250249,1.1371979016250249,1.1371979016250249,1.1371979016250249,1.1371979016250249,1.1371979016250249,1.1371979016250249,1.1371979016250249,1.1371979016250249,1.1371979016250249,1.1371979016250249,1.1371979016250249,1.1371979016250249,1.1371979016250249,1.1371979016250249,1.1371979016250249,1.1371979016250249,1.1371979016250249,1.1371979016250249,1.1371979016250249
1.306468230277786,1.306468230277786,1.306468230277786,1.306468230277786,1.306468230277786,1.306468230277786,1.306468230277786,1.306468230277786,1.306468230277786,1.306468230277786,1.306468230277786,1.306468230277786,1.306468230277786,1.306468230277786,1.306468230277786,1.306468230277786,1.306468230277786,1.306468230277786,1.306468230277786,1.306468230277786,1.306468230277786,1.306468230277786,1.306468230277786,1.306468230277786,1.306468230277786,1.306468230277786,1.306468230277786,1.306468230277786,1.306468230277786,1.306468230277786
1.7889298188104827,1.7889298188104827,1.7889298188104827,1.7889298188104827,1.7889298188104827,1.788929818810483,1.7889298188104827,1.7889298188104827,1.7889298188104827,1.7889298188104827,1.7889298188104827,1.7889298188104827,1.7889298188104827,1.788929818810483,1.7889298188104825,1.7889298188104827,1.7889298188104827,1.7889298188104827,1.7889298188104827,1.7889298188104827,1.7889298188104827,1.7889298188104827,1.7889298188104827,1.7889298188104827,1.7889298188104827,1.7889298188104827,1.7889298188104827,1.7889298188104827,1.7889298188104827,1.788929818810483
1.7011186356295487,1.7011186356295487,1.7011186356295487,1.7011186356295487,1.7011186356295487,1.7011186356295482,1.7011186356295487,1.7011186356295487,1.7011186356295487,1.7011186356295487,1.7011186356295487,1.7011186356295487,1.7011186356295487,1.7011186356295482,1.7011186356295487,1.7011186356295487,1.7011186356295487,1.7011186356295487,1.7011186356295487,1.7011186356295487,1.7011186356295487,1.7011186356295487,1.7011186356295487,1.7011186356295487,1.7011186356295487,1.7011186356295487,1.7011186356295487,1.7011186356295487,1.7011186356295487,1.7011186356295487
1.8260148096066338,1.8260148096066338,1.8260148096066338,1.8260148096066338,1.8260148096066338,1.826014809606634,1.8260148096066338,1.8260148096066338,1.8260148096066338,1.8260148096066338,1.8260148096066338,1.826014809606634,1.8260148096066338,1.826014809606634,1.8260148096066338,1.8260148096066338,1.8260148096066338,1.8260148096066338,1.8260148096066338,1.8260148096066338,1.8260148096066338,1.8260148096066338,1.8260148096066335,1.826014809606634,1.8260148096066338,1.8260148096066338,1.8260148096066338,1.8260148096066338,1.8260148096066338,1.8260148096066338
1.902710657653739,1.9027106576537387,1.9027106576537387,1.9027106576537387,1.9027106576537387,1.9027106576537385,1.9027106576537387,1.9027106576537387,1.9027106576537387,1.9027106576537387,1.9027106576537387,1.9027106576537385,1.9027106576537387,1.9027106576537385,1.9027106576537387,1.9027106576537385,1.9027106576537385,1.9027106576537387,1.9027106576537387,1.9027106576537387,1.9027106576537387,1.9027106576537385,1.9027106576537387,1.9027106576537387,1.9027106576537387,1.9027106576537387,1.9027106576537387,1.9027106576537387,1.9027106576537387,1.9027106576537387
1.3070325137472034,1.3070325137472034,1.3070325137472034,1.3070325137472034,1.3070325137472034,1.3070325137472034,1.3070325137472034,1.3070325137472034,1.3070325137472034,1.3070325137472034,1.3070325137472034,1.3070325137472034,1.3070325137472034,1.3070325137472034,1.3070325137472034,1.3070325137472034,1.3070325137472034,1.3070325137472034,1.3070325137472034,1.3070325137472034,1.3070325137472034,1.3070325137472034,1.3070325137472034,1.3070325137472034,1.3070325137472034,1.3070325137472034,1.3070325137472034,1.3070325137472034,1.3070325137472034,1.3070325137472034
0.0,0.0,0.0,0.0,0.0,0.0,0.0,0.0,0.0,0.0,0.0,0.0,0.0,0.0,0.0,0.0,0.0,0.0,0.0,0.0,0.0,0.0,0.0,0.0,0.0,0.0,0.0,0.0,0.0,0.0
0.0,0.0,0.0,0.0,0.0,0.0,0.0,0.0,0.0,0.0,0.0,0.0,0.0,0.0,0.0,0.0,0.0,0.0,0.0,0.0,0.0,0.0,0.0,0.0,0.0,0.0,0.0,0.0,0.0,0.0
0.0,0.0,0.0,0.0,0.0,0.0,0.0,0.0,0.0,0.0,0.0,0.0,0.0,0.0,0.0,0.0,0.0,0.0,0.0,0.0,0.0,0.0,0.0,0.0,0.0,0.0,0.0,0.0,0.0,0.0
0.0,0.0,0.0,0.0,0.0,0.0,0.0,0.0,0.0,0.0,0.0,0.0,0.0,0.0,0.0,0.0,0.0,0.0,0.0,0.0,0.0,0.0,0.0,0.0,0.0,0.0,0.0,0.0,0.0,0.0
0.0,0.0,0.0,0.0,0.0,0.0,0.0,0.0,0.0,0.0,0.0,0.0,0.0,0.0,0.0,0.0,0.0,0.0,0.0,0.0,0.0,0.0,0.0,0.0,0.0,0.0,0.0,0.0,0.0,0.0
0.0,0.0,0.0,0.0,0.0,0.0,0.0,0.0,0.0,0.0,0.0,0.0,0.0,0.0,0.0,0.0,0.0,0.0,0.0,0.0,0.0,0.0,0.0,0.0,0.0,0.0,0.0,0.0,0.0,0.0
0.0,0.0,0.0,0.0,0.0,0.0,0.0,0.0,0.0,0.0,0.0,0.0,0.0,0.0,0.0,0.0,0.0,0.0,0.0,0.0,0.0,0.0,0.0,0.0,0.0,0.0,0.0,0.0,0.0,0.0
0.0,0.0,0.0,0.0,0.0,0.0,0.0,0.0,0.0,0.0,0.0,0.0,0.0,0.0,0.0,0.0,0.0,0.0,0.0,0.0,0.0,0.0,0.0,0.0,0.0,0.0,0.0,0.0,0.0,0.0
0.0,0.0,0.0,0.0,0.0,0.0,0.0,0.0,0.0,0.0,0.0,0.0,0.0,0.0,0.0,0.0,0.0,0.0,0.0,0.0,0.0,0.0,0.0,0.0,0.0,0.0,0.0,0.0,0.0,0.0
0.0,0.0,0.0,0.0,0.0,0.0,0.0,0.0,0.0,0.0,0.0,0.0,0.0,0.0,0.0,0.0,0.0,0.0,0.0,0.0,0.0,0.0,0.0,0.0,0.0,0.0,0.0,0.0,0.0,0.0
0.0,0.0,0.0,0.0,0.0,0.0,0.0,0.0,0.0,0.0,0.0,0.0,0.0,0.0,0.0,0.0,0.0,0.0,0.0,0.0,0.0,0.0,0.0,0.0,0.0,0.0,0.0,0.0,0.0,0.0
0.0,0.0,0.0,0.0,0.0,0.0,0.0,0.0,0.0,0.0,0.0,0.0,0.0,0.0,0.0,0.0,0.0,0.0,0.0,0.0,0.0,0.0,0.0,0.0,0.0,0.0,0.0,0.0,0.0,0.0
0.0,0.0,0.0,0.0,0.0,0.0,0.0,0.0,0.0,0.0,0.0,0.0,0.0,0.0,0.0,0.0,0.0,0.0,0.0,0.0,0.0,0.0,0.0,0.0,0.0,0.0,0.0,0.0,0.0,0.0
0.0,0.0,0.0,0.0,0.0,0.0,0.0,0.0,0.0,0.0,0.0,0.0,0.0,0.0,0.0,0.0,0.0,0.0,0.0,0.0,0.0,0.0,0.0,0.0,0.0,0.0,0.0,0.0,0.0,0.0
0.0,0.0,0.0,0.0,0.0,0.0,0.0,0.0,0.0,0.0,0.0,0.0,0.0,0.0,0.0,0.0,0.0,0.0,0.0,0.0,0.0,0.0,0.0,0.0,0.0,0.0,0.0,0.0,0.0,0.0
0.0,0.0,0.0,0.0,0.0,0.0,0.0,0.0,0.0,0.0,0.0,0.0,0.0,0.0,0.0,0.0,0.0,0.0,0.0,0.0,0.0,0.0,0.0,0.0,0.0,0.0,0.0,0.0,0.0,0.0
0.0,0.0,0.0,0.0,0.0,0.0,0.0,0.0,0.0,0.0,0.0,0.0,0.0,0.0,0.0,0.0,0.0,0.0,0.0,0.0,0.0,0.0,0.0,0.0,0.0,0.0,0.0,0.0,0.0,0.0
0.0,0.0,0.0,0.0,0.0,0.0,0.0,0.0,0.0,0.0,0.0,0.0,0.0,0.0,0.0,0.0,0.0,0.0,0.0,0.0,0.0,0.0,0.0,0.0,0.0,0.0,0.0,0.0,0.0,0.0
0.0,0.0,0.0,0.0,0.0,0.0,0.0,0.0,0.0,0.0,0.0,0.0,0.0,0.0,0.0,0.0,0.0,0.0,0.0,0.0,0.0,0.0,0.0,0.0,0.0,0.0,0.0,0.0,0.0,0.0
0.0,0.0,0.0,0.0,0.0,0.0,0.0,0.0,0.0,0.0,0.0,0.0,0.0,0.0,0.0,0.0,0.0,0.0,0.0,0.0,0.0,0.0,0.0,0.0,0.0,0.0,0.0,0.0,0.0,0.0
0.0,0.0,0.0,0.0,0.0,0.0,0.0,0.0,0.0,0.0,0.0,0.0,0.0,0.0,0.0,0.0,0.0,0.0,0.0,0.0,0.0,0.0,0.0,0.0,0.0,0.0,0.0,0.0,0.0,0.0
0.0,0.0,0.0,0.0,0.0,0.0,0.0,0.0,0.0,0.0,0.0,0.0,0.0,0.0,0.0,0.0,0.0,0.0,0.0,0.0,0.0,0.0,0.0,0.0,0.0,0.0,0.0,0.0,0.0,0.0
0.0,0.0,0.0,0.0,0.0,0.0,0.0,0.0,0.0,0.0,0.0,0.0,0.0,0.0,0.0,0.0,0.0,0.0,0.0,0.0,0.0,0.0,0.0,0.0,0.0,0.0,0.0,0.0,0.0,0.0
0.0,0.0,0.0,0.0,0.0,0.0,0.0,0.0,0.0,0.0,0.0,0.0,0.0,0.0,0.0,0.0,0.0,0.0,0.0,0.0,0.0,0.0,0.0,0.0,0.0,0.0,0.0,0.0,0.0,0.0
0.0,0.0,0.0,0.0,0.0,0.0,0.0,0.0,0.0,0.0,0.0,0.0,0.0,0.0,0.0,0.0,0.0,0.0,0.0,0.0,0.0,0.0,0.0,0.0,0.0,0.0,0.0,0.0,0.0,0.0
0.0,0.0,0.0,0.0,0.0,0.0,0.0,0.0,0.0,0.0,0.0,0.0,0.0,0.0,0.0,0.0,0.0,0.0,0.0,0.0,0.0,0.0,0.0,0.0,0.0,0.0,0.0,0.0,0.0,0.0
0.0,0.0,0.0,0.0,0.0,0.0,0.0,0.0,0.0,0.0,0.0,0.0,0.0,0.0,0.0,0.0,0.0,0.0,0.0,0.0,0.0,0.0,0.0,0.0,0.0,0.0,0.0,0.0,0.0,0.0
0.0,0.0,0.0,0.0,0.0,0.0,0.0,0.0,0.0,0.0,0.0,0.0,0.0,0.0,0.0,0.0,0.0,0.0,0.0,0.0,0.0,0.0,0.0,0.0,0.0,0.0,0.0,0.0,0.0,0.0
0.0,0.0,0.0,0.0,0.0,0.0,0.0,0.0,0.0,0.0,0.0,0.0,0.0,0.0,0.0,0.0,0.0,0.0,0.0,0.0,0.0,0.0,0.0,0.0,0.0,0.0,0.0,0.0,0.0,0.0
0.0,0.0,0.0,0.0,0.0,0.0,0.0,0.0,0.0,0.0,0.0,0.0,0.0,0.0,0.0,0.0,0.0,0.0,0.0,0.0,0.0,0.0,0.0,0.0,0.0,0.0,0.0,0.0,0.0,0.0
0.0,0.0,0.0,0.0,0.0,0.0,0.0,0.0,0.0,0.0,0.0,0.0,0.0,0.0,0.0,0.0,0.0,0.0,0.0,0.0,0.0,0.0,0.0,0.0,0.0,0.0,0.0,0.0,0.0,0.0
0.0,0.0,0.0,0.0,0.0,0.0,0.0,0.0,0.0,0.0,0.0,0.0,0.0,0.0,0.0,0.0,0.0,0.0,0.0,0.0,0.0,0.0,0.0,0.0,0.0,0.0,0.0,0.0,0.0,0.0
0.0,0.0,0.0,0.0,0.0,0.0,0.0,0.0,0.0,0.0,0.0,0.0,0.0,0.0,0.0,0.0,0.0,0.0,0.0,0.0,0.0,0.0,0.0,0.0,0.0,0.0,0.0,0.0,0.0,0.0
0.0,0.0,0.0,0.0,0.0,0.0,0.0,0.0,0.0,0.0,0.0,0.0,0.0,0.0,0.0,0.0,0.0,0.0,0.0,0.0,0.0,0.0,0.0,0.0,0.0,0.0,0.0,0.0,0.0,0.0
0.0,0.0,0.0,0.0,0.0,0.0,0.0,0.0,0.0,0.0,0.0,0.0,0.0,0.0,0.0,0.0,0.0,0.0,0.0,0.0,0.0,0.0,0.0,0.0,0.0,0.0,0.0,0.0,0.0,0.0
0.0,0.0,0.0,0.0,0.0,0.0,0.0,0.0,0.0,0.0,0.0,0.0,0.0,0.0,0.0,0.0,0.0,0.0,0.0,0.0,0.0,0.0,0.0,0.0,0.0,0.0,0.0,0.0,0.0,0.0
0.0,0.0,0.0,0.0,0.0,0.0,0.0,0.0,0.0,0.0,0.0,0.0,0.0,0.0,0.0,0.0,0.0,0.0,0.0,0.0,0.0,0.0,0.0,0.0,0.0,0.0,0.0,0.0,0.0,0.0
0.0,0.0,0.0,0.0,0.0,0.0,0.0,0.0,0.0,0.0,0.0,0.0,0.0,0.0,0.0,0.0,0.0,0.0,0.0,0.0,0.0,0.0,0.0,0.0,0.0,0.0,0.0,0.0,0.0,0.0
0.0,0.0,0.0,0.0,0.0,0.0,0.0,0.0,0.0,0.0,0.0,0.0,0.0,0.0,0.0,0.0,0.0,0.0,0.0,0.0,0.0,0.0,0.0,0.0,0.0,0.0,0.0,0.0,0.0,0.0
0.0,0.0,0.0,0.0,0.0,0.0,0.0,0.0,0.0,0.0,0.0,0.0,0.0,0.0,0.0,0.0,0.0,0.0,0.0,0.0,0.0,0.0,0.0,0.0,0.0,0.0,0.0,0.0,0.0,0.0
0.0,0.0,0.0,0.0,0.0,0.0,0.0,0.0,0.0,0.0,0.0,0.0,0.0,0.0,0.0,0.0,0.0,0.0,0.0,0.0,0.0,0.0,0.0,0.0,0.0,0.0,0.0,0.0,0.0,0.0
0.0,0.0,0.0,0.0,0.0,0.0,0.0,0.0,0.0,0.0,0.0,0.0,0.0,0.0,0.0,0.0,0.0,0.0,0.0,0.0,0.0,0.0,0.0,0.0,0.0,0.0,0.0,0.0,0.0,0.0
0.0,0.0,0.0,0.0,0.0,0.0,0.0,0.0,0.0,0.0,0.0,0.0,0.0,0.0,0.0,0.0,0.0,0.0,0.0,0.0,0.0,0.0,0.0,0.0,0.0,0.0,0.0,0.0,0.0,0.0
0.0,0.0,0.0,0.0,0.0,0.0,0.0,0.0,0.0,0.0,0.0,0.0,0.0,0.0,0.0,0.0,0.0,0.0,0.0,0.0,0.0,0.0,0.0,0.0,0.0,0.0,0.0,0.0,0.0,0.0
0.0,0.0,0.0,0.0,0.0,0.0,0.0,0.0,0.0,0.0,0.0,0.0,0.0,0.0,0.0,0.0,0.0,0.0,0.0,0.0,0.0,0.0,0.0,0.0,0.0,0.0,0.0,0.0,0.0,0.0
0.0,0.0,0.0,0.0,0.0,0.0,0.0,0.0,0.0,0.0,0.0,0.0,0.0,0.0,0.0,0.0,0.0,0.0,0.0,0.0,0.0,0.0,0.0,0.0,0.0,0.0,0.0,0.0,0.0,0.0
0.0,0.0,0.0,0.0,0.0,0.0,0.0,0.0,0.0,0.0,0.0,0.0,0.0,0.0,0.0,0.0,0.0,0.0,0.0,0.0,0.0,0.0,0.0,0.0,0.0,0.0,0.0,0.0,0.0,0.0
0.0,0.0,0.0,0.0,0.0,0.0,0.0,0.0,0.0,0.0,0.0,0.0,0.0,0.0,0.0,0.0,0.0,0.0,0.0,0.0,0.0,0.0,0.0,0.0,0.0,0.0,0.0,0.0,0.0,0.0
0.0,0.0,0.0,0.0,0.0,0.0,0.0,0.0,0.0,0.0,0.0,0.0,0.0,0.0,0.0,0.0,0.0,0.0,0.0,0.0,0.0,0.0,0.0,0.0,0.0,0.0,0.0,0.0,0.0,0.0
0.0,0.0,0.0,0.0,0.0,0.0,0.0,0.0,0.0,0.0,0.0,0.0,0.0,0.0,0.0,0.0,0.0,0.0,0.0,0.0,0.0,0.0,0.0,0.0,0.0,0.0,0.0,0.0,0.0,0.0
0.0,0.0,0.0,0.0,0.0,0.0,0.0,0.0,0.0,0.0,0.0,0.0,0.0,0.0,0.0,0.0,0.0,0.0,0.0,0.0,0.0,0.0,0.0,0.0,0.0,0.0,0.0,0.0,0.0,0.0
0.0,0.0,0.0,0.0,0.0,0.0,0.0,0.0,0.0,0.0,0.0,0.0,0.0,0.0,0.0,0.0,0.0,0.0,0.0,0.0,0.0,0.0,0.0,0.0,0.0,0.0,0.0,0.0,0.0,0.0
0.0,0.0,0.0,0.0,0.0,0.0,0.0,0.0,0.0,0.0,0.0,0.0,0.0,0.0,0.0,0.0,0.0,0.0,0.0,0.0,0.0,0.0,0.0,0.0,0.0,0.0,0.0,0.0,0.0,0.0
0.0,0.0,0.0,0.0,0.0,0.0,0.0,0.0,0.0,0.0,0.0,0.0,0.0,0.0,0.0,0.0,0.0,0.0,0.0,0.0,0.0,0.0,0.0,0.0,0.0,0.0,0.0,0.0,0.0,0.0
0.0,0.0,0.0,0.0,0.0,0.0,0.0,0.0,0.0,0.0,0.0,0.0,0.0,0.0,0.0,0.0,0.0,0.0,0.0,0.0,0.0,0.0,0.0,0.0,0.0,0.0,0.0,0.0,0.0,0.0
0.0,0.0,0.0,0.0,0.0,0.0,0.0,0.0,0.0,0.0,0.0,0.0,0.0,0.0,0.0,0.0,0.0,0.0,0.0,0.0,0.0,0.0,0.0,0.0,0.0,0.0,0.0,0.0,0.0,0.0
0.0,0.0,0.0,0.0,0.0,0.0,0.0,0.0,0.0,0.0,0.0,0.0,0.0,0.0,0.0,0.0,0.0,0.0,0.0,0.0,0.0,0.0,0.0,0.0,0.0,0.0,0.0,0.0,0.0,0.0
0.0,0.0,0.0,0.0,0.0,0.0,0.0,0.0,0.0,0.0,0.0,0.0,0.0,0.0,0.0,0.0,0.0,0.0,0.0,0.0,0.0,0.0,0.0,0.0,0.0,0.0,0.0,0.0,0.0,0.0
0.0,0.0,0.0,0.0,0.0,0.0,0.0,0.0,0.0,0.0,0.0,0.0,0.0,0.0,0.0,0.0,0.0,0.0,0.0,0.0,0.0,0.0,0.0,0.0,0.0,0.0,0.0,0.0,0.0,0.0
0.0,0.0,0.0,0.0,0.0,0.0,0.0,0.0,0.0,0.0,0.0,0.0,0.0,0.0,0.0,0.0,0.0,0.0,0.0,0.0,0.0,0.0,0.0,0.0,0.0,0.0,0.0,0.0,0.0,0.0
0.0,0.0,0.0,0.0,0.0,0.0,0.0,0.0,0.0,0.0,0.0,0.0,0.0,0.0,0.0,0.0,0.0,0.0,0.0,0.0,0.0,0.0,0.0,0.0,0.0,0.0,0.0,0.0,0.0,0.0
0.0,0.0,0.0,0.0,0.0,0.0,0.0,0.0,0.0,0.0,0.0,0.0,0.0,0.0,0.0,0.0,0.0,0.0,0.0,0.0,0.0,0.0,0.0,0.0,0.0,0.0,0.0,0.0,0.0,0.0
0.0,0.0,0.0,0.0,0.0,0.0,0.0,0.0,0.0,0.0,0.0,0.0,0.0,0.0,0.0,0.0,0.0,0.0,0.0,0.0,0.0,0.0,0.0,0.0,0.0,0.0,0.0,0.0,0.0,0.0
0.0,0.0,0.0,0.0,0.0,0.0,0.0,0.0,0.0,0.0,0.0,0.0,0.0,0.0,0.0,0.0,0.0,0.0,0.0,0.0,0.0,0.0,0.0,0.0,0.0,0.0,0.0,0.0,0.0,0.0
0.0,0.0,0.0,0.0,0.0,0.0,0.0,0.0,0.0,0.0,0.0,0.0,0.0,0.0,0.0,0.0,0.0,0.0,0.0,0.0,0.0,0.0,0.0,0.0,0.0,0.0,0.0,0.0,0.0,0.0
0.0,0.0,0.0,0.0,0.0,0.0,0.0,0.0,0.0,0.0,0.0,0.0,0.0,0.0,0.0,0.0,0.0,0.0,0.0,0.0,0.0,0.0,0.0,0.0,0.0,0.0,0.0,0.0,0.0,0.0
0.0,0.0,0.0,0.0,0.0,0.0,0.0,0.0,0.0,0.0,0.0,0.0,0.0,0.0,0.0,0.0,0.0,0.0,0.0,0.0,0.0,0.0,0.0,0.0,0.0,0.0,0.0,0.0,0.0,0.0
0.0,0.0,0.0,0.0,0.0,0.0,0.0,0.0,0.0,0.0,0.0,0.0,0.0,0.0,0.0,0.0,0.0,0.0,0.0,0.0,0.0,0.0,0.0,0.0,0.0,0.0,0.0,0.0,0.0,0.0
0.0,0.0,0.0,0.0,0.0,0.0,0.0,0.0,0.0,0.0,0.0,0.0,0.0,0.0,0.0,0.0,0.0,0.0,0.0,0.0,0.0,0.0,0.0,0.0,0.0,0.0,0.0,0.0,0.0,0.0
0.0,0.0,0.0,0.0,0.0,0.0,0.0,0.0,0.0,0.0,0.0,0.0,0.0,0.0,0.0,0.0,0.0,0.0,0.0,0.0,0.0,0.0,0.0,0.0,0.0,0.0,0.0,0.0,0.0,0.0
0.0,0.0,0.0,0.0,0.0,0.0,0.0,0.0,0.0,0.0,0.0,0.0,0.0,0.0,0.0,0.0,0.0,0.0,0.0,0.0,0.0,0.0,0.0,0.0,0.0,0.0,0.0,0.0,0.0,0.0
0.0,0.0,0.0,0.0,0.0,0.0,0.0,0.0,0.0,0.0,0.0,0.0,0.0,0.0,0.0,0.0,0.0,0.0,0.0,0.0,0.0,0.0,0.0,0.0,0.0,0.0,0.0,0.0,0.0,0.0
0.0,0.0,0.0,0.0,0.0,0.0,0.0,0.0,0.0,0.0,0.0,0.0,0.0,0.0,0.0,0.0,0.0,0.0,0.0,0.0,0.0,0.0,0.0,0.0,0.0,0.0,0.0,0.0,0.0,0.0
0.0,0.0,0.0,0.0,0.0,0.0,0.0,0.0,0.0,0.0,0.0,0.0,0.0,0.0,0.0,0.0,0.0,0.0,0.0,0.0,0.0,0.0,0.0,0.0,0.0,0.0,0.0,0.0,0.0,0.0
0.0,0.0,0.0,0.0,0.0,0.0,0.0,0.0,0.0,0.0,0.0,0.0,0.0,0.0,0.0,0.0,0.0,0.0,0.0,0.0,0.0,0.0,0.0,0.0,0.0,0.0,0.0,0.0,0.0,0.0
0.0,0.0,0.0,0.0,0.0,0.0,0.0,0.0,0.0,0.0,0.0,0.0,0.0,0.0,0.0,0.0,0.0,0.0,0.0,0.0,0.0,0.0,0.0,0.0,0.0,0.0,0.0,0.0,0.0,0.0
0.0,0.0,0.0,0.0,0.0,0.0,0.0,0.0,0.0,0.0,0.0,0.0,0.0,0.0,0.0,0.0,0.0,0.0,0.0,0.0,0.0,0.0,0.0,0.0,0.0,0.0,0.0,0.0,0.0,0.0
0.0,0.0,0.0,0.0,0.0,0.0,0.0,0.0,0.0,0.0,0.0,0.0,0.0,0.0,0.0,0.0,0.0,0.0,0.0,0.0,0.0,0.0,0.0,0.0,0.0,0.0,0.0,0.0,0.0,0.0
0.0,0.0,0.0,0.0,0.0,0.0,0.0,0.0,0.0,0.0,0.0,0.0,0.0,0.0,0.0,0.0,0.0,0.0,0.0,0.0,0.0,0.0,0.0,0.0,0.0,0.0,0.0,0.0,0.0,0.0
0.0,0.0,0.0,0.0,0.0,0.0,0.0,0.0,0.0,0.0,0.0,0.0,0.0,0.0,0.0,0.0,0.0,0.0,0.0,0.0,0.0,0.0,0.0,0.0,0.0,0.0,0.0,0.0,0.0,0.0
0.0,0.0,0.0,0.0,0.0,0.0,0.0,0.0,0.0,0.0,0.0,0.0,0.0,0.0,0.0,0.0,0.0,0.0,0.0,0.0,0.0,0.0,0.0,0.0,0.0,0.0,0.0,0.0,0.0,0.0
0.0,0.0,0.0,0.0,0.0,0.0,0.0,0.0,0.0,0.0,0.0,0.0,0.0,0.0,0.0,0.0,0.0,0.0,0.0,0.0,0.0,0.0,0.0,0.0,0.0,0.0,0.0,0.0,0.0,0.0
0.0,0.0,0.0,0.0,0.0,0.0,0.0,0.0,0.0,0.0,0.0,0.0,0.0,0.0,0.0,0.0,0.0,0.0,0.0,0.0,0.0,0.0,0.0,0.0,0.0,0.0,0.0,0.0,0.0,0.0
0.0,0.0,0.0,0.0,0.0,0.0,0.0,0.0,0.0,0.0,0.0,0.0,0.0,0.0,0.0,0.0,0.0,0.0,0.0,0.0,0.0,0.0,0.0,0.0,0.0,0.0,0.0,0.0,0.0,0.0
0.0,0.0,0.0,0.0,0.0,0.0,0.0,0.0,0.0,0.0,0.0,0.0,0.0,0.0,0.0,0.0,0.0,0.0,0.0,0.0,0.0,0.0,0.0,0.0,0.0,0.0,0.0,0.0,0.0,0.0
0.0,0.0,0.0,0.0,0.0,0.0,0.0,0.0,0.0,0.0,0.0,0.0,0.0,0.0,0.0,0.0,0.0,0.0,0.0,0.0,0.0,0.0,0.0,0.0,0.0,0.0,0.0,0.0,0.0,0.0
0.0,0.0,0.0,0.0,0.0,0.0,0.0,0.0,0.0,0.0,0.0,0.0,0.0,0.0,0.0,0.0,0.0,0.0,0.0,0.0,0.0,0.0,0.0,0.0,0.0,0.0,0.0,0.0,0.0,0.0
0.0,0.0,0.0,0.0,0.0,0.0,0.0,0.0,0.0,0.0,0.0,0.0,0.0,0.0,0.0,0.0,0.0,0.0,0.0,0.0,0.0,0.0,0.0,0.0,0.0,0.0,0.0,0.0,0.0,0.0
0.0,0.0,0.0,0.0,0.0,0.0,0.0,0.0,0.0,0.0,0.0,0.0,0.0,0.0,0.0,0.0,0.0,0.0,0.0,0.0,0.0,0.0,0.0,0.0,0.0,0.0,0.0,0.0,0.0,0.0
0.0,0.0,0.0,0.0,0.0,0.0,0.0,0.0,0.0,0.0,0.0,0.0,0.0,0.0,0.0,0.0,0.0,0.0,0.0,0.0,0.0,0.0,0.0,0.0,0.0,0.0,0.0,0.0,0.0,0.0
0.0,0.0,0.0,0.0,0.0,0.0,0.0,0.0,0.0,0.0,0.0,0.0,0.0,0.0,0.0,0.0,0.0,0.0,0.0,0.0,0.0,0.0,0.0,0.0,0.0,0.0,0.0,0.0,0.0,0.0
0.0,0.0,0.0,0.0,0.0,0.0,0.0,0.0,0.0,0.0,0.0,0.0,0.0,0.0,0.0,0.0,0.0,0.0,0.0,0.0,0.0,0.0,0.0,0.0,0.0,0.0,0.0,0.0,0.0,0.0
0.0,0.0,0.0,0.0,0.0,0.0,0.0,0.0,0.0,0.0,0.0,0.0,0.0,0.0,0.0,0.0,0.0,0.0,0.0,0.0,0.0,0.0,0.0,0.0,0.0,0.0,0.0,0.0,0.0,0.0
0.0,0.0,0.0,0.0,0.0,0.0,0.0,0.0,0.0,0.0,0.0,0.0,0.0,0.0,0.0,0.0,0.0,0.0,0.0,0.0,0.0,0.0,0.0,0.0,0.0,0.0,0.0,0.0,0.0,0.0
0.0,0.0,0.0,0.0,0.0,0.0,0.0,0.0,0.0,0.0,0.0,0.0,0.0,0.0,0.0,0.0,0.0,0.0,0.0,0.0,0.0,0.0,0.0,0.0,0.0,0.0,0.0,0.0,0.0,0.0
0.0,0.0,0.0,0.0,0.0,0.0,0.0,0.0,0.0,0.0,0.0,0.0,0.0,0.0,0.0,0.0,0.0,0.0,0.0,0.0,0.0,0.0,0.0,0.0,0.0,0.0,0.0,0.0,0.0,0.0
0.0,0.0,0.0,0.0,0.0,0.0,0.0,0.0,0.0,0.0,0.0,0.0,0.0,0.0,0.0,0.0,0.0,0.0,0.0,0.0,0.0,0.0,0.0,0.0,0.0,0.0,0.0,0.0,0.0,0.0
0.0,0.0,0.0,0.0,0.0,0.0,0.0,0.0,0.0,0.0,0.0,0.0,0.0,0.0,0.0,0.0,0.0,0.0,0.0,0.0,0.0,0.0,0.0,0.0,0.0,0.0,0.0,0.0,0.0,0.0
0.0,0.0,0.0,0.0,0.0,0.0,0.0,0.0,0.0,0.0,0.0,0.0,0.0,0.0,0.0,0.0,0.0,0.0,0.0,0.0,0.0,0.0,0.0,0.0,0.0,0.0,0.0,0.0,0.0,0.0
0.0,0.0,0.0,0.0,0.0,0.0,0.0,0.0,0.0,0.0,0.0,0.0,0.0,0.0,0.0,0.0,0.0,0.0,0.0,0.0,0.0,0.0,0.0,0.0,0.0,0.0,0.0,0.0,0.0,0.0
0.0,0.0,0.0,0.0,0.0,0.0,0.0,0.0,0.0,0.0,0.0,0.0,0.0,0.0,0.0,0.0,0.0,0.0,0.0,0.0,0.0,0.0,0.0,0.0,0.0,0.0,0.0,0.0,0.0,0.0
0.0,0.0,0.0,0.0,0.0,0.0,0.0,0.0,0.0,0.0,0.0,0.0,0.0,0.0,0.0,0.0,0.0,0.0,0.0,0.0,0.0,0.0,0.0,0.0,0.0,0.0,0.0,0.0,0.0,0.0
0.0,0.0,0.0,0.0,0.0,0.0,0.0,0.0,0.0,0.0,0.0,0.0,0.0,0.0,0.0,0.0,0.0,0.0,0.0,0.0,0.0,0.0,0.0,0.0,0.0,0.0,0.0,0.0,0.0,0.0
0.0,0.0,0.0,0.0,0.0,0.0,0.0,0.0,0.0,0.0,0.0,0.0,0.0,0.0,0.0,0.0,0.0,0.0,0.0,0.0,0.0,0.0,0.0,0.0,0.0,0.0,0.0,0.0,0.0,0.0
0.0,0.0,0.0,0.0,0.0,0.0,0.0,0.0,0.0,0.0,0.0,0.0,0.0,0.0,0.0,0.0,0.0,0.0,0.0,0.0,0.0,0.0,0.0,0.0,0.0,0.0,0.0,0.0,0.0,0.0
0.0,0.0,0.0,0.0,0.0,0.0,0.0,0.0,0.0,0.0,0.0,0.0,0.0,0.0,0.0,0.0,0.0,0.0,0.0,0.0,0.0,0.0,0.0,0.0,0.0,0.0,0.0,0.0,0.0,0.0
0.0,0.0,0.0,0.0,0.0,0.0,0.0,0.0,0.0,0.0,0.0,0.0,0.0,0.0,0.0,0.0,0.0,0.0,0.0,0.0,0.0,0.0,0.0,0.0,0.0,0.0,0.0,0.0,0.0,0.0
0.0,0.0,0.0,0.0,0.0,0.0,0.0,0.0,0.0,0.0,0.0,0.0,0.0,0.0,0.0,0.0,0.0,0.0,0.0,0.0,0.0,0.0,0.0,0.0,0.0,0.0,0.0,0.0,0.0,0.0
0.0,0.0,0.0,0.0,0.0,0.0,0.0,0.0,0.0,0.0,0.0,0.0,0.0,0.0,0.0,0.0,0.0,0.0,0.0,0.0,0.0,0.0,0.0,0.0,0.0,0.0,0.0,0.0,0.0,0.0
0.0,0.0,0.0,0.0,0.0,0.0,0.0,0.0,0.0,0.0,0.0,0.0,0.0,0.0,0.0,0.0,0.0,0.0,0.0,0.0,0.0,0.0,0.0,0.0,0.0,0.0,0.0,0.0,0.0,0.0
0.0,0.0,0.0,0.0,0.0,0.0,0.0,0.0,0.0,0.0,0.0,0.0,0.0,0.0,0.0,0.0,0.0,0.0,0.0,0.0,0.0,0.0,0.0,0.0,0.0,0.0,0.0,0.0,0.0,0.0
0.0,0.0,0.0,0.0,0.0,0.0,0.0,0.0,0.0,0.0,0.0,0.0,0.0,0.0,0.0,0.0,0.0,0.0,0.0,0.0,0.0,0.0,0.0,0.0,0.0,0.0,0.0,0.0,0.0,0.0
0.0,0.0,0.0,0.0,0.0,0.0,0.0,0.0,0.0,0.0,0.0,0.0,0.0,0.0,0.0,0.0,0.0,0.0,0.0,0.0,0.0,0.0,0.0,0.0,0.0,0.0,0.0,0.0,0.0,0.0
0.0,0.0,0.0,0.0,0.0,0.0,0.0,0.0,0.0,0.0,0.0,0.0,0.0,0.0,0.0,0.0,0.0,0.0,0.0,0.0,0.0,0.0,0.0,0.0,0.0,0.0,0.0,0.0,0.0,0.0
0.0,0.0,0.0,0.0,0.0,0.0,0.0,0.0,0.0,0.0,0.0,0.0,0.0,0.0,0.0,0.0,0.0,0.0,0.0,0.0,0.0,0.0,0.0,0.0,0.0,0.0,0.0,0.0,0.0,0.0
0.0,0.0,0.0,0.0,0.0,0.0,0.0,0.0,0.0,0.0,0.0,0.0,0.0,0.0,0.0,0.0,0.0,0.0,0.0,0.0,0.0,0.0,0.0,0.0,0.0,0.0,0.0,0.0,0.0,0.0
0.0,0.0,0.0,0.0,0.0,0.0,0.0,0.0,0.0,0.0,0.0,0.0,0.0,0.0,0.0,0.0,0.0,0.0,0.0,0.0,0.0,0.0,0.0,0.0,0.0,0.0,0.0,0.0,0.0,0.0
0.0,0.0,0.0,0.0,0.0,0.0,0.0,0.0,0.0,0.0,0.0,0.0,0.0,0.0,0.0,0.0,0.0,0.0,0.0,0.0,0.0,0.0,0.0,0.0,0.0,0.0,0.0,0.0,0.0,0.0
0.0,0.0,0.0,0.0,0.0,0.0,0.0,0.0,0.0,0.0,0.0,0.0,0.0,0.0,0.0,0.0,0.0,0.0,0.0,0.0,0.0,0.0,0.0,0.0,0.0,0.0,0.0,0.0,0.0,0.0
0.0,0.0,0.0,0.0,0.0,0.0,0.0,0.0,0.0,0.0,0.0,0.0,0.0,0.0,0.0,0.0,0.0,0.0,0.0,0.0,0.0,0.0,0.0,0.0,0.0,0.0,0.0,0.0,0.0,0.0
0.0,0.0,0.0,0.0,0.0,0.0,0.0,0.0,0.0,0.0,0.0,0.0,0.0,0.0,0.0,0.0,0.0,0.0,0.0,0.0,0.0,0.0,0.0,0.0,0.0,0.0,0.0,0.0,0.0,0.0
0.0,0.0,0.0,0.0,0.0,0.0,0.0,0.0,0.0,0.0,0.0,0.0,0.0,0.0,0.0,0.0,0.0,0.0,0.0,0.0,0.0,0.0,0.0,0.0,0.0,0.0,0.0,0.0,0.0,0.0
0.0,0.0,0.0,0.0,0.0,0.0,0.0,0.0,0.0,0.0,0.0,0.0,0.0,0.0,0.0,0.0,0.0,0.0,0.0,0.0,0.0,0.0,0.0,0.0,0.0,0.0,0.0,0.0,0.0,0.0
0.0,0.0,0.0,0.0,0.0,0.0,0.0,0.0,0.0,0.0,0.0,0.0,0.0,0.0,0.0,0.0,0.0,0.0,0.0,0.0,0.0,0.0,0.0,0.0,0.0,0.0,0.0,0.0,0.0,0.0
0.0,0.0,0.0,0.0,0.0,0.0,0.0,0.0,0.0,0.0,0.0,0.0,0.0,0.0,0.0,0.0,0.0,0.0,0.0,0.0,0.0,0.0,0.0,0.0,0.0,0.0,0.0,0.0,0.0,0.0
0.0,0.0,0.0,0.0,0.0,0.0,0.0,0.0,0.0,0.0,0.0,0.0,0.0,0.0,0.0,0.0,0.0,0.0,0.0,0.0,0.0,0.0,0.0,0.0,0.0,0.0,0.0,0.0,0.0,0.0
0.0,0.0,0.0,0.0,0.0,0.0,0.0,0.0,0.0,0.0,0.0,0.0,0.0,0.0,0.0,0.0,0.0,0.0,0.0,0.0,0.0,0.0,0.0,0.0,0.0,0.0,0.0,0.0,0.0,0.0
0.0,0.0,0.0,0.0,0.0,0.0,0.0,0.0,0.0,0.0,0.0,0.0,0.0,0.0,0.0,0.0,0.0,0.0,0.0,0.0,0.0,0.0,0.0,0.0,0.0,0.0,0.0,0.0,0.0,0.0
0.0,0.0,0.0,0.0,0.0,0.0,0.0,0.0,0.0,0.0,0.0,0.0,0.0,0.0,0.0,0.0,0.0,0.0,0.0,0.0,0.0,0.0,0.0,0.0,0.0,0.0,0.0,0.0,0.0,0.0
0.0,0.0,0.0,0.0,0.0,0.0,0.0,0.0,0.0,0.0,0.0,0.0,0.0,0.0,0.0,0.0,0.0,0.0,0.0,0.0,0.0,0.0,0.0,0.0,0.0,0.0,0.0,0.0,0.0,0.0
0.0,0.0,0.0,0.0,0.0,0.0,0.0,0.0,0.0,0.0,0.0,0.0,0.0,0.0,0.0,0.0,0.0,0.0,0.0,0.0,0.0,0.0,0.0,0.0,0.0,0.0,0.0,0.0,0.0,0.0
0.0,0.0,0.0,0.0,0.0,0.0,0.0,0.0,0.0,0.0,0.0,0.0,0.0,0.0,0.0,0.0,0.0,0.0,0.0,0.0,0.0,0.0,0.0,0.0,0.0,0.0,0.0,0.0,0.0,0.0
0.0,0.0,0.0,0.0,0.0,0.0,0.0,0.0,0.0,0.0,0.0,0.0,0.0,0.0,0.0,0.0,0.0,0.0,0.0,0.0,0.0,0.0,0.0,0.0,0.0,0.0,0.0,0.0,0.0,0.0
0.0,0.0,0.0,0.0,0.0,0.0,0.0,0.0,0.0,0.0,0.0,0.0,0.0,0.0,0.0,0.0,0.0,0.0,0.0,0.0,0.0,0.0,0.0,0.0,0.0,0.0,0.0,0.0,0.0,0.0
0.0,0.0,0.0,0.0,0.0,0.0,0.0,0.0,0.0,0.0,0.0,0.0,0.0,0.0,0.0,0.0,0.0,0.0,0.0,0.0,0.0,0.0,0.0,0.0,0.0,0.0,0.0,0.0,0.0,0.0
0.0,0.0,0.0,0.0,0.0,0.0,0.0,0.0,0.0,0.0,0.0,0.0,0.0,0.0,0.0,0.0,0.0,0.0,0.0,0.0,0.0,0.0,0.0,0.0,0.0,0.0,0.0,0.0,0.0,0.0
0.0,0.0,0.0,0.0,0.0,0.0,0.0,0.0,0.0,0.0,0.0,0.0,0.0,0.0,0.0,0.0,0.0,0.0,0.0,0.0,0.0,0.0,0.0,0.0,0.0,0.0,0.0,0.0,0.0,0.0
0.0,0.0,0.0,0.0,0.0,0.0,0.0,0.0,0.0,0.0,0.0,0.0,0.0,0.0,0.0,0.0,0.0,0.0,0.0,0.0,0.0,0.0,0.0,0.0,0.0,0.0,0.0,0.0,0.0,0.0
0.0,0.0,0.0,0.0,0.0,0.0,0.0,0.0,0.0,0.0,0.0,0.0,0.0,0.0,0.0,0.0,0.0,0.0,0.0,0.0,0.0,0.0,0.0,0.0,0.0,0.0,0.0,0.0,0.0,0.0
0.0,0.0,0.0,0.0,0.0,0.0,0.0,0.0,0.0,0.0,0.0,0.0,0.0,0.0,0.0,0.0,0.0,0.0,0.0,0.0,0.0,0.0,0.0,0.0,0.0,0.0,0.0,0.0,0.0,0.0
0.0,0.0,0.0,0.0,0.0,0.0,0.0,0.0,0.0,0.0,0.0,0.0,0.0,0.0,0.0,0.0,0.0,0.0,0.0,0.0,0.0,0.0,0.0,0.0,0.0,0.0,0.0,0.0,0.0,0.0
0.0,0.0,0.0,0.0,0.0,0.0,0.0,0.0,0.0,0.0,0.0,0.0,0.0,0.0,0.0,0.0,0.0,0.0,0.0,0.0,0.0,0.0,0.0,0.0,0.0,0.0,0.0,0.0,0.0,0.0
0.0,0.0,0.0,0.0,0.0,0.0,0.0,0.0,0.0,0.0,0.0,0.0,0.0,0.0,0.0,0.0,0.0,0.0,0.0,0.0,0.0,0.0,0.0,0.0,0.0,0.0,0.0,0.0,0.0,0.0
0.0,0.0,0.0,0.0,0.0,0.0,0.0,0.0,0.0,0.0,0.0,0.0,0.0,0.0,0.0,0.0,0.0,0.0,0.0,0.0,0.0,0.0,0.0,0.0,0.0,0.0,0.0,0.0,0.0,0.0
0.0,0.0,0.0,0.0,0.0,0.0,0.0,0.0,0.0,0.0,0.0,0.0,0.0,0.0,0.0,0.0,0.0,0.0,0.0,0.0,0.0,0.0,0.0,0.0,0.0,0.0,0.0,0.0,0.0,0.0
0.0,0.0,0.0,0.0,0.0,0.0,0.0,0.0,0.0,0.0,0.0,0.0,0.0,0.0,0.0,0.0,0.0,0.0,0.0,0.0,0.0,0.0,0.0,0.0,0.0,0.0,0.0,0.0,0.0,0.0
0.0,0.0,0.0,0.0,0.0,0.0,0.0,0.0,0.0,0.0,0.0,0.0,0.0,0.0,0.0,0.0,0.0,0.0,0.0,0.0,0.0,0.0,0.0,0.0,0.0,0.0,0.0,0.0,0.0,0.0
0.0,0.0,0.0,0.0,0.0,0.0,0.0,0.0,0.0,0.0,0.0,0.0,0.0,0.0,0.0,0.0,0.0,0.0,0.0,0.0,0.0,0.0,0.0,0.0,0.0,0.0,0.0,0.0,0.0,0.0
0.0,0.0,0.0,0.0,0.0,0.0,0.0,0.0,0.0,0.0,0.0,0.0,0.0,0.0,0.0,0.0,0.0,0.0,0.0,0.0,0.0,0.0,0.0,0.0,0.0,0.0,0.0,0.0,0.0,0.0
0.0,0.0,0.0,0.0,0.0,0.0,0.0,0.0,0.0,0.0,0.0,0.0,0.0,0.0,0.0,0.0,0.0,0.0,0.0,0.0,0.0,0.0,0.0,0.0,0.0,0.0,0.0,0.0,0.0,0.0
0.0,0.0,0.0,0.0,0.0,0.0,0.0,0.0,0.0,0.0,0.0,0.0,0.0,0.0,0.0,0.0,0.0,0.0,0.0,0.0,0.0,0.0,0.0,0.0,0.0,0.0,0.0,0.0,0.0,0.0
0.0,0.0,0.0,0.0,0.0,0.0,0.0,0.0,0.0,0.0,0.0,0.0,0.0,0.0,0.0,0.0,0.0,0.0,0.0,0.0,0.0,0.0,0.0,0.0,0.0,0.0,0.0,0.0,0.0,0.0
0.0,0.0,0.0,0.0,0.0,0.0,0.0,0.0,0.0,0.0,0.0,0.0,0.0,0.0,0.0,0.0,0.0,0.0,0.0,0.0,0.0,0.0,0.0,0.0,0.0,0.0,0.0,0.0,0.0,0.0
0.0,0.0,0.0,0.0,0.0,0.0,0.0,0.0,0.0,0.0,0.0,0.0,0.0,0.0,0.0,0.0,0.0,0.0,0.0,0.0,0.0,0.0,0.0,0.0,0.0,0.0,0.0,0.0,0.0,0.0
0.0,0.0,0.0,0.0,0.0,0.0,0.0,0.0,0.0,0.0,0.0,0.0,0.0,0.0,0.0,0.0,0.0,0.0,0.0,0.0,0.0,0.0,0.0,0.0,0.0,0.0,0.0,0.0,0.0,0.0
0.0,0.0,0.0,0.0,0.0,0.0,0.0,0.0,0.0,0.0,0.0,0.0,0.0,0.0,0.0,0.0,0.0,0.0,0.0,0.0,0.0,0.0,0.0,0.0,0.0,0.0,0.0,0.0,0.0,0.0
0.0,0.0,0.0,0.0,0.0,0.0,0.0,0.0,0.0,0.0,0.0,0.0,0.0,0.0,0.0,0.0,0.0,0.0,0.0,0.0,0.0,0.0,0.0,0.0,0.0,0.0,0.0,0.0,0.0,0.0
0.0,0.0,0.0,0.0,0.0,0.0,0.0,0.0,0.0,0.0,0.0,0.0,0.0,0.0,0.0,0.0,0.0,0.0,0.0,0.0,0.0,0.0,0.0,0.0,0.0,0.0,0.0,0.0,0.0,0.0
0.0,0.0,0.0,0.0,0.0,0.0,0.0,0.0,0.0,0.0,0.0,0.0,0.0,0.0,0.0,0.0,0.0,0.0,0.0,0.0,0.0,0.0,0.0,0.0,0.0,0.0,0.0,0.0,0.0,0.0
0.0,0.0,0.0,0.0,0.0,0.0,0.0,0.0,0.0,0.0,0.0,0.0,0.0,0.0,0.0,0.0,0.0,0.0,0.0,0.0,0.0,0.0,0.0,0.0,0.0,0.0,0.0,0.0,0.0,0.0
0.0,0.0,0.0,0.0,0.0,0.0,0.0,0.0,0.0,0.0,0.0,0.0,0.0,0.0,0.0,0.0,0.0,0.0,0.0,0.0,0.0,0.0,0.0,0.0,0.0,0.0,0.0,0.0,0.0,0.0
0.0,0.0,0.0,0.0,0.0,0.0,0.0,0.0,0.0,0.0,0.0,0.0,0.0,0.0,0.0,0.0,0.0,0.0,0.0,0.0,0.0,0.0,0.0,0.0,0.0,0.0,0.0,0.0,0.0,0.0
0.0,0.0,0.0,0.0,0.0,0.0,0.0,0.0,0.0,0.0,0.0,0.0,0.0,0.0,0.0,0.0,0.0,0.0,0.0,0.0,0.0,0.0,0.0,0.0,0.0,0.0,0.0,0.0,0.0,0.0
0.0,0.0,0.0,0.0,0.0,0.0,0.0,0.0,0.0,0.0,0.0,0.0,0.0,0.0,0.0,0.0,0.0,0.0,0.0,0.0,0.0,0.0,0.0,0.0,0.0,0.0,0.0,0.0,0.0,0.0
0.0,0.0,0.0,0.0,0.0,0.0,0.0,0.0,0.0,0.0,0.0,0.0,0.0,0.0,0.0,0.0,0.0,0.0,0.0,0.0,0.0,0.0,0.0,0.0,0.0,0.0,0.0,0.0,0.0,0.0
0.0,0.0,0.0,0.0,0.0,0.0,0.0,0.0,0.0,0.0,0.0,0.0,0.0,0.0,0.0,0.0,0.0,0.0,0.0,0.0,0.0,0.0,0.0,0.0,0.0,0.0,0.0,0.0,0.0,0.0
0.0,0.0,0.0,0.0,0.0,0.0,0.0,0.0,0.0,0.0,0.0,0.0,0.0,0.0,0.0,0.0,0.0,0.0,0.0,0.0,0.0,0.0,0.0,0.0,0.0,0.0,0.0,0.0,0.0,0.0
0.0,0.0,0.0,0.0,0.0,0.0,0.0,0.0,0.0,0.0,0.0,0.0,0.0,0.0,0.0,0.0,0.0,0.0,0.0,0.0,0.0,0.0,0.0,0.0,0.0,0.0,0.0,0.0,0.0,0.0
0.0,0.0,0.0,0.0,0.0,0.0,0.0,0.0,0.0,0.0,0.0,0.0,0.0,0.0,0.0,0.0,0.0,0.0,0.0,0.0,0.0,0.0,0.0,0.0,0.0,0.0,0.0,0.0,0.0,0.0
0.0,0.0,0.0,0.0,0.0,0.0,0.0,0.0,0.0,0.0,0.0,0.0,0.0,0.0,0.0,0.0,0.0,0.0,0.0,0.0,0.0,0.0,0.0,0.0,0.0,0.0,0.0,0.0,0.0,0.0
0.0,0.0,0.0,0.0,0.0,0.0,0.0,0.0,0.0,0.0,0.0,0.0,0.0,0.0,0.0,0.0,0.0,0.0,0.0,0.0,0.0,0.0,0.0,0.0,0.0,0.0,0.0,0.0,0.0,0.0
0.0,0.0,0.0,0.0,0.0,0.0,0.0,0.0,0.0,0.0,0.0,0.0,0.0,0.0,0.0,0.0,0.0,0.0,0.0,0.0,0.0,0.0,0.0,0.0,0.0,0.0,0.0,0.0,0.0,0.0
0.0,0.0,0.0,0.0,0.0,0.0,0.0,0.0,0.0,0.0,0.0,0.0,0.0,0.0,0.0,0.0,0.0,0.0,0.0,0.0,0.0,0.0,0.0,0.0,0.0,0.0,0.0,0.0,0.0,0.0
0.0,0.0,0.0,0.0,0.0,0.0,0.0,0.0,0.0,0.0,0.0,0.0,0.0,0.0,0.0,0.0,0.0,0.0,0.0,0.0,0.0,0.0,0.0,0.0,0.0,0.0,0.0,0.0,0.0,0.0
0.0,0.0,0.0,0.0,0.0,0.0,0.0,0.0,0.0,0.0,0.0,0.0,0.0,0.0,0.0,0.0,0.0,0.0,0.0,0.0,0.0,0.0,0.0,0.0,0.0,0.0,0.0,0.0,0.0,0.0
0.0,0.0,0.0,0.0,0.0,0.0,0.0,0.0,0.0,0.0,0.0,0.0,0.0,0.0,0.0,0.0,0.0,0.0,0.0,0.0,0.0,0.0,0.0,0.0,0.0,0.0,0.0,0.0,0.0,0.0
0.0,0.0,0.0,0.0,0.0,0.0,0.0,0.0,0.0,0.0,0.0,0.0,0.0,0.0,0.0,0.0,0.0,0.0,0.0,0.0,0.0,0.0,0.0,0.0,0.0,0.0,0.0,0.0,0.0,0.0
0.0,0.0,0.0,0.0,0.0,0.0,0.0,0.0,0.0,0.0,0.0,0.0,0.0,0.0,0.0,0.0,0.0,0.0,0.0,0.0,0.0,0.0,0.0,0.0,0.0,0.0,0.0,0.0,0.0,0.0
0.0,0.0,0.0,0.0,0.0,0.0,0.0,0.0,0.0,0.0,0.0,0.0,0.0,0.0,0.0,0.0,0.0,0.0,0.0,0.0,0.0,0.0,0.0,0.0,0.0,0.0,0.0,0.0,0.0,0.0
0.0,0.0,0.0,0.0,0.0,0.0,0.0,0.0,0.0,0.0,0.0,0.0,0.0,0.0,0.0,0.0,0.0,0.0,0.0,0.0,0.0,0.0,0.0,0.0,0.0,0.0,0.0,0.0,0.0,0.0
0.0,0.0,0.0,0.0,0.0,0.0,0.0,0.0,0.0,0.0,0.0,0.0,0.0,0.0,0.0,0.0,0.0,0.0,0.0,0.0,0.0,0.0,0.0,0.0,0.0,0.0,0.0,0.0,0.0,0.0
0.0,0.0,0.0,0.0,0.0,0.0,0.0,0.0,0.0,0.0,0.0,0.0,0.0,0.0,0.0,0.0,0.0,0.0,0.0,0.0,0.0,0.0,0.0,0.0,0.0,0.0,0.0,0.0,0.0,0.0
0.0,0.0,0.0,0.0,0.0,0.0,0.0,0.0,0.0,0.0,0.0,0.0,0.0,0.0,0.0,0.0,0.0,0.0,0.0,0.0,0.0,0.0,0.0,0.0,0.0,0.0,0.0,0.0,0.0,0.0
0.0,0.0,0.0,0.0,0.0,0.0,0.0,0.0,0.0,0.0,0.0,0.0,0.0,0.0,0.0,0.0,0.0,0.0,0.0,0.0,0.0,0.0,0.0,0.0,0.0,0.0,0.0,0.0,0.0,0.0
0.0,0.0,0.0,0.0,0.0,0.0,0.0,0.0,0.0,0.0,0.0,0.0,0.0,0.0,0.0,0.0,0.0,0.0,0.0,0.0,0.0,0.0,0.0,0.0,0.0,0.0,0.0,0.0,0.0,0.0
0.0,0.0,0.0,0.0,0.0,0.0,0.0,0.0,0.0,0.0,0.0,0.0,0.0,0.0,0.0,0.0,0.0,0.0,0.0,0.0,0.0,0.0,0.0,0.0,0.0,0.0,0.0,0.0,0.0,0.0
0.0,0.0,0.0,0.0,0.0,0.0,0.0,0.0,0.0,0.0,0.0,0.0,0.0,0.0,0.0,0.0,0.0,0.0,0.0,0.0,0.0,0.0,0.0,0.0,0.0,0.0,0.0,0.0,0.0,0.0
0.0,0.0,0.0,0.0,0.0,0.0,0.0,0.0,0.0,0.0,0.0,0.0,0.0,0.0,0.0,0.0,0.0,0.0,0.0,0.0,0.0,0.0,0.0,0.0,0.0,0.0,0.0,0.0,0.0,0.0
0.0,0.0,0.0,0.0,0.0,0.0,0.0,0.0,0.0,0.0,0.0,0.0,0.0,0.0,0.0,0.0,0.0,0.0,0.0,0.0,0.0,0.0,0.0,0.0,0.0,0.0,0.0,0.0,0.0,0.0
0.0,0.0,0.0,0.0,0.0,0.0,0.0,0.0,0.0,0.0,0.0,0.0,0.0,0.0,0.0,0.0,0.0,0.0,0.0,0.0,0.0,0.0,0.0,0.0,0.0,0.0,0.0,0.0,0.0,0.0
0.0,0.0,0.0,0.0,0.0,0.0,0.0,0.0,0.0,0.0,0.0,0.0,0.0,0.0,0.0,0.0,0.0,0.0,0.0,0.0,0.0,0.0,0.0,0.0,0.0,0.0,0.0,0.0,0.0,0.0
0.0,0.0,0.0,0.0,0.0,0.0,0.0,0.0,0.0,0.0,0.0,0.0,0.0,0.0,0.0,0.0,0.0,0.0,0.0,0.0,0.0,0.0,0.0,0.0,0.0,0.0,0.0,0.0,0.0,0.0
0.0,0.0,0.0,0.0,0.0,0.0,0.0,0.0,0.0,0.0,0.0,0.0,0.0,0.0,0.0,0.0,0.0,0.0,0.0,0.0,0.0,0.0,0.0,0.0,0.0,0.0,0.0,0.0,0.0,0.0
0.0,0.0,0.0,0.0,0.0,0.0,0.0,0.0,0.0,0.0,0.0,0.0,0.0,0.0,0.0,0.0,0.0,0.0,0.0,0.0,0.0,0.0,0.0,0.0,0.0,0.0,0.0,0.0,0.0,0.0
0.0,0.0,0.0,0.0,0.0,0.0,0.0,0.0,0.0,0.0,0.0,0.0,0.0,0.0,0.0,0.0,0.0,0.0,0.0,0.0,0.0,0.0,0.0,0.0,0.0,0.0,0.0,0.0,0.0,0.0
0.0,0.0,0.0,0.0,0.0,0.0,0.0,0.0,0.0,0.0,0.0,0.0,0.0,0.0,0.0,0.0,0.0,0.0,0.0,0.0,0.0,0.0,0.0,0.0,0.0,0.0,0.0,0.0,0.0,0.0
0.0,0.0,0.0,0.0,0.0,0.0,0.0,0.0,0.0,0.0,0.0,0.0,0.0,0.0,0.0,0.0,0.0,0.0,0.0,0.0,0.0,0.0,0.0,0.0,0.0,0.0,0.0,0.0,0.0,0.0
0.0,0.0,0.0,0.0,0.0,0.0,0.0,0.0,0.0,0.0,0.0,0.0,0.0,0.0,0.0,0.0,0.0,0.0,0.0,0.0,0.0,0.0,0.0,0.0,0.0,0.0,0.0,0.0,0.0,0.0
0.0,0.0,0.0,0.0,0.0,0.0,0.0,0.0,0.0,0.0,0.0,0.0,0.0,0.0,0.0,0.0,0.0,0.0,0.0,0.0,0.0,0.0,0.0,0.0,0.0,0.0,0.0,0.0,0.0,0.0
0.0,0.0,0.0,0.0,0.0,0.0,0.0,0.0,0.0,0.0,0.0,0.0,0.0,0.0,0.0,0.0,0.0,0.0,0.0,0.0,0.0,0.0,0.0,0.0,0.0,0.0,0.0,0.0,0.0,0.0
0.0,0.0,0.0,0.0,0.0,0.0,0.0,0.0,0.0,0.0,0.0,0.0,0.0,0.0,0.0,0.0,0.0,0.0,0.0,0.0,0.0,0.0,0.0,0.0,0.0,0.0,0.0,0.0,0.0,0.0
0.0,0.0,0.0,0.0,0.0,0.0,0.0,0.0,0.0,0.0,0.0,0.0,0.0,0.0,0.0,0.0,0.0,0.0,0.0,0.0,0.0,0.0,0.0,0.0,0.0,0.0,0.0,0.0,0.0,0.0
0.0,0.0,0.0,0.0,0.0,0.0,0.0,0.0,0.0,0.0,0.0,0.0,0.0,0.0,0.0,0.0,0.0,0.0,0.0,0.0,0.0,0.0,0.0,0.0,0.0,0.0,0.0,0.0,0.0,0.0
0.0,0.0,0.0,0.0,0.0,0.0,0.0,0.0,0.0,0.0,0.0,0.0,0.0,0.0,0.0,0.0,0.0,0.0,0.0,0.0,0.0,0.0,0.0,0.0,0.0,0.0,0.0,0.0,0.0,0.0
0.0,0.0,0.0,0.0,0.0,0.0,0.0,0.0,0.0,0.0,0.0,0.0,0.0,0.0,0.0,0.0,0.0,0.0,0.0,0.0,0.0,0.0,0.0,0.0,0.0,0.0,0.0,0.0,0.0,0.0
0.0,0.0,0.0,0.0,0.0,0.0,0.0,0.0,0.0,0.0,0.0,0.0,0.0,0.0,0.0,0.0,0.0,0.0,0.0,0.0,0.0,0.0,0.0,0.0,0.0,0.0,0.0,0.0,0.0,0.0
0.0,0.0,0.0,0.0,0.0,0.0,0.0,0.0,0.0,0.0,0.0,0.0,0.0,0.0,0.0,0.0,0.0,0.0,0.0,0.0,0.0,0.0,0.0,0.0,0.0,0.0,0.0,0.0,0.0,0.0
0.0,0.0,0.0,0.0,0.0,0.0,0.0,0.0,0.0,0.0,0.0,0.0,0.0,0.0,0.0,0.0,0.0,0.0,0.0,0.0,0.0,0.0,0.0,0.0,0.0,0.0,0.0,0.0,0.0,0.0
0.0,0.0,0.0,0.0,0.0,0.0,0.0,0.0,0.0,0.0,0.0,0.0,0.0,0.0,0.0,0.0,0.0,0.0,0.0,0.0,0.0,0.0,0.0,0.0,0.0,0.0,0.0,0.0,0.0,0.0
0.0,0.0,0.0,0.0,0.0,0.0,0.0,0.0,0.0,0.0,0.0,0.0,0.0,0.0,0.0,0.0,0.0,0.0,0.0,0.0,0.0,0.0,0.0,0.0,0.0,0.0,0.0,0.0,0.0,0.0
0.0,0.0,0.0,0.0,0.0,0.0,0.0,0.0,0.0,0.0,0.0,0.0,0.0,0.0,0.0,0.0,0.0,0.0,0.0,0.0,0.0,0.0,0.0,0.0,0.0,0.0,0.0,0.0,0.0,0.0
0.0,0.0,0.0,0.0,0.0,0.0,0.0,0.0,0.0,0.0,0.0,0.0,0.0,0.0,0.0,0.0,0.0,0.0,0.0,0.0,0.0,0.0,0.0,0.0,0.0,0.0,0.0,0.0,0.0,0.0
0.0,0.0,0.0,0.0,0.0,0.0,0.0,0.0,0.0,0.0,0.0,0.0,0.0,0.0,0.0,0.0,0.0,0.0,0.0,0.0,0.0,0.0,0.0,0.0,0.0,0.0,0.0,0.0,0.0,0.0
0.0,0.0,0.0,0.0,0.0,0.0,0.0,0.0,0.0,0.0,0.0,0.0,0.0,0.0,0.0,0.0,0.0,0.0,0.0,0.0,0.0,0.0,0.0,0.0,0.0,0.0,0.0,0.0,0.0,0.0
0.0,0.0,0.0,0.0,0.0,0.0,0.0,0.0,0.0,0.0,0.0,0.0,0.0,0.0,0.0,0.0,0.0,0.0,0.0,0.0,0.0,0.0,0.0,0.0,0.0,0.0,0.0,0.0,0.0,0.0
0.0,0.0,0.0,0.0,0.0,0.0,0.0,0.0,0.0,0.0,0.0,0.0,0.0,0.0,0.0,0.0,0.0,0.0,0.0,0.0,0.0,0.0,0.0,0.0,0.0,0.0,0.0,0.0,0.0,0.0
0.0,0.0,0.0,0.0,0.0,0.0,0.0,0.0,0.0,0.0,0.0,0.0,0.0,0.0,0.0,0.0,0.0,0.0,0.0,0.0,0.0,0.0,0.0,0.0,0.0,0.0,0.0,0.0,0.0,0.0
0.0,0.0,0.0,0.0,0.0,0.0,0.0,0.0,0.0,0.0,0.0,0.0,0.0,0.0,0.0,0.0,0.0,0.0,0.0,0.0,0.0,0.0,0.0,0.0,0.0,0.0,0.0,0.0,0.0,0.0
0.0,0.0,0.0,0.0,0.0,0.0,0.0,0.0,0.0,0.0,0.0,0.0,0.0,0.0,0.0,0.0,0.0,0.0,0.0,0.0,0.0,0.0,0.0,0.0,0.0,0.0,0.0,0.0,0.0,0.0
0.0,0.0,0.0,0.0,0.0,0.0,0.0,0.0,0.0,0.0,0.0,0.0,0.0,0.0,0.0,0.0,0.0,0.0,0.0,0.0,0.0,0.0,0.0,0.0,0.0,0.0,0.0,0.0,0.0,0.0
0.0,0.0,0.0,0.0,0.0,0.0,0.0,0.0,0.0,0.0,0.0,0.0,0.0,0.0,0.0,0.0,0.0,0.0,0.0,0.0,0.0,0.0,0.0,0.0,0.0,0.0,0.0,0.0,0.0,0.0
0.0,0.0,0.0,0.0,0.0,0.0,0.0,0.0,0.0,0.0,0.0,0.0,0.0,0.0,0.0,0.0,0.0,0.0,0.0,0.0,0.0,0.0,0.0,0.0,0.0,0.0,0.0,0.0,0.0,0.0
0.0,0.0,0.0,0.0,0.0,0.0,0.0,0.0,0.0,0.0,0.0,0.0,0.0,0.0,0.0,0.0,0.0,0.0,0.0,0.0,0.0,0.0,0.0,0.0,0.0,0.0,0.0,0.0,0.0,0.0
0.0,0.0,0.0,0.0,0.0,0.0,0.0,0.0,0.0,0.0,0.0,0.0,0.0,0.0,0.0,0.0,0.0,0.0,0.0,0.0,0.0,0.0,0.0,0.0,0.0,0.0,0.0,0.0,0.0,0.0
0.0,0.0,0.0,0.0,0.0,0.0,0.0,0.0,0.0,0.0,0.0,0.0,0.0,0.0,0.0,0.0,0.0,0.0,0.0,0.0,0.0,0.0,0.0,0.0,0.0,0.0,0.0,0.0,0.0,0.0
0.0,0.0,0.0,0.0,0.0,0.0,0.0,0.0,0.0,0.0,0.0,0.0,0.0,0.0,0.0,0.0,0.0,0.0,0.0,0.0,0.0,0.0,0.0,0.0,0.0,0.0,0.0,0.0,0.0,0.0
0.0,0.0,0.0,0.0,0.0,0.0,0.0,0.0,0.0,0.0,0.0,0.0,0.0,0.0,0.0,0.0,0.0,0.0,0.0,0.0,0.0,0.0,0.0,0.0,0.0,0.0,0.0,0.0,0.0,0.0
0.0,0.0,0.0,0.0,0.0,0.0,0.0,0.0,0.0,0.0,0.0,0.0,0.0,0.0,0.0,0.0,0.0,0.0,0.0,0.0,0.0,0.0,0.0,0.0,0.0,0.0,0.0,0.0,0.0,0.0
0.0,0.0,0.0,0.0,0.0,0.0,0.0,0.0,0.0,0.0,0.0,0.0,0.0,0.0,0.0,0.0,0.0,0.0,0.0,0.0,0.0,0.0,0.0,0.0,0.0,0.0,0.0,0.0,0.0,0.0
0.0,0.0,0.0,0.0,0.0,0.0,0.0,0.0,0.0,0.0,0.0,0.0,0.0,0.0,0.0,0.0,0.0,0.0,0.0,0.0,0.0,0.0,0.0,0.0,0.0,0.0,0.0,0.0,0.0,0.0
0.0,0.0,0.0,0.0,0.0,0.0,0.0,0.0,0.0,0.0,0.0,0.0,0.0,0.0,0.0,0.0,0.0,0.0,0.0,0.0,0.0,0.0,0.0,0.0,0.0,0.0,0.0,0.0,0.0,0.0
0.0,0.0,0.0,0.0,0.0,0.0,0.0,0.0,0.0,0.0,0.0,0.0,0.0,0.0,0.0,0.0,0.0,0.0,0.0,0.0,0.0,0.0,0.0,0.0,0.0,0.0,0.0,0.0,0.0,0.0
0.0,0.0,0.0,0.0,0.0,0.0,0.0,0.0,0.0,0.0,0.0,0.0,0.0,0.0,0.0,0.0,0.0,0.0,0.0,0.0,0.0,0.0,0.0,0.0,0.0,0.0,0.0,0.0,0.0,0.0
0.0,0.0,0.0,0.0,0.0,0.0,0.0,0.0,0.0,0.0,0.0,0.0,0.0,0.0,0.0,0.0,0.0,0.0,0.0,0.0,0.0,0.0,0.0,0.0,0.0,0.0,0.0,0.0,0.0,0.0
0.0,0.0,0.0,0.0,0.0,0.0,0.0,0.0,0.0,0.0,0.0,0.0,0.0,0.0,0.0,0.0,0.0,0.0,0.0,0.0,0.0,0.0,0.0,0.0,0.0,0.0,0.0,0.0,0.0,0.0
0.0,0.0,0.0,0.0,0.0,0.0,0.0,0.0,0.0,0.0,0.0,0.0,0.0,0.0,0.0,0.0,0.0,0.0,0.0,0.0,0.0,0.0,0.0,0.0,0.0,0.0,0.0,0.0,0.0,0.0
0.0,0.0,0.0,0.0,0.0,0.0,0.0,0.0,0.0,0.0,0.0,0.0,0.0,0.0,0.0,0.0,0.0,0.0,0.0,0.0,0.0,0.0,0.0,0.0,0.0,0.0,0.0,0.0,0.0,0.0
0.0,0.0,0.0,0.0,0.0,0.0,0.0,0.0,0.0,0.0,0.0,0.0,0.0,0.0,0.0,0.0,0.0,0.0,0.0,0.0,0.0,0.0,0.0,0.0,0.0,0.0,0.0,0.0,0.0,0.0
0.0,0.0,0.0,0.0,0.0,0.0,0.0,0.0,0.0,0.0,0.0,0.0,0.0,0.0,0.0,0.0,0.0,0.0,0.0,0.0,0.0,0.0,0.0,0.0,0.0,0.0,0.0,0.0,0.0,0.0
0.0,0.0,0.0,0.0,0.0,0.0,0.0,0.0,0.0,0.0,0.0,0.0,0.0,0.0,0.0,0.0,0.0,0.0,0.0,0.0,0.0,0.0,0.0,0.0,0.0,0.0,0.0,0.0,0.0,0.0
0.0,0.0,0.0,0.0,0.0,0.0,0.0,0.0,0.0,0.0,0.0,0.0,0.0,0.0,0.0,0.0,0.0,0.0,0.0,0.0,0.0,0.0,0.0,0.0,0.0,0.0,0.0,0.0,0.0,0.0
0.0,0.0,0.0,0.0,0.0,0.0,0.0,0.0,0.0,0.0,0.0,0.0,0.0,0.0,0.0,0.0,0.0,0.0,0.0,0.0,0.0,0.0,0.0,0.0,0.0,0.0,0.0,0.0,0.0,0.0
0.0,0.0,0.0,0.0,0.0,0.0,0.0,0.0,0.0,0.0,0.0,0.0,0.0,0.0,0.0,0.0,0.0,0.0,0.0,0.0,0.0,0.0,0.0,0.0,0.0,0.0,0.0,0.0,0.0,0.0
0.0,0.0,0.0,0.0,0.0,0.0,0.0,0.0,0.0,0.0,0.0,0.0,0.0,0.0,0.0,0.0,0.0,0.0,0.0,0.0,0.0,0.0,0.0,0.0,0.0,0.0,0.0,0.0,0.0,0.0
0.0,0.0,0.0,0.0,0.0,0.0,0.0,0.0,0.0,0.0,0.0,0.0,0.0,0.0,0.0,0.0,0.0,0.0,0.0,0.0,0.0,0.0,0.0,0.0,0.0,0.0,0.0,0.0,0.0,0.0
0.0,0.0,0.0,0.0,0.0,0.0,0.0,0.0,0.0,0.0,0.0,0.0,0.0,0.0,0.0,0.0,0.0,0.0,0.0,0.0,0.0,0.0,0.0,0.0,0.0,0.0,0.0,0.0,0.0,0.0
0.0,0.0,0.0,0.0,0.0,0.0,0.0,0.0,0.0,0.0,0.0,0.0,0.0,0.0,0.0,0.0,0.0,0.0,0.0,0.0,0.0,0.0,0.0,0.0,0.0,0.0,0.0,0.0,0.0,0.0
0.0,0.0,0.0,0.0,0.0,0.0,0.0,0.0,0.0,0.0,0.0,0.0,0.0,0.0,0.0,0.0,0.0,0.0,0.0,0.0,0.0,0.0,0.0,0.0,0.0,0.0,0.0,0.0,0.0,0.0
0.0,0.0,0.0,0.0,0.0,0.0,0.0,0.0,0.0,0.0,0.0,0.0,0.0,0.0,0.0,0.0,0.0,0.0,0.0,0.0,0.0,0.0,0.0,0.0,0.0,0.0,0.0,0.0,0.0,0.0
0.0,0.0,0.0,0.0,0.0,0.0,0.0,0.0,0.0,0.0,0.0,0.0,0.0,0.0,0.0,0.0,0.0,0.0,0.0,0.0,0.0,0.0,0.0,0.0,0.0,0.0,0.0,0.0,0.0,0.0
0.0,0.0,0.0,0.0,0.0,0.0,0.0,0.0,0.0,0.0,0.0,0.0,0.0,0.0,0.0,0.0,0.0,0.0,0.0,0.0,0.0,0.0,0.0,0.0,0.0,0.0,0.0,0.0,0.0,0.0
0.0,0.0,0.0,0.0,0.0,0.0,0.0,0.0,0.0,0.0,0.0,0.0,0.0,0.0,0.0,0.0,0.0,0.0,0.0,0.0,0.0,0.0,0.0,0.0,0.0,0.0,0.0,0.0,0.0,0.0
0.0,0.0,0.0,0.0,0.0,0.0,0.0,0.0,0.0,0.0,0.0,0.0,0.0,0.0,0.0,0.0,0.0,0.0,0.0,0.0,0.0,0.0,0.0,0.0,0.0,0.0,0.0,0.0,0.0,0.0
0.0,0.0,0.0,0.0,0.0,0.0,0.0,0.0,0.0,0.0,0.0,0.0,0.0,0.0,0.0,0.0,0.0,0.0,0.0,0.0,0.0,0.0,0.0,0.0,0.0,0.0,0.0,0.0,0.0,0.0
0.0,0.0,0.0,0.0,0.0,0.0,0.0,0.0,0.0,0.0,0.0,0.0,0.0,0.0,0.0,0.0,0.0,0.0,0.0,0.0,0.0,0.0,0.0,0.0,0.0,0.0,0.0,0.0,0.0,0.0
0.0,0.0,0.0,0.0,0.0,0.0,0.0,0.0,0.0,0.0,0.0,0.0,0.0,0.0,0.0,0.0,0.0,0.0,0.0,0.0,0.0,0.0,0.0,0.0,0.0,0.0,0.0,0.0,0.0,0.0
0.0,0.0,0.0,0.0,0.0,0.0,0.0,0.0,0.0,0.0,0.0,0.0,0.0,0.0,0.0,0.0,0.0,0.0,0.0,0.0,0.0,0.0,0.0,0.0,0.0,0.0,0.0,0.0,0.0,0.0
0.0,0.0,0.0,0.0,0.0,0.0,0.0,0.0,0.0,0.0,0.0,0.0,0.0,0.0,0.0,0.0,0.0,0.0,0.0,0.0,0.0,0.0,0.0,0.0,0.0,0.0,0.0,0.0,0.0,0.0
0.0,0.0,0.0,0.0,0.0,0.0,0.0,0.0,0.0,0.0,0.0,0.0,0.0,0.0,0.0,0.0,0.0,0.0,0.0,0.0,0.0,0.0,0.0,0.0,0.0,0.0,0.0,0.0,0.0,0.0
0.0,0.0,0.0,0.0,0.0,0.0,0.0,0.0,0.0,0.0,0.0,0.0,0.0,0.0,0.0,0.0,0.0,0.0,0.0,0.0,0.0,0.0,0.0,0.0,0.0,0.0,0.0,0.0,0.0,0.0
0.0,0.0,0.0,0.0,0.0,0.0,0.0,0.0,0.0,0.0,0.0,0.0,0.0,0.0,0.0,0.0,0.0,0.0,0.0,0.0,0.0,0.0,0.0,0.0,0.0,0.0,0.0,0.0,0.0,0.0
0.0,0.0,0.0,0.0,0.0,0.0,0.0,0.0,0.0,0.0,0.0,0.0,0.0,0.0,0.0,0.0,0.0,0.0,0.0,0.0,0.0,0.0,0.0,0.0,0.0,0.0,0.0,0.0,0.0,0.0
0.0,0.0,0.0,0.0,0.0,0.0,0.0,0.0,0.0,0.0,0.0,0.0,0.0,0.0,0.0,0.0,0.0,0.0,0.0,0.0,0.0,0.0,0.0,0.0,0.0,0.0,0.0,0.0,0.0,0.0
0.0,0.0,0.0,0.0,0.0,0.0,0.0,0.0,0.0,0.0,0.0,0.0,0.0,0.0,0.0,0.0,0.0,0.0,0.0,0.0,0.0,0.0,0.0,0.0,0.0,0.0,0.0,0.0,0.0,0.0
0.0,0.0,0.0,0.0,0.0,0.0,0.0,0.0,0.0,0.0,0.0,0.0,0.0,0.0,0.0,0.0,0.0,0.0,0.0,0.0,0.0,0.0,0.0,0.0,0.0,0.0,0.0,0.0,0.0,0.0
0.0,0.0,0.0,0.0,0.0,0.0,0.0,0.0,0.0,0.0,0.0,0.0,0.0,0.0,0.0,0.0,0.0,0.0,0.0,0.0,0.0,0.0,0.0,0.0,0.0,0.0,0.0,0.0,0.0,0.0
0.0,0.0,0.0,0.0,0.0,0.0,0.0,0.0,0.0,0.0,0.0,0.0,0.0,0.0,0.0,0.0,0.0,0.0,0.0,0.0,0.0,0.0,0.0,0.0,0.0,0.0,0.0,0.0,0.0,0.0
0.0,0.0,0.0,0.0,0.0,0.0,0.0,0.0,0.0,0.0,0.0,0.0,0.0,0.0,0.0,0.0,0.0,0.0,0.0,0.0,0.0,0.0,0.0,0.0,0.0,0.0,0.0,0.0,0.0,0.0
0.0,0.0,0.0,0.0,0.0,0.0,0.0,0.0,0.0,0.0,0.0,0.0,0.0,0.0,0.0,0.0,0.0,0.0,0.0,0.0,0.0,0.0,0.0,0.0,0.0,0.0,0.0,0.0,0.0,0.0
0.0,0.0,0.0,0.0,0.0,0.0,0.0,0.0,0.0,0.0,0.0,0.0,0.0,0.0,0.0,0.0,0.0,0.0,0.0,0.0,0.0,0.0,0.0,0.0,0.0,0.0,0.0,0.0,0.0,0.0
0.0,0.0,0.0,0.0,0.0,0.0,0.0,0.0,0.0,0.0,0.0,0.0,0.0,0.0,0.0,0.0,0.0,0.0,0.0,0.0,0.0,0.0,0.0,0.0,0.0,0.0,0.0,0.0,0.0,0.0
0.0,0.0,0.0,0.0,0.0,0.0,0.0,0.0,0.0,0.0,0.0,0.0,0.0,0.0,0.0,0.0,0.0,0.0,0.0,0.0,0.0,0.0,0.0,0.0,0.0,0.0,0.0,0.0,0.0,0.0
0.0,0.0,0.0,0.0,0.0,0.0,0.0,0.0,0.0,0.0,0.0,0.0,0.0,0.0,0.0,0.0,0.0,0.0,0.0,0.0,0.0,0.0,0.0,0.0,0.0,0.0,0.0,0.0,0.0,0.0
0.0,0.0,0.0,0.0,0.0,0.0,0.0,0.0,0.0,0.0,0.0,0.0,0.0,0.0,0.0,0.0,0.0,0.0,0.0,0.0,0.0,0.0,0.0,0.0,0.0,0.0,0.0,0.0,0.0,0.0
0.0,0.0,0.0,0.0,0.0,0.0,0.0,0.0,0.0,0.0,0.0,0.0,0.0,0.0,0.0,0.0,0.0,0.0,0.0,0.0,0.0,0.0,0.0,0.0,0.0,0.0,0.0,0.0,0.0,0.0
0.0,0.0,0.0,0.0,0.0,0.0,0.0,0.0,0.0,0.0,0.0,0.0,0.0,0.0,0.0,0.0,0.0,0.0,0.0,0.0,0.0,0.0,0.0,0.0,0.0,0.0,0.0,0.0,0.0,0.0
0.0,0.0,0.0,0.0,0.0,0.0,0.0,0.0,0.0,0.0,0.0,0.0,0.0,0.0,0.0,0.0,0.0,0.0,0.0,0.0,0.0,0.0,0.0,0.0,0.0,0.0,0.0,0.0,0.0,0.0
0.0,0.0,0.0,0.0,0.0,0.0,0.0,0.0,0.0,0.0,0.0,0.0,0.0,0.0,0.0,0.0,0.0,0.0,0.0,0.0,0.0,0.0,0.0,0.0,0.0,0.0,0.0,0.0,0.0,0.0
0.0,0.0,0.0,0.0,0.0,0.0,0.0,0.0,0.0,0.0,0.0,0.0,0.0,0.0,0.0,0.0,0.0,0.0,0.0,0.0,0.0,0.0,0.0,0.0,0.0,0.0,0.0,0.0,0.0,0.0
0.0,0.0,0.0,0.0,0.0,0.0,0.0,0.0,0.0,0.0,0.0,0.0,0.0,0.0,0.0,0.0,0.0,0.0,0.0,0.0,0.0,0.0,0.0,0.0,0.0,0.0,0.0,0.0,0.0,0.0
0.0,0.0,0.0,0.0,0.0,0.0,0.0,0.0,0.0,0.0,0.0,0.0,0.0,0.0,0.0,0.0,0.0,0.0,0.0,0.0,0.0,0.0,0.0,0.0,0.0,0.0,0.0,0.0,0.0,0.0
0.0,0.0,0.0,0.0,0.0,0.0,0.0,0.0,0.0,0.0,0.0,0.0,0.0,0.0,0.0,0.0,0.0,0.0,0.0,0.0,0.0,0.0,0.0,0.0,0.0,0.0,0.0,0.0,0.0,0.0
0.0,0.0,0.0,0.0,0.0,0.0,0.0,0.0,0.0,0.0,0.0,0.0,0.0,0.0,0.0,0.0,0.0,0.0,0.0,0.0,0.0,0.0,0.0,0.0,0.0,0.0,0.0,0.0,0.0,0.0
0.0,0.0,0.0,0.0,0.0,0.0,0.0,0.0,0.0,0.0,0.0,0.0,0.0,0.0,0.0,0.0,0.0,0.0,0.0,0.0,0.0,0.0,0.0,0.0,0.0,0.0,0.0,0.0,0.0,0.0
0.0,0.0,0.0,0.0,0.0,0.0,0.0,0.0,0.0,0.0,0.0,0.0,0.0,0.0,0.0,0.0,0.0,0.0,0.0,0.0,0.0,0.0,0.0,0.0,0.0,0.0,0.0,0.0,0.0,0.0
0.0,0.0,0.0,0.0,0.0,0.0,0.0,0.0,0.0,0.0,0.0,0.0,0.0,0.0,0.0,0.0,0.0,0.0,0.0,0.0,0.0,0.0,0.0,0.0,0.0,0.0,0.0,0.0,0.0,0.0
0.0,0.0,0.0,0.0,0.0,0.0,0.0,0.0,0.0,0.0,0.0,0.0,0.0,0.0,0.0,0.0,0.0,0.0,0.0,0.0,0.0,0.0,0.0,0.0,0.0,0.0,0.0,0.0,0.0,0.0
0.0,0.0,0.0,0.0,0.0,0.0,0.0,0.0,0.0,0.0,0.0,0.0,0.0,0.0,0.0,0.0,0.0,0.0,0.0,0.0,0.0,0.0,0.0,0.0,0.0,0.0,0.0,0.0,0.0,0.0
0.0,0.0,0.0,0.0,0.0,0.0,0.0,0.0,0.0,0.0,0.0,0.0,0.0,0.0,0.0,0.0,0.0,0.0,0.0,0.0,0.0,0.0,0.0,0.0,0.0,0.0,0.0,0.0,0.0,0.0
0.0,0.0,0.0,0.0,0.0,0.0,0.0,0.0,0.0,0.0,0.0,0.0,0.0,0.0,0.0,0.0,0.0,0.0,0.0,0.0,0.0,0.0,0.0,0.0,0.0,0.0,0.0,0.0,0.0,0.0
0.0,0.0,0.0,0.0,0.0,0.0,0.0,0.0,0.0,0.0,0.0,0.0,0.0,0.0,0.0,0.0,0.0,0.0,0.0,0.0,0.0,0.0,0.0,0.0,0.0,0.0,0.0,0.0,0.0,0.0
0.0,0.0,0.0,0.0,0.0,0.0,0.0,0.0,0.0,0.0,0.0,0.0,0.0,0.0,0.0,0.0,0.0,0.0,0.0,0.0,0.0,0.0,0.0,0.0,0.0,0.0,0.0,0.0,0.0,0.0
0.0,0.0,0.0,0.0,0.0,0.0,0.0,0.0,0.0,0.0,0.0,0.0,0.0,0.0,0.0,0.0,0.0,0.0,0.0,0.0,0.0,0.0,0.0,0.0,0.0,0.0,0.0,0.0,0.0,0.0
0.0,0.0,0.0,0.0,0.0,0.0,0.0,0.0,0.0,0.0,0.0,0.0,0.0,0.0,0.0,0.0,0.0,0.0,0.0,0.0,0.0,0.0,0.0,0.0,0.0,0.0,0.0,0.0,0.0,0.0
0.0,0.0,0.0,0.0,0.0,0.0,0.0,0.0,0.0,0.0,0.0,0.0,0.0,0.0,0.0,0.0,0.0,0.0,0.0,0.0,0.0,0.0,0.0,0.0,0.0,0.0,0.0,0.0,0.0,0.0
0.0,0.0,0.0,0.0,0.0,0.0,0.0,0.0,0.0,0.0,0.0,0.0,0.0,0.0,0.0,0.0,0.0,0.0,0.0,0.0,0.0,0.0,0.0,0.0,0.0,0.0,0.0,0.0,0.0,0.0
0.0,0.0,0.0,0.0,0.0,0.0,0.0,0.0,0.0,0.0,0.0,0.0,0.0,0.0,0.0,0.0,0.0,0.0,0.0,0.0,0.0,0.0,0.0,0.0,0.0,0.0,0.0,0.0,0.0,0.0
0.0,0.0,0.0,0.0,0.0,0.0,0.0,0.0,0.0,0.0,0.0,0.0,0.0,0.0,0.0,0.0,0.0,0.0,0.0,0.0,0.0,0.0,0.0,0.0,0.0,0.0,0.0,0.0,0.0,0.0
0.0,0.0,0.0,0.0,0.0,0.0,0.0,0.0,0.0,0.0,0.0,0.0,0.0,0.0,0.0,0.0,0.0,0.0,0.0,0.0,0.0,0.0,0.0,0.0,0.0,0.0,0.0,0.0,0.0,0.0
0.0,0.0,0.0,0.0,0.0,0.0,0.0,0.0,0.0,0.0,0.0,0.0,0.0,0.0,0.0,0.0,0.0,0.0,0.0,0.0,0.0,0.0,0.0,0.0,0.0,0.0,0.0,0.0,0.0,0.0
0.0,0.0,0.0,0.0,0.0,0.0,0.0,0.0,0.0,0.0,0.0,0.0,0.0,0.0,0.0,0.0,0.0,0.0,0.0,0.0,0.0,0.0,0.0,0.0,0.0,0.0,0.0,0.0,0.0,0.0
0.0,0.0,0.0,0.0,0.0,0.0,0.0,0.0,0.0,0.0,0.0,0.0,0.0,0.0,0.0,0.0,0.0,0.0,0.0,0.0,0.0,0.0,0.0,0.0,0.0,0.0,0.0,0.0,0.0,0.0
0.0,0.0,0.0,0.0,0.0,0.0,0.0,0.0,0.0,0.0,0.0,0.0,0.0,0.0,0.0,0.0,0.0,0.0,0.0,0.0,0.0,0.0,0.0,0.0,0.0,0.0,0.0,0.0,0.0,0.0
0.0,0.0,0.0,0.0,0.0,0.0,0.0,0.0,0.0,0.0,0.0,0.0,0.0,0.0,0.0,0.0,0.0,0.0,0.0,0.0,0.0,0.0,0.0,0.0,0.0,0.0,0.0,0.0,0.0,0.0
0.0,0.0,0.0,0.0,0.0,0.0,0.0,0.0,0.0,0.0,0.0,0.0,0.0,0.0,0.0,0.0,0.0,0.0,0.0,0.0,0.0,0.0,0.0,0.0,0.0,0.0,0.0,0.0,0.0,0.0
0.0,0.0,0.0,0.0,0.0,0.0,0.0,0.0,0.0,0.0,0.0,0.0,0.0,0.0,0.0,0.0,0.0,0.0,0.0,0.0,0.0,0.0,0.0,0.0,0.0,0.0,0.0,0.0,0.0,0.0
0.0,0.0,0.0,0.0,0.0,0.0,0.0,0.0,0.0,0.0,0.0,0.0,0.0,0.0,0.0,0.0,0.0,0.0,0.0,0.0,0.0,0.0,0.0,0.0,0.0,0.0,0.0,0.0,0.0,0.0
0.0,0.0,0.0,0.0,0.0,0.0,0.0,0.0,0.0,0.0,0.0,0.0,0.0,0.0,0.0,0.0,0.0,0.0,0.0,0.0,0.0,0.0,0.0,0.0,0.0,0.0,0.0,0.0,0.0,0.0
0.0,0.0,0.0,0.0,0.0,0.0,0.0,0.0,0.0,0.0,0.0,0.0,0.0,0.0,0.0,0.0,0.0,0.0,0.0,0.0,0.0,0.0,0.0,0.0,0.0,0.0,0.0,0.0,0.0,0.0
0.0,0.0,0.0,0.0,0.0,0.0,0.0,0.0,0.0,0.0,0.0,0.0,0.0,0.0,0.0,0.0,0.0,0.0,0.0,0.0,0.0,0.0,0.0,0.0,0.0,0.0,0.0,0.0,0.0,0.0
0.0,0.0,0.0,0.0,0.0,0.0,0.0,0.0,0.0,0.0,0.0,0.0,0.0,0.0,0.0,0.0,0.0,0.0,0.0,0.0,0.0,0.0,0.0,0.0,0.0,0.0,0.0,0.0,0.0,0.0
0.0,0.0,0.0,0.0,0.0,0.0,0.0,0.0,0.0,0.0,0.0,0.0,0.0,0.0,0.0,0.0,0.0,0.0,0.0,0.0,0.0,0.0,0.0,0.0,0.0,0.0,0.0,0.0,0.0,0.0
0.0,0.0,0.0,0.0,0.0,0.0,0.0,0.0,0.0,0.0,0.0,0.0,0.0,0.0,0.0,0.0,0.0,0.0,0.0,0.0,0.0,0.0,0.0,0.0,0.0,0.0,0.0,0.0,0.0,0.0
0.0,0.0,0.0,0.0,0.0,0.0,0.0,0.0,0.0,0.0,0.0,0.0,0.0,0.0,0.0,0.0,0.0,0.0,0.0,0.0,0.0,0.0,0.0,0.0,0.0,0.0,0.0,0.0,0.0,0.0
0.0,0.0,0.0,0.0,0.0,0.0,0.0,0.0,0.0,0.0,0.0,0.0,0.0,0.0,0.0,0.0,0.0,0.0,0.0,0.0,0.0,0.0,0.0,0.0,0.0,0.0,0.0,0.0,0.0,0.0
0.0,0.0,0.0,0.0,0.0,0.0,0.0,0.0,0.0,0.0,0.0,0.0,0.0,0.0,0.0,0.0,0.0,0.0,0.0,0.0,0.0,0.0,0.0,0.0,0.0,0.0,0.0,0.0,0.0,0.0
0.0,0.0,0.0,0.0,0.0,0.0,0.0,0.0,0.0,0.0,0.0,0.0,0.0,0.0,0.0,0.0,0.0,0.0,0.0,0.0,0.0,0.0,0.0,0.0,0.0,0.0,0.0,0.0,0.0,0.0
0.0,0.0,0.0,0.0,0.0,0.0,0.0,0.0,0.0,0.0,0.0,0.0,0.0,0.0,0.0,0.0,0.0,0.0,0.0,0.0,0.0,0.0,0.0,0.0,0.0,0.0,0.0,0.0,0.0,0.0
0.0,0.0,0.0,0.0,0.0,0.0,0.0,0.0,0.0,0.0,0.0,0.0,0.0,0.0,0.0,0.0,0.0,0.0,0.0,0.0,0.0,0.0,0.0,0.0,0.0,0.0,0.0,0.0,0.0,0.0
0.0,0.0,0.0,0.0,0.0,0.0,0.0,0.0,0.0,0.0,0.0,0.0,0.0,0.0,0.0,0.0,0.0,0.0,0.0,0.0,0.0,0.0,0.0,0.0,0.0,0.0,0.0,0.0,0.0,0.0
0.0,0.0,0.0,0.0,0.0,0.0,0.0,0.0,0.0,0.0,0.0,0.0,0.0,0.0,0.0,0.0,0.0,0.0,0.0,0.0,0.0,0.0,0.0,0.0,0.0,0.0,0.0,0.0,0.0,0.0
0.0,0.0,0.0,0.0,0.0,0.0,0.0,0.0,0.0,0.0,0.0,0.0,0.0,0.0,0.0,0.0,0.0,0.0,0.0,0.0,0.0,0.0,0.0,0.0,0.0,0.0,0.0,0.0,0.0,0.0
0.0,0.0,0.0,0.0,0.0,0.0,0.0,0.0,0.0,0.0,0.0,0.0,0.0,0.0,0.0,0.0,0.0,0.0,0.0,0.0,0.0,0.0,0.0,0.0,0.0,0.0,0.0,0.0,0.0,0.0
0.0,0.0,0.0,0.0,0.0,0.0,0.0,0.0,0.0,0.0,0.0,0.0,0.0,0.0,0.0,0.0,0.0,0.0,0.0,0.0,0.0,0.0,0.0,0.0,0.0,0.0,0.0,0.0,0.0,0.0
0.0,0.0,0.0,0.0,0.0,0.0,0.0,0.0,0.0,0.0,0.0,0.0,0.0,0.0,0.0,0.0,0.0,0.0,0.0,0.0,0.0,0.0,0.0,0.0,0.0,0.0,0.0,0.0,0.0,0.0
0.0,0.0,0.0,0.0,0.0,0.0,0.0,0.0,0.0,0.0,0.0,0.0,0.0,0.0,0.0,0.0,0.0,0.0,0.0,0.0,0.0,0.0,0.0,0.0,0.0,0.0,0.0,0.0,0.0,0.0
0.0,0.0,0.0,0.0,0.0,0.0,0.0,0.0,0.0,0.0,0.0,0.0,0.0,0.0,0.0,0.0,0.0,0.0,0.0,0.0,0.0,0.0,0.0,0.0,0.0,0.0,0.0,0.0,0.0,0.0
0.0,0.0,0.0,0.0,0.0,0.0,0.0,0.0,0.0,0.0,0.0,0.0,0.0,0.0,0.0,0.0,0.0,0.0,0.0,0.0,0.0,0.0,0.0,0.0,0.0,0.0,0.0,0.0,0.0,0.0
0.0,0.0,0.0,0.0,0.0,0.0,0.0,0.0,0.0,0.0,0.0,0.0,0.0,0.0,0.0,0.0,0.0,0.0,0.0,0.0,0.0,0.0,0.0,0.0,0.0,0.0,0.0,0.0,0.0,0.0
0.0,0.0,0.0,0.0,0.0,0.0,0.0,0.0,0.0,0.0,0.0,0.0,0.0,0.0,0.0,0.0,0.0,0.0,0.0,0.0,0.0,0.0,0.0,0.0,0.0,0.0,0.0,0.0,0.0,0.0
0.0,0.0,0.0,0.0,0.0,0.0,0.0,0.0,0.0,0.0,0.0,0.0,0.0,0.0,0.0,0.0,0.0,0.0,0.0,0.0,0.0,0.0,0.0,0.0,0.0,0.0,0.0,0.0,0.0,0.0
0.0,0.0,0.0,0.0,0.0,0.0,0.0,0.0,0.0,0.0,0.0,0.0,0.0,0.0,0.0,0.0,0.0,0.0,0.0,0.0,0.0,0.0,0.0,0.0,0.0,0.0,0.0,0.0,0.0,0.0
0.0,0.0,0.0,0.0,0.0,0.0,0.0,0.0,0.0,0.0,0.0,0.0,0.0,0.0,0.0,0.0,0.0,0.0,0.0,0.0,0.0,0.0,0.0,0.0,0.0,0.0,0.0,0.0,0.0,0.0
0.0,0.0,0.0,0.0,0.0,0.0,0.0,0.0,0.0,0.0,0.0,0.0,0.0,0.0,0.0,0.0,0.0,0.0,0.0,0.0,0.0,0.0,0.0,0.0,0.0,0.0,0.0,0.0,0.0,0.0
0.0,0.0,0.0,0.0,0.0,0.0,0.0,0.0,0.0,0.0,0.0,0.0,0.0,0.0,0.0,0.0,0.0,0.0,0.0,0.0,0.0,0.0,0.0,0.0,0.0,0.0,0.0,0.0,0.0,0.0
0.0,0.0,0.0,0.0,0.0,0.0,0.0,0.0,0.0,0.0,0.0,0.0,0.0,0.0,0.0,0.0,0.0,0.0,0.0,0.0,0.0,0.0,0.0,0.0,0.0,0.0,0.0,0.0,0.0,0.0
0.0,0.0,0.0,0.0,0.0,0.0,0.0,0.0,0.0,0.0,0.0,0.0,0.0,0.0,0.0,0.0,0.0,0.0,0.0,0.0,0.0,0.0,0.0,0.0,0.0,0.0,0.0,0.0,0.0,0.0
0.0,0.0,0.0,0.0,0.0,0.0,0.0,0.0,0.0,0.0,0.0,0.0,0.0,0.0,0.0,0.0,0.0,0.0,0.0,0.0,0.0,0.0,0.0,0.0,0.0,0.0,0.0,0.0,0.0,0.0
0.0,0.0,0.0,0.0,0.0,0.0,0.0,0.0,0.0,0.0,0.0,0.0,0.0,0.0,0.0,0.0,0.0,0.0,0.0,0.0,0.0,0.0,0.0,0.0,0.0,0.0,0.0,0.0,0.0,0.0
0.0,0.0,0.0,0.0,0.0,0.0,0.0,0.0,0.0,0.0,0.0,0.0,0.0,0.0,0.0,0.0,0.0,0.0,0.0,0.0,0.0,0.0,0.0,0.0,0.0,0.0,0.0,0.0,0.0,0.0
0.0,0.0,0.0,0.0,0.0,0.0,0.0,0.0,0.0,0.0,0.0,0.0,0.0,0.0,0.0,0.0,0.0,0.0,0.0,0.0,0.0,0.0,0.0,0.0,0.0,0.0,0.0,0.0,0.0,0.0
0.0,0.0,0.0,0.0,0.0,0.0,0.0,0.0,0.0,0.0,0.0,0.0,0.0,0.0,0.0,0.0,0.0,0.0,0.0,0.0,0.0,0.0,0.0,0.0,0.0,0.0,0.0,0.0,0.0,0.0
0.0,0.0,0.0,0.0,0.0,0.0,0.0,0.0,0.0,0.0,0.0,0.0,0.0,0.0,0.0,0.0,0.0,0.0,0.0,0.0,0.0,0.0,0.0,0.0,0.0,0.0,0.0,0.0,0.0,0.0
0.0,0.0,0.0,0.0,0.0,0.0,0.0,0.0,0.0,0.0,0.0,0.0,0.0,0.0,0.0,0.0,0.0,0.0,0.0,0.0,0.0,0.0,0.0,0.0,0.0,0.0,0.0,0.0,0.0,0.0
0.0,0.0,0.0,0.0,0.0,0.0,0.0,0.0,0.0,0.0,0.0,0.0,0.0,0.0,0.0,0.0,0.0,0.0,0.0,0.0,0.0,0.0,0.0,0.0,0.0,0.0,0.0,0.0,0.0,0.0
0.0,0.0,0.0,0.0,0.0,0.0,0.0,0.0,0.0,0.0,0.0,0.0,0.0,0.0,0.0,0.0,0.0,0.0,0.0,0.0,0.0,0.0,0.0,0.0,0.0,0.0,0.0,0.0,0.0,0.0
0.0,0.0,0.0,0.0,0.0,0.0,0.0,0.0,0.0,0.0,0.0,0.0,0.0,0.0,0.0,0.0,0.0,0.0,0.0,0.0,0.0,0.0,0.0,0.0,0.0,0.0,0.0,0.0,0.0,0.0
0.0,0.0,0.0,0.0,0.0,0.0,0.0,0.0,0.0,0.0,0.0,0.0,0.0,0.0,0.0,0.0,0.0,0.0,0.0,0.0,0.0,0.0,0.0,0.0,0.0,0.0,0.0,0.0,0.0,0.0
0.0,0.0,0.0,0.0,0.0,0.0,0.0,0.0,0.0,0.0,0.0,0.0,0.0,0.0,0.0,0.0,0.0,0.0,0.0,0.0,0.0,0.0,0.0,0.0,0.0,0.0,0.0,0.0,0.0,0.0
0.0,0.0,0.0,0.0,0.0,0.0,0.0,0.0,0.0,0.0,0.0,0.0,0.0,0.0,0.0,0.0,0.0,0.0,0.0,0.0,0.0,0.0,0.0,0.0,0.0,0.0,0.0,0.0,0.0,0.0
0.0,0.0,0.0,0.0,0.0,0.0,0.0,0.0,0.0,0.0,0.0,0.0,0.0,0.0,0.0,0.0,0.0,0.0,0.0,0.0,0.0,0.0,0.0,0.0,0.0,0.0,0.0,0.0,0.0,0.0
0.0,0.0,0.0,0.0,0.0,0.0,0.0,0.0,0.0,0.0,0.0,0.0,0.0,0.0,0.0,0.0,0.0,0.0,0.0,0.0,0.0,0.0,0.0,0.0,0.0,0.0,0.0,0.0,0.0,0.0
0.0,0.0,0.0,0.0,0.0,0.0,0.0,0.0,0.0,0.0,0.0,0.0,0.0,0.0,0.0,0.0,0.0,0.0,0.0,0.0,0.0,0.0,0.0,0.0,0.0,0.0,0.0,0.0,0.0,0.0
0.0,0.0,0.0,0.0,0.0,0.0,0.0,0.0,0.0,0.0,0.0,0.0,0.0,0.0,0.0,0.0,0.0,0.0,0.0,0.0,0.0,0.0,0.0,0.0,0.0,0.0,0.0,0.0,0.0,0.0
0.0,0.0,0.0,0.0,0.0,0.0,0.0,0.0,0.0,0.0,0.0,0.0,0.0,0.0,0.0,0.0,0.0,0.0,0.0,0.0,0.0,0.0,0.0,0.0,0.0,0.0,0.0,0.0,0.0,0.0
0.0,0.0,0.0,0.0,0.0,0.0,0.0,0.0,0.0,0.0,0.0,0.0,0.0,0.0,0.0,0.0,0.0,0.0,0.0,0.0,0.0,0.0,0.0,0.0,0.0,0.0,0.0,0.0,0.0,0.0
0.0,0.0,0.0,0.0,0.0,0.0,0.0,0.0,0.0,0.0,0.0,0.0,0.0,0.0,0.0,0.0,0.0,0.0,0.0,0.0,0.0,0.0,0.0,0.0,0.0,0.0,0.0,0.0,0.0,0.0
0.0,0.0,0.0,0.0,0.0,0.0,0.0,0.0,0.0,0.0,0.0,0.0,0.0,0.0,0.0,0.0,0.0,0.0,0.0,0.0,0.0,0.0,0.0,0.0,0.0,0.0,0.0,0.0,0.0,0.0
0.0,0.0,0.0,0.0,0.0,0.0,0.0,0.0,0.0,0.0,0.0,0.0,0.0,0.0,0.0,0.0,0.0,0.0,0.0,0.0,0.0,0.0,0.0,0.0,0.0,0.0,0.0,0.0,0.0,0.0
0.0,0.0,0.0,0.0,0.0,0.0,0.0,0.0,0.0,0.0,0.0,0.0,0.0,0.0,0.0,0.0,0.0,0.0,0.0,0.0,0.0,0.0,0.0,0.0,0.0,0.0,0.0,0.0,0.0,0.0
0.0,0.0,0.0,0.0,0.0,0.0,0.0,0.0,0.0,0.0,0.0,0.0,0.0,0.0,0.0,0.0,0.0,0.0,0.0,0.0,0.0,0.0,0.0,0.0,0.0,0.0,0.0,0.0,0.0,0.0
0.0,0.0,0.0,0.0,0.0,0.0,0.0,0.0,0.0,0.0,0.0,0.0,0.0,0.0,0.0,0.0,0.0,0.0,0.0,0.0,0.0,0.0,0.0,0.0,0.0,0.0,0.0,0.0,0.0,0.0
0.0,0.0,0.0,0.0,0.0,0.0,0.0,0.0,0.0,0.0,0.0,0.0,0.0,0.0,0.0,0.0,0.0,0.0,0.0,0.0,0.0,0.0,0.0,0.0,0.0,0.0,0.0,0.0,0.0,0.0
0.0,0.0,0.0,0.0,0.0,0.0,0.0,0.0,0.0,0.0,0.0,0.0,0.0,0.0,0.0,0.0,0.0,0.0,0.0,0.0,0.0,0.0,0.0,0.0,0.0,0.0,0.0,0.0,0.0,0.0
0.0,0.0,0.0,0.0,0.0,0.0,0.0,0.0,0.0,0.0,0.0,0.0,0.0,0.0,0.0,0.0,0.0,0.0,0.0,0.0,0.0,0.0,0.0,0.0,0.0,0.0,0.0,0.0,0.0,0.0
0.0,0.0,0.0,0.0,0.0,0.0,0.0,0.0,0.0,0.0,0.0,0.0,0.0,0.0,0.0,0.0,0.0,0.0,0.0,0.0,0.0,0.0,0.0,0.0,0.0,0.0,0.0,0.0,0.0,0.0
0.0,0.0,0.0,0.0,0.0,0.0,0.0,0.0,0.0,0.0,0.0,0.0,0.0,0.0,0.0,0.0,0.0,0.0,0.0,0.0,0.0,0.0,0.0,0.0,0.0,0.0,0.0,0.0,0.0,0.0
0.0,0.0,0.0,0.0,0.0,0.0,0.0,0.0,0.0,0.0,0.0,0.0,0.0,0.0,0.0,0.0,0.0,0.0,0.0,0.0,0.0,0.0,0.0,0.0,0.0,0.0,0.0,0.0,0.0,0.0
0.0,0.0,0.0,0.0,0.0,0.0,0.0,0.0,0.0,0.0,0.0,0.0,0.0,0.0,0.0,0.0,0.0,0.0,0.0,0.0,0.0,0.0,0.0,0.0,0.0,0.0,0.0,0.0,0.0,0.0
0.0,0.0,0.0,0.0,0.0,0.0,0.0,0.0,0.0,0.0,0.0,0.0,0.0,0.0,0.0,0.0,0.0,0.0,0.0,0.0,0.0,0.0,0.0,0.0,0.0,0.0,0.0,0.0,0.0,0.0
0.0,0.0,0.0,0.0,0.0,0.0,0.0,0.0,0.0,0.0,0.0,0.0,0.0,0.0,0.0,0.0,0.0,0.0,0.0,0.0,0.0,0.0,0.0,0.0,0.0,0.0,0.0,0.0,0.0,0.0
0.0,0.0,0.0,0.0,0.0,0.0,0.0,0.0,0.0,0.0,0.0,0.0,0.0,0.0,0.0,0.0,0.0,0.0,0.0,0.0,0.0,0.0,0.0,0.0,0.0,0.0,0.0,0.0,0.0,0.0
0.0,0.0,0.0,0.0,0.0,0.0,0.0,0.0,0.0,0.0,0.0,0.0,0.0,0.0,0.0,0.0,0.0,0.0,0.0,0.0,0.0,0.0,0.0,0.0,0.0,0.0,0.0,0.0,0.0,0.0
0.0,0.0,0.0,0.0,0.0,0.0,0.0,0.0,0.0,0.0,0.0,0.0,0.0,0.0,0.0,0.0,0.0,0.0,0.0,0.0,0.0,0.0,0.0,0.0,0.0,0.0,0.0,0.0,0.0,0.0
0.0,0.0,0.0,0.0,0.0,0.0,0.0,0.0,0.0,0.0,0.0,0.0,0.0,0.0,0.0,0.0,0.0,0.0,0.0,0.0,0.0,0.0,0.0,0.0,0.0,0.0,0.0,0.0,0.0,0.0
0.0,0.0,0.0,0.0,0.0,0.0,0.0,0.0,0.0,0.0,0.0,0.0,0.0,0.0,0.0,0.0,0.0,0.0,0.0,0.0,0.0,0.0,0.0,0.0,0.0,0.0,0.0,0.0,0.0,0.0
0.0,0.0,0.0,0.0,0.0,0.0,0.0,0.0,0.0,0.0,0.0,0.0,0.0,0.0,0.0,0.0,0.0,0.0,0.0,0.0,0.0,0.0,0.0,0.0,0.0,0.0,0.0,0.0,0.0,0.0
0.0,0.0,0.0,0.0,0.0,0.0,0.0,0.0,0.0,0.0,0.0,0.0,0.0,0.0,0.0,0.0,0.0,0.0,0.0,0.0,0.0,0.0,0.0,0.0,0.0,0.0,0.0,0.0,0.0,0.0
0.0,0.0,0.0,0.0,0.0,0.0,0.0,0.0,0.0,0.0,0.0,0.0,0.0,0.0,0.0,0.0,0.0,0.0,0.0,0.0,0.0,0.0,0.0,0.0,0.0,0.0,0.0,0.0,0.0,0.0
0.0,0.0,0.0,0.0,0.0,0.0,0.0,0.0,0.0,0.0,0.0,0.0,0.0,0.0,0.0,0.0,0.0,0.0,0.0,0.0,0.0,0.0,0.0,0.0,0.0,0.0,0.0,0.0,0.0,0.0
0.0,0.0,0.0,0.0,0.0,0.0,0.0,0.0,0.0,0.0,0.0,0.0,0.0,0.0,0.0,0.0,0.0,0.0,0.0,0.0,0.0,0.0,0.0,0.0,0.0,0.0,0.0,0.0,0.0,0.0
0.0,0.0,0.0,0.0,0.0,0.0,0.0,0.0,0.0,0.0,0.0,0.0,0.0,0.0,0.0,0.0,0.0,0.0,0.0,0.0,0.0,0.0,0.0,0.0,0.0,0.0,0.0,0.0,0.0,0.0
0.0,0.0,0.0,0.0,0.0,0.0,0.0,0.0,0.0,0.0,0.0,0.0,0.0,0.0,0.0,0.0,0.0,0.0,0.0,0.0,0.0,0.0,0.0,0.0,0.0,0.0,0.0,0.0,0.0,0.0
0.0,0.0,0.0,0.0,0.0,0.0,0.0,0.0,0.0,0.0,0.0,0.0,0.0,0.0,0.0,0.0,0.0,0.0,0.0,0.0,0.0,0.0,0.0,0.0,0.0,0.0,0.0,0.0,0.0,0.0
0.0,0.0,0.0,0.0,0.0,0.0,0.0,0.0,0.0,0.0,0.0,0.0,0.0,0.0,0.0,0.0,0.0,0.0,0.0,0.0,0.0,0.0,0.0,0.0,0.0,0.0,0.0,0.0,0.0,0.0
0.0,0.0,0.0,0.0,0.0,0.0,0.0,0.0,0.0,0.0,0.0,0.0,0.0,0.0,0.0,0.0,0.0,0.0,0.0,0.0,0.0,0.0,0.0,0.0,0.0,0.0,0.0,0.0,0.0,0.0
0.0,0.0,0.0,0.0,0.0,0.0,0.0,0.0,0.0,0.0,0.0,0.0,0.0,0.0,0.0,0.0,0.0,0.0,0.0,0.0,0.0,0.0,0.0,0.0,0.0,0.0,0.0,0.0,0.0,0.0
0.0,0.0,0.0,0.0,0.0,0.0,0.0,0.0,0.0,0.0,0.0,0.0,0.0,0.0,0.0,0.0,0.0,0.0,0.0,0.0,0.0,0.0,0.0,0.0,0.0,0.0,0.0,0.0,0.0,0.0
0.0,0.0,0.0,0.0,0.0,0.0,0.0,0.0,0.0,0.0,0.0,0.0,0.0,0.0,0.0,0.0,0.0,0.0,0.0,0.0,0.0,0.0,0.0,0.0,0.0,0.0,0.0,0.0,0.0,0.0
0.0,0.0,0.0,0.0,0.0,0.0,0.0,0.0,0.0,0.0,0.0,0.0,0.0,0.0,0.0,0.0,0.0,0.0,0.0,0.0,0.0,0.0,0.0,0.0,0.0,0.0,0.0,0.0,0.0,0.0
0.0,0.0,0.0,0.0,0.0,0.0,0.0,0.0,0.0,0.0,0.0,0.0,0.0,0.0,0.0,0.0,0.0,0.0,0.0,0.0,0.0,0.0,0.0,0.0,0.0,0.0,0.0,0.0,0.0,0.0
0.0,0.0,0.0,0.0,0.0,0.0,0.0,0.0,0.0,0.0,0.0,0.0,0.0,0.0,0.0,0.0,0.0,0.0,0.0,0.0,0.0,0.0,0.0,0.0,0.0,0.0,0.0,0.0,0.0,0.0
0.0,0.0,0.0,0.0,0.0,0.0,0.0,0.0,0.0,0.0,0.0,0.0,0.0,0.0,0.0,0.0,0.0,0.0,0.0,0.0,0.0,0.0,0.0,0.0,0.0,0.0,0.0,0.0,0.0,0.0
0.0,0.0,0.0,0.0,0.0,0.0,0.0,0.0,0.0,0.0,0.0,0.0,0.0,0.0,0.0,0.0,0.0,0.0,0.0,0.0,0.0,0.0,0.0,0.0,0.0,0.0,0.0,0.0,0.0,0.0
0.0,0.0,0.0,0.0,0.0,0.0,0.0,0.0,0.0,0.0,0.0,0.0,0.0,0.0,0.0,0.0,0.0,0.0,0.0,0.0,0.0,0.0,0.0,0.0,0.0,0.0,0.0,0.0,0.0,0.0
0.0,0.0,0.0,0.0,0.0,0.0,0.0,0.0,0.0,0.0,0.0,0.0,0.0,0.0,0.0,0.0,0.0,0.0,0.0,0.0,0.0,0.0,0.0,0.0,0.0,0.0,0.0,0.0,0.0,0.0
0.0,0.0,0.0,0.0,0.0,0.0,0.0,0.0,0.0,0.0,0.0,0.0,0.0,0.0,0.0,0.0,0.0,0.0,0.0,0.0,0.0,0.0,0.0,0.0,0.0,0.0,0.0,0.0,0.0,0.0
0.0,0.0,0.0,0.0,0.0,0.0,0.0,0.0,0.0,0.0,0.0,0.0,0.0,0.0,0.0,0.0,0.0,0.0,0.0,0.0,0.0,0.0,0.0,0.0,0.0,0.0,0.0,0.0,0.0,0.0
0.0,0.0,0.0,0.0,0.0,0.0,0.0,0.0,0.0,0.0,0.0,0.0,0.0,0.0,0.0,0.0,0.0,0.0,0.0,0.0,0.0,0.0,0.0,0.0,0.0,0.0,0.0,0.0,0.0,0.0
0.0,0.0,0.0,0.0,0.0,0.0,0.0,0.0,0.0,0.0,0.0,0.0,0.0,0.0,0.0,0.0,0.0,0.0,0.0,0.0,0.0,0.0,0.0,0.0,0.0,0.0,0.0,0.0,0.0,0.0
0.0,0.0,0.0,0.0,0.0,0.0,0.0,0.0,0.0,0.0,0.0,0.0,0.0,0.0,0.0,0.0,0.0,0.0,0.0,0.0,0.0,0.0,0.0,0.0,0.0,0.0,0.0,0.0,0.0,0.0
0.0,0.0,0.0,0.0,0.0,0.0,0.0,0.0,0.0,0.0,0.0,0.0,0.0,0.0,0.0,0.0,0.0,0.0,0.0,0.0,0.0,0.0,0.0,0.0,0.0,0.0,0.0,0.0,0.0,0.0
0.0,0.0,0.0,0.0,0.0,0.0,0.0,0.0,0.0,0.0,0.0,0.0,0.0,0.0,0.0,0.0,0.0,0.0,0.0,0.0,0.0,0.0,0.0,0.0,0.0,0.0,0.0,0.0,0.0,0.0
0.0,0.0,0.0,0.0,0.0,0.0,0.0,0.0,0.0,0.0,0.0,0.0,0.0,0.0,0.0,0.0,0.0,0.0,0.0,0.0,0.0,0.0,0.0,0.0,0.0,0.0,0.0,0.0,0.0,0.0
0.0,0.0,0.0,0.0,0.0,0.0,0.0,0.0,0.0,0.0,0.0,0.0,0.0,0.0,0.0,0.0,0.0,0.0,0.0,0.0,0.0,0.0,0.0,0.0,0.0,0.0,0.0,0.0,0.0,0.0
0.0,0.0,0.0,0.0,0.0,0.0,0.0,0.0,0.0,0.0,0.0,0.0,0.0,0.0,0.0,0.0,0.0,0.0,0.0,0.0,0.0,0.0,0.0,0.0,0.0,0.0,0.0,0.0,0.0,0.0
0.0,0.0,0.0,0.0,0.0,0.0,0.0,0.0,0.0,0.0,0.0,0.0,0.0,0.0,0.0,0.0,0.0,0.0,0.0,0.0,0.0,0.0,0.0,0.0,0.0,0.0,0.0,0.0,0.0,0.0
0.0,0.0,0.0,0.0,0.0,0.0,0.0,0.0,0.0,0.0,0.0,0.0,0.0,0.0,0.0,0.0,0.0,0.0,0.0,0.0,0.0,0.0,0.0,0.0,0.0,0.0,0.0,0.0,0.0,0.0
0.0,0.0,0.0,0.0,0.0,0.0,0.0,0.0,0.0,0.0,0.0,0.0,0.0,0.0,0.0,0.0,0.0,0.0,0.0,0.0,0.0,0.0,0.0,0.0,0.0,0.0,0.0,0.0,0.0,0.0
0.0,0.0,0.0,0.0,0.0,0.0,0.0,0.0,0.0,0.0,0.0,0.0,0.0,0.0,0.0,0.0,0.0,0.0,0.0,0.0,0.0,0.0,0.0,0.0,0.0,0.0,0.0,0.0,0.0,0.0
0.0,0.0,0.0,0.0,0.0,0.0,0.0,0.0,0.0,0.0,0.0,0.0,0.0,0.0,0.0,0.0,0.0,0.0,0.0,0.0,0.0,0.0,0.0,0.0,0.0,0.0,0.0,0.0,0.0,0.0
0.0,0.0,0.0,0.0,0.0,0.0,0.0,0.0,0.0,0.0,0.0,0.0,0.0,0.0,0.0,0.0,0.0,0.0,0.0,0.0,0.0,0.0,0.0,0.0,0.0,0.0,0.0,0.0,0.0,0.0
0.0,0.0,0.0,0.0,0.0,0.0,0.0,0.0,0.0,0.0,0.0,0.0,0.0,0.0,0.0,0.0,0.0,0.0,0.0,0.0,0.0,0.0,0.0,0.0,0.0,0.0,0.0,0.0,0.0,0.0
0.0,0.0,0.0,0.0,0.0,0.0,0.0,0.0,0.0,0.0,0.0,0.0,0.0,0.0,0.0,0.0,0.0,0.0,0.0,0.0,0.0,0.0,0.0,0.0,0.0,0.0,0.0,0.0,0.0,0.0
0.0,0.0,0.0,0.0,0.0,0.0,0.0,0.0,0.0,0.0,0.0,0.0,0.0,0.0,0.0,0.0,0.0,0.0,0.0,0.0,0.0,0.0,0.0,0.0,0.0,0.0,0.0,0.0,0.0,0.0
0.0,0.0,0.0,0.0,0.0,0.0,0.0,0.0,0.0,0.0,0.0,0.0,0.0,0.0,0.0,0.0,0.0,0.0,0.0,0.0,0.0,0.0,0.0,0.0,0.0,0.0,0.0,0.0,0.0,0.0
0.0,0.0,0.0,0.0,0.0,0.0,0.0,0.0,0.0,0.0,0.0,0.0,0.0,0.0,0.0,0.0,0.0,0.0,0.0,0.0,0.0,0.0,0.0,0.0,0.0,0.0,0.0,0.0,0.0,0.0
0.0,0.0,0.0,0.0,0.0,0.0,0.0,0.0,0.0,0.0,0.0,0.0,0.0,0.0,0.0,0.0,0.0,0.0,0.0,0.0,0.0,0.0,0.0,0.0,0.0,0.0,0.0,0.0,0.0,0.0
0.0,0.0,0.0,0.0,0.0,0.0,0.0,0.0,0.0,0.0,0.0,0.0,0.0,0.0,0.0,0.0,0.0,0.0,0.0,0.0,0.0,0.0,0.0,0.0,0.0,0.0,0.0,0.0,0.0,0.0
0.0,0.0,0.0,0.0,0.0,0.0,0.0,0.0,0.0,0.0,0.0,0.0,0.0,0.0,0.0,0.0,0.0,0.0,0.0,0.0,0.0,0.0,0.0,0.0,0.0,0.0,0.0,0.0,0.0,0.0
0.0,0.0,0.0,0.0,0.0,0.0,0.0,0.0,0.0,0.0,0.0,0.0,0.0,0.0,0.0,0.0,0.0,0.0,0.0,0.0,0.0,0.0,0.0,0.0,0.0,0.0,0.0,0.0,0.0,0.0
0.0,0.0,0.0,0.0,0.0,0.0,0.0,0.0,0.0,0.0,0.0,0.0,0.0,0.0,0.0,0.0,0.0,0.0,0.0,0.0,0.0,0.0,0.0,0.0,0.0,0.0,0.0,0.0,0.0,0.0
0.0,0.0,0.0,0.0,0.0,0.0,0.0,0.0,0.0,0.0,0.0,0.0,0.0,0.0,0.0,0.0,0.0,0.0,0.0,0.0,0.0,0.0,0.0,0.0,0.0,0.0,0.0,0.0,0.0,0.0
0.0,0.0,0.0,0.0,0.0,0.0,0.0,0.0,0.0,0.0,0.0,0.0,0.0,0.0,0.0,0.0,0.0,0.0,0.0,0.0,0.0,0.0,0.0,0.0,0.0,0.0,0.0,0.0,0.0,0.0
0.0,0.0,0.0,0.0,0.0,0.0,0.0,0.0,0.0,0.0,0.0,0.0,0.0,0.0,0.0,0.0,0.0,0.0,0.0,0.0,0.0,0.0,0.0,0.0,0.0,0.0,0.0,0.0,0.0,0.0
0.0,0.0,0.0,0.0,0.0,0.0,0.0,0.0,0.0,0.0,0.0,0.0,0.0,0.0,0.0,0.0,0.0,0.0,0.0,0.0,0.0,0.0,0.0,0.0,0.0,0.0,0.0,0.0,0.0,0.0
0.0,0.0,0.0,0.0,0.0,0.0,0.0,0.0,0.0,0.0,0.0,0.0,0.0,0.0,0.0,0.0,0.0,0.0,0.0,0.0,0.0,0.0,0.0,0.0,0.0,0.0,0.0,0.0,0.0,0.0
0.0,0.0,0.0,0.0,0.0,0.0,0.0,0.0,0.0,0.0,0.0,0.0,0.0,0.0,0.0,0.0,0.0,0.0,0.0,0.0,0.0,0.0,0.0,0.0,0.0,0.0,0.0,0.0,0.0,0.0
0.0,0.0,0.0,0.0,0.0,0.0,0.0,0.0,0.0,0.0,0.0,0.0,0.0,0.0,0.0,0.0,0.0,0.0,0.0,0.0,0.0,0.0,0.0,0.0,0.0,0.0,0.0,0.0,0.0,0.0
0.0,0.0,0.0,0.0,0.0,0.0,0.0,0.0,0.0,0.0,0.0,0.0,0.0,0.0,0.0,0.0,0.0,0.0,0.0,0.0,0.0,0.0,0.0,0.0,0.0,0.0,0.0,0.0,0.0,0.0
0.0,0.0,0.0,0.0,0.0,0.0,0.0,0.0,0.0,0.0,0.0,0.0,0.0,0.0,0.0,0.0,0.0,0.0,0.0,0.0,0.0,0.0,0.0,0.0,0.0,0.0,0.0,0.0,0.0,0.0
0.0,0.0,0.0,0.0,0.0,0.0,0.0,0.0,0.0,0.0,0.0,0.0,0.0,0.0,0.0,0.0,0.0,0.0,0.0,0.0,0.0,0.0,0.0,0.0,0.0,0.0,0.0,0.0,0.0,0.0
0.0,0.0,0.0,0.0,0.0,0.0,0.0,0.0,0.0,0.0,0.0,0.0,0.0,0.0,0.0,0.0,0.0,0.0,0.0,0.0,0.0,0.0,0.0,0.0,0.0,0.0,0.0,0.0,0.0,0.0
0.0,0.0,0.0,0.0,0.0,0.0,0.0,0.0,0.0,0.0,0.0,0.0,0.0,0.0,0.0,0.0,0.0,0.0,0.0,0.0,0.0,0.0,0.0,0.0,0.0,0.0,0.0,0.0,0.0,0.0
0.0,0.0,0.0,0.0,0.0,0.0,0.0,0.0,0.0,0.0,0.0,0.0,0.0,0.0,0.0,0.0,0.0,0.0,0.0,0.0,0.0,0.0,0.0,0.0,0.0,0.0,0.0,0.0,0.0,0.0
0.0,0.0,0.0,0.0,0.0,0.0,0.0,0.0,0.0,0.0,0.0,0.0,0.0,0.0,0.0,0.0,0.0,0.0,0.0,0.0,0.0,0.0,0.0,0.0,0.0,0.0,0.0,0.0,0.0,0.0
0.0,0.0,0.0,0.0,0.0,0.0,0.0,0.0,0.0,0.0,0.0,0.0,0.0,0.0,0.0,0.0,0.0,0.0,0.0,0.0,0.0,0.0,0.0,0.0,0.0,0.0,0.0,0.0,0.0,0.0
0.0,0.0,0.0,0.0,0.0,0.0,0.0,0.0,0.0,0.0,0.0,0.0,0.0,0.0,0.0,0.0,0.0,0.0,0.0,0.0,0.0,0.0,0.0,0.0,0.0,0.0,0.0,0.0,0.0,0.0
0.0,0.0,0.0,0.0,0.0,0.0,0.0,0.0,0.0,0.0,0.0,0.0,0.0,0.0,0.0,0.0,0.0,0.0,0.0,0.0,0.0,0.0,0.0,0.0,0.0,0.0,0.0,0.0,0.0,0.0
0.0,0.0,0.0,0.0,0.0,0.0,0.0,0.0,0.0,0.0,0.0,0.0,0.0,0.0,0.0,0.0,0.0,0.0,0.0,0.0,0.0,0.0,0.0,0.0,0.0,0.0,0.0,0.0,0.0,0.0
0.0,0.0,0.0,0.0,0.0,0.0,0.0,0.0,0.0,0.0,0.0,0.0,0.0,0.0,0.0,0.0,0.0,0.0,0.0,0.0,0.0,0.0,0.0,0.0,0.0,0.0,0.0,0.0,0.0,0.0
0.0,0.0,0.0,0.0,0.0,0.0,0.0,0.0,0.0,0.0,0.0,0.0,0.0,0.0,0.0,0.0,0.0,0.0,0.0,0.0,0.0,0.0,0.0,0.0,0.0,0.0,0.0,0.0,0.0,0.0
0.0,0.0,0.0,0.0,0.0,0.0,0.0,0.0,0.0,0.0,0.0,0.0,0.0,0.0,0.0,0.0,0.0,0.0,0.0,0.0,0.0,0.0,0.0,0.0,0.0,0.0,0.0,0.0,0.0,0.0
0.0,0.0,0.0,0.0,0.0,0.0,0.0,0.0,0.0,0.0,0.0,0.0,0.0,0.0,0.0,0.0,0.0,0.0,0.0,0.0,0.0,0.0,0.0,0.0,0.0,0.0,0.0,0.0,0.0,0.0
0.0,0.0,0.0,0.0,0.0,0.0,0.0,0.0,0.0,0.0,0.0,0.0,0.0,0.0,0.0,0.0,0.0,0.0,0.0,0.0,0.0,0.0,0.0,0.0,0.0,0.0,0.0,0.0,0.0,0.0
0.0,0.0,0.0,0.0,0.0,0.0,0.0,0.0,0.0,0.0,0.0,0.0,0.0,0.0,0.0,0.0,0.0,0.0,0.0,0.0,0.0,0.0,0.0,0.0,0.0,0.0,0.0,0.0,0.0,0.0
0.0,0.0,0.0,0.0,0.0,0.0,0.0,0.0,0.0,0.0,0.0,0.0,0.0,0.0,0.0,0.0,0.0,0.0,0.0,0.0,0.0,0.0,0.0,0.0,0.0,0.0,0.0,0.0,0.0,0.0
0.0,0.0,0.0,0.0,0.0,0.0,0.0,0.0,0.0,0.0,0.0,0.0,0.0,0.0,0.0,0.0,0.0,0.0,0.0,0.0,0.0,0.0,0.0,0.0,0.0,0.0,0.0,0.0,0.0,0.0
0.0,0.0,0.0,0.0,0.0,0.0,0.0,0.0,0.0,0.0,0.0,0.0,0.0,0.0,0.0,0.0,0.0,0.0,0.0,0.0,0.0,0.0,0.0,0.0,0.0,0.0,0.0,0.0,0.0,0.0
0.0,0.0,0.0,0.0,0.0,0.0,0.0,0.0,0.0,0.0,0.0,0.0,0.0,0.0,0.0,0.0,0.0,0.0,0.0,0.0,0.0,0.0,0.0,0.0,0.0,0.0,0.0,0.0,0.0,0.0
0.0,0.0,0.0,0.0,0.0,0.0,0.0,0.0,0.0,0.0,0.0,0.0,0.0,0.0,0.0,0.0,0.0,0.0,0.0,0.0,0.0,0.0,0.0,0.0,0.0,0.0,0.0,0.0,0.0,0.0
0.0,0.0,0.0,0.0,0.0,0.0,0.0,0.0,0.0,0.0,0.0,0.0,0.0,0.0,0.0,0.0,0.0,0.0,0.0,0.0,0.0,0.0,0.0,0.0,0.0,0.0,0.0,0.0,0.0,0.0
0.0,0.0,0.0,0.0,0.0,0.0,0.0,0.0,0.0,0.0,0.0,0.0,0.0,0.0,0.0,0.0,0.0,0.0,0.0,0.0,0.0,0.0,0.0,0.0,0.0,0.0,0.0,0.0,0.0,0.0
0.0,0.0,0.0,0.0,0.0,0.0,0.0,0.0,0.0,0.0,0.0,0.0,0.0,0.0,0.0,0.0,0.0,0.0,0.0,0.0,0.0,0.0,0.0,0.0,0.0,0.0,0.0,0.0,0.0,0.0
0.0,0.0,0.0,0.0,0.0,0.0,0.0,0.0,0.0,0.0,0.0,0.0,0.0,0.0,0.0,0.0,0.0,0.0,0.0,0.0,0.0,0.0,0.0,0.0,0.0,0.0,0.0,0.0,0.0,0.0
0.0,0.0,0.0,0.0,0.0,0.0,0.0,0.0,0.0,0.0,0.0,0.0,0.0,0.0,0.0,0.0,0.0,0.0,0.0,0.0,0.0,0.0,0.0,0.0,0.0,0.0,0.0,0.0,0.0,0.0
0.0,0.0,0.0,0.0,0.0,0.0,0.0,0.0,0.0,0.0,0.0,0.0,0.0,0.0,0.0,0.0,0.0,0.0,0.0,0.0,0.0,0.0,0.0,0.0,0.0,0.0,0.0,0.0,0.0,0.0
0.0,0.0,0.0,0.0,0.0,0.0,0.0,0.0,0.0,0.0,0.0,0.0,0.0,0.0,0.0,0.0,0.0,0.0,0.0,0.0,0.0,0.0,0.0,0.0,0.0,0.0,0.0,0.0,0.0,0.0
0.0,0.0,0.0,0.0,0.0,0.0,0.0,0.0,0.0,0.0,0.0,0.0,0.0,0.0,0.0,0.0,0.0,0.0,0.0,0.0,0.0,0.0,0.0,0.0,0.0,0.0,0.0,0.0,0.0,0.0
0.0,0.0,0.0,0.0,0.0,0.0,0.0,0.0,0.0,0.0,0.0,0.0,0.0,0.0,0.0,0.0,0.0,0.0,0.0,0.0,0.0,0.0,0.0,0.0,0.0,0.0,0.0,0.0,0.0,0.0
0.0,0.0,0.0,0.0,0.0,0.0,0.0,0.0,0.0,0.0,0.0,0.0,0.0,0.0,0.0,0.0,0.0,0.0,0.0,0.0,0.0,0.0,0.0,0.0,0.0,0.0,0.0,0.0,0.0,0.0
0.0,0.0,0.0,0.0,0.0,0.0,0.0,0.0,0.0,0.0,0.0,0.0,0.0,0.0,0.0,0.0,0.0,0.0,0.0,0.0,0.0,0.0,0.0,0.0,0.0,0.0,0.0,0.0,0.0,0.0
0.0,0.0,0.0,0.0,0.0,0.0,0.0,0.0,0.0,0.0,0.0,0.0,0.0,0.0,0.0,0.0,0.0,0.0,0.0,0.0,0.0,0.0,0.0,0.0,0.0,0.0,0.0,0.0,0.0,0.0
0.0,0.0,0.0,0.0,0.0,0.0,0.0,0.0,0.0,0.0,0.0,0.0,0.0,0.0,0.0,0.0,0.0,0.0,0.0,0.0,0.0,0.0,0.0,0.0,0.0,0.0,0.0,0.0,0.0,0.0
0.0,0.0,0.0,0.0,0.0,0.0,0.0,0.0,0.0,0.0,0.0,0.0,0.0,0.0,0.0,0.0,0.0,0.0,0.0,0.0,0.0,0.0,0.0,0.0,0.0,0.0,0.0,0.0,0.0,0.0
0.0,0.0,0.0,0.0,0.0,0.0,0.0,0.0,0.0,0.0,0.0,0.0,0.0,0.0,0.0,0.0,0.0,0.0,0.0,0.0,0.0,0.0,0.0,0.0,0.0,0.0,0.0,0.0,0.0,0.0
0.0,0.0,0.0,0.0,0.0,0.0,0.0,0.0,0.0,0.0,0.0,0.0,0.0,0.0,0.0,0.0,0.0,0.0,0.0,0.0,0.0,0.0,0.0,0.0,0.0,0.0,0.0,0.0,0.0,0.0
0.0,0.0,0.0,0.0,0.0,0.0,0.0,0.0,0.0,0.0,0.0,0.0,0.0,0.0,0.0,0.0,0.0,0.0,0.0,0.0,0.0,0.0,0.0,0.0,0.0,0.0,0.0,0.0,0.0,0.0
0.0,0.0,0.0,0.0,0.0,0.0,0.0,0.0,0.0,0.0,0.0,0.0,0.0,0.0,0.0,0.0,0.0,0.0,0.0,0.0,0.0,0.0,0.0,0.0,0.0,0.0,0.0,0.0,0.0,0.0
0.0,0.0,0.0,0.0,0.0,0.0,0.0,0.0,0.0,0.0,0.0,0.0,0.0,0.0,0.0,0.0,0.0,0.0,0.0,0.0,0.0,0.0,0.0,0.0,0.0,0.0,0.0,0.0,0.0,0.0
0.0,0.0,0.0,0.0,0.0,0.0,0.0,0.0,0.0,0.0,0.0,0.0,0.0,0.0,0.0,0.0,0.0,0.0,0.0,0.0,0.0,0.0,0.0,0.0,0.0,0.0,0.0,0.0,0.0,0.0
0.0,0.0,0.0,0.0,0.0,0.0,0.0,0.0,0.0,0.0,0.0,0.0,0.0,0.0,0.0,0.0,0.0,0.0,0.0,0.0,0.0,0.0,0.0,0.0,0.0,0.0,0.0,0.0,0.0,0.0
0.0,0.0,0.0,0.0,0.0,0.0,0.0,0.0,0.0,0.0,0.0,0.0,0.0,0.0,0.0,0.0,0.0,0.0,0.0,0.0,0.0,0.0,0.0,0.0,0.0,0.0,0.0,0.0,0.0,0.0
0.0,0.0,0.0,0.0,0.0,0.0,0.0,0.0,0.0,0.0,0.0,0.0,0.0,0.0,0.0,0.0,0.0,0.0,0.0,0.0,0.0,0.0,0.0,0.0,0.0,0.0,0.0,0.0,0.0,0.0
0.0,0.0,0.0,0.0,0.0,0.0,0.0,0.0,0.0,0.0,0.0,0.0,0.0,0.0,0.0,0.0,0.0,0.0,0.0,0.0,0.0,0.0,0.0,0.0,0.0,0.0,0.0,0.0,0.0,0.0
0.0,0.0,0.0,0.0,0.0,0.0,0.0,0.0,0.0,0.0,0.0,0.0,0.0,0.0,0.0,0.0,0.0,0.0,0.0,0.0,0.0,0.0,0.0,0.0,0.0,0.0,0.0,0.0,0.0,0.0
0.0,0.0,0.0,0.0,0.0,0.0,0.0,0.0,0.0,0.0,0.0,0.0,0.0,0.0,0.0,0.0,0.0,0.0,0.0,0.0,0.0,0.0,0.0,0.0,0.0,0.0,0.0,0.0,0.0,0.0
0.0,0.0,0.0,0.0,0.0,0.0,0.0,0.0,0.0,0.0,0.0,0.0,0.0,0.0,0.0,0.0,0.0,0.0,0.0,0.0,0.0,0.0,0.0,0.0,0.0,0.0,0.0,0.0,0.0,0.0
0.0,0.0,0.0,0.0,0.0,0.0,0.0,0.0,0.0,0.0,0.0,0.0,0.0,0.0,0.0,0.0,0.0,0.0,0.0,0.0,0.0,0.0,0.0,0.0,0.0,0.0,0.0,0.0,0.0,0.0
0.0,0.0,0.0,0.0,0.0,0.0,0.0,0.0,0.0,0.0,0.0,0.0,0.0,0.0,0.0,0.0,0.0,0.0,0.0,0.0,0.0,0.0,0.0,0.0,0.0,0.0,0.0,0.0,0.0,0.0
0.0,0.0,0.0,0.0,0.0,0.0,0.0,0.0,0.0,0.0,0.0,0.0,0.0,0.0,0.0,0.0,0.0,0.0,0.0,0.0,0.0,0.0,0.0,0.0,0.0,0.0,0.0,0.0,0.0,0.0
0.0,0.0,0.0,0.0,0.0,0.0,0.0,0.0,0.0,0.0,0.0,0.0,0.0,0.0,0.0,0.0,0.0,0.0,0.0,0.0,0.0,0.0,0.0,0.0,0.0,0.0,0.0,0.0,0.0,0.0
0.0,0.0,0.0,0.0,0.0,0.0,0.0,0.0,0.0,0.0,0.0,0.0,0.0,0.0,0.0,0.0,0.0,0.0,0.0,0.0,0.0,0.0,0.0,0.0,0.0,0.0,0.0,0.0,0.0,0.0
0.0,0.0,0.0,0.0,0.0,0.0,0.0,0.0,0.0,0.0,0.0,0.0,0.0,0.0,0.0,0.0,0.0,0.0,0.0,0.0,0.0,0.0,0.0,0.0,0.0,0.0,0.0,0.0,0.0,0.0
0.0,0.0,0.0,0.0,0.0,0.0,0.0,0.0,0.0,0.0,0.0,0.0,0.0,0.0,0.0,0.0,0.0,0.0,0.0,0.0,0.0,0.0,0.0,0.0,0.0,0.0,0.0,0.0,0.0,0.0
0.0,0.0,0.0,0.0,0.0,0.0,0.0,0.0,0.0,0.0,0.0,0.0,0.0,0.0,0.0,0.0,0.0,0.0,0.0,0.0,0.0,0.0,0.0,0.0,0.0,0.0,0.0,0.0,0.0,0.0
0.0,0.0,0.0,0.0,0.0,0.0,0.0,0.0,0.0,0.0,0.0,0.0,0.0,0.0,0.0,0.0,0.0,0.0,0.0,0.0,0.0,0.0,0.0,0.0,0.0,0.0,0.0,0.0,0.0,0.0
0.0,0.0,0.0,0.0,0.0,0.0,0.0,0.0,0.0,0.0,0.0,0.0,0.0,0.0,0.0,0.0,0.0,0.0,0.0,0.0,0.0,0.0,0.0,0.0,0.0,0.0,0.0,0.0,0.0,0.0
0.0,0.0,0.0,0.0,0.0,0.0,0.0,0.0,0.0,0.0,0.0,0.0,0.0,0.0,0.0,0.0,0.0,0.0,0.0,0.0,0.0,0.0,0.0,0.0,0.0,0.0,0.0,0.0,0.0,0.0
0.0,0.0,0.0,0.0,0.0,0.0,0.0,0.0,0.0,0.0,0.0,0.0,0.0,0.0,0.0,0.0,0.0,0.0,0.0,0.0,0.0,0.0,0.0,0.0,0.0,0.0,0.0,0.0,0.0,0.0
0.0,0.0,0.0,0.0,0.0,0.0,0.0,0.0,0.0,0.0,0.0,0.0,0.0,0.0,0.0,0.0,0.0,0.0,0.0,0.0,0.0,0.0,0.0,0.0,0.0,0.0,0.0,0.0,0.0,0.0
0.0,0.0,0.0,0.0,0.0,0.0,0.0,0.0,0.0,0.0,0.0,0.0,0.0,0.0,0.0,0.0,0.0,0.0,0.0,0.0,0.0,0.0,0.0,0.0,0.0,0.0,0.0,0.0,0.0,0.0
0.0,0.0,0.0,0.0,0.0,0.0,0.0,0.0,0.0,0.0,0.0,0.0,0.0,0.0,0.0,0.0,0.0,0.0,0.0,0.0,0.0,0.0,0.0,0.0,0.0,0.0,0.0,0.0,0.0,0.0
0.0,0.0,0.0,0.0,0.0,0.0,0.0,0.0,0.0,0.0,0.0,0.0,0.0,0.0,0.0,0.0,0.0,0.0,0.0,0.0,0.0,0.0,0.0,0.0,0.0,0.0,0.0,0.0,0.0,0.0
0.0,0.0,0.0,0.0,0.0,0.0,0.0,0.0,0.0,0.0,0.0,0.0,0.0,0.0,0.0,0.0,0.0,0.0,0.0,0.0,0.0,0.0,0.0,0.0,0.0,0.0,0.0,0.0,0.0,0.0
0.0,0.0,0.0,0.0,0.0,0.0,0.0,0.0,0.0,0.0,0.0,0.0,0.0,0.0,0.0,0.0,0.0,0.0,0.0,0.0,0.0,0.0,0.0,0.0,0.0,0.0,0.0,0.0,0.0,0.0
0.0,0.0,0.0,0.0,0.0,0.0,0.0,0.0,0.0,0.0,0.0,0.0,0.0,0.0,0.0,0.0,0.0,0.0,0.0,0.0,0.0,0.0,0.0,0.0,0.0,0.0,0.0,0.0,0.0,0.0
0.0,0.0,0.0,0.0,0.0,0.0,0.0,0.0,0.0,0.0,0.0,0.0,0.0,0.0,0.0,0.0,0.0,0.0,0.0,0.0,0.0,0.0,0.0,0.0,0.0,0.0,0.0,0.0,0.0,0.0
0.0,0.0,0.0,0.0,0.0,0.0,0.0,0.0,0.0,0.0,0.0,0.0,0.0,0.0,0.0,0.0,0.0,0.0,0.0,0.0,0.0,0.0,0.0,0.0,0.0,0.0,0.0,0.0,0.0,0.0
0.0,0.0,0.0,0.0,0.0,0.0,0.0,0.0,0.0,0.0,0.0,0.0,0.0,0.0,0.0,0.0,0.0,0.0,0.0,0.0,0.0,0.0,0.0,0.0,0.0,0.0,0.0,0.0,0.0,0.0
0.0,0.0,0.0,0.0,0.0,0.0,0.0,0.0,0.0,0.0,0.0,0.0,0.0,0.0,0.0,0.0,0.0,0.0,0.0,0.0,0.0,0.0,0.0,0.0,0.0,0.0,0.0,0.0,0.0,0.0
0.0,0.0,0.0,0.0,0.0,0.0,0.0,0.0,0.0,0.0,0.0,0.0,0.0,0.0,0.0,0.0,0.0,0.0,0.0,0.0,0.0,0.0,0.0,0.0,0.0,0.0,0.0,0.0,0.0,0.0
0.0,0.0,0.0,0.0,0.0,0.0,0.0,0.0,0.0,0.0,0.0,0.0,0.0,0.0,0.0,0.0,0.0,0.0,0.0,0.0,0.0,0.0,0.0,0.0,0.0,0.0,0.0,0.0,0.0,0.0
0.0,0.0,0.0,0.0,0.0,0.0,0.0,0.0,0.0,0.0,0.0,0.0,0.0,0.0,0.0,0.0,0.0,0.0,0.0,0.0,0.0,0.0,0.0,0.0,0.0,0.0,0.0,0.0,0.0,0.0
0.0,0.0,0.0,0.0,0.0,0.0,0.0,0.0,0.0,0.0,0.0,0.0,0.0,0.0,0.0,0.0,0.0,0.0,0.0,0.0,0.0,0.0,0.0,0.0,0.0,0.0,0.0,0.0,0.0,0.0
0.0,0.0,0.0,0.0,0.0,0.0,0.0,0.0,0.0,0.0,0.0,0.0,0.0,0.0,0.0,0.0,0.0,0.0,0.0,0.0,0.0,0.0,0.0,0.0,0.0,0.0,0.0,0.0,0.0,0.0
0.0,0.0,0.0,0.0,0.0,0.0,0.0,0.0,0.0,0.0,0.0,0.0,0.0,0.0,0.0,0.0,0.0,0.0,0.0,0.0,0.0,0.0,0.0,0.0,0.0,0.0,0.0,0.0,0.0,0.0
0.0,0.0,0.0,0.0,0.0,0.0,0.0,0.0,0.0,0.0,0.0,0.0,0.0,0.0,0.0,0.0,0.0,0.0,0.0,0.0,0.0,0.0,0.0,0.0,0.0,0.0,0.0,0.0,0.0,0.0
0.0,0.0,0.0,0.0,0.0,0.0,0.0,0.0,0.0,0.0,0.0,0.0,0.0,0.0,0.0,0.0,0.0,0.0,0.0,0.0,0.0,0.0,0.0,0.0,0.0,0.0,0.0,0.0,0.0,0.0
0.0,0.0,0.0,0.0,0.0,0.0,0.0,0.0,0.0,0.0,0.0,0.0,0.0,0.0,0.0,0.0,0.0,0.0,0.0,0.0,0.0,0.0,0.0,0.0,0.0,0.0,0.0,0.0,0.0,0.0
0.0,0.0,0.0,0.0,0.0,0.0,0.0,0.0,0.0,0.0,0.0,0.0,0.0,0.0,0.0,0.0,0.0,0.0,0.0,0.0,0.0,0.0,0.0,0.0,0.0,0.0,0.0,0.0,0.0,0.0
0.0,0.0,0.0,0.0,0.0,0.0,0.0,0.0,0.0,0.0,0.0,0.0,0.0,0.0,0.0,0.0,0.0,0.0,0.0,0.0,0.0,0.0,0.0,0.0,0.0,0.0,0.0,0.0,0.0,0.0
0.0,0.0,0.0,0.0,0.0,0.0,0.0,0.0,0.0,0.0,0.0,0.0,0.0,0.0,0.0,0.0,0.0,0.0,0.0,0.0,0.0,0.0,0.0,0.0,0.0,0.0,0.0,0.0,0.0,0.0
0.0,0.0,0.0,0.0,0.0,0.0,0.0,0.0,0.0,0.0,0.0,0.0,0.0,0.0,0.0,0.0,0.0,0.0,0.0,0.0,0.0,0.0,0.0,0.0,0.0,0.0,0.0,0.0,0.0,0.0
0.0,0.0,0.0,0.0,0.0,0.0,0.0,0.0,0.0,0.0,0.0,0.0,0.0,0.0,0.0,0.0,0.0,0.0,0.0,0.0,0.0,0.0,0.0,0.0,0.0,0.0,0.0,0.0,0.0,0.0
0.0,0.0,0.0,0.0,0.0,0.0,0.0,0.0,0.0,0.0,0.0,0.0,0.0,0.0,0.0,0.0,0.0,0.0,0.0,0.0,0.0,0.0,0.0,0.0,0.0,0.0,0.0,0.0,0.0,0.0
0.0,0.0,0.0,0.0,0.0,0.0,0.0,0.0,0.0,0.0,0.0,0.0,0.0,0.0,0.0,0.0,0.0,0.0,0.0,0.0,0.0,0.0,0.0,0.0,0.0,0.0,0.0,0.0,0.0,0.0
0.0,0.0,0.0,0.0,0.0,0.0,0.0,0.0,0.0,0.0,0.0,0.0,0.0,0.0,0.0,0.0,0.0,0.0,0.0,0.0,0.0,0.0,0.0,0.0,0.0,0.0,0.0,0.0,0.0,0.0
0.0,0.0,0.0,0.0,0.0,0.0,0.0,0.0,0.0,0.0,0.0,0.0,0.0,0.0,0.0,0.0,0.0,0.0,0.0,0.0,0.0,0.0,0.0,0.0,0.0,0.0,0.0,0.0,0.0,0.0
0.0,0.0,0.0,0.0,0.0,0.0,0.0,0.0,0.0,0.0,0.0,0.0,0.0,0.0,0.0,0.0,0.0,0.0,0.0,0.0,0.0,0.0,0.0,0.0,0.0,0.0,0.0,0.0,0.0,0.0
0.0,0.0,0.0,0.0,0.0,0.0,0.0,0.0,0.0,0.0,0.0,0.0,0.0,0.0,0.0,0.0,0.0,0.0,0.0,0.0,0.0,0.0,0.0,0.0,0.0,0.0,0.0,0.0,0.0,0.0
0.0,0.0,0.0,0.0,0.0,0.0,0.0,0.0,0.0,0.0,0.0,0.0,0.0,0.0,0.0,0.0,0.0,0.0,0.0,0.0,0.0,0.0,0.0,0.0,0.0,0.0,0.0,0.0,0.0,0.0
0.0,0.0,0.0,0.0,0.0,0.0,0.0,0.0,0.0,0.0,0.0,0.0,0.0,0.0,0.0,0.0,0.0,0.0,0.0,0.0,0.0,0.0,0.0,0.0,0.0,0.0,0.0,0.0,0.0,0.0
0.0,0.0,0.0,0.0,0.0,0.0,0.0,0.0,0.0,0.0,0.0,0.0,0.0,0.0,0.0,0.0,0.0,0.0,0.0,0.0,0.0,0.0,0.0,0.0,0.0,0.0,0.0,0.0,0.0,0.0
0.0,0.0,0.0,0.0,0.0,0.0,0.0,0.0,0.0,0.0,0.0,0.0,0.0,0.0,0.0,0.0,0.0,0.0,0.0,0.0,0.0,0.0,0.0,0.0,0.0,0.0,0.0,0.0,0.0,0.0
0.0,0.0,0.0,0.0,0.0,0.0,0.0,0.0,0.0,0.0,0.0,0.0,0.0,0.0,0.0,0.0,0.0,0.0,0.0,0.0,0.0,0.0,0.0,0.0,0.0,0.0,0.0,0.0,0.0,0.0
0.0,0.0,0.0,0.0,0.0,0.0,0.0,0.0,0.0,0.0,0.0,0.0,0.0,0.0,0.0,0.0,0.0,0.0,0.0,0.0,0.0,0.0,0.0,0.0,0.0,0.0,0.0,0.0,0.0,0.0
0.0,0.0,0.0,0.0,0.0,0.0,0.0,0.0,0.0,0.0,0.0,0.0,0.0,0.0,0.0,0.0,0.0,0.0,0.0,0.0,0.0,0.0,0.0,0.0,0.0,0.0,0.0,0.0,0.0,0.0
0.0,0.0,0.0,0.0,0.0,0.0,0.0,0.0,0.0,0.0,0.0,0.0,0.0,0.0,0.0,0.0,0.0,0.0,0.0,0.0,0.0,0.0,0.0,0.0,0.0,0.0,0.0,0.0,0.0,0.0
0.0,0.0,0.0,0.0,0.0,0.0,0.0,0.0,0.0,0.0,0.0,0.0,0.0,0.0,0.0,0.0,0.0,0.0,0.0,0.0,0.0,0.0,0.0,0.0,0.0,0.0,0.0,0.0,0.0,0.0
0.0,0.0,0.0,0.0,0.0,0.0,0.0,0.0,0.0,0.0,0.0,0.0,0.0,0.0,0.0,0.0,0.0,0.0,0.0,0.0,0.0,0.0,0.0,0.0,0.0,0.0,0.0,0.0,0.0,0.0
0.0,0.0,0.0,0.0,0.0,0.0,0.0,0.0,0.0,0.0,0.0,0.0,0.0,0.0,0.0,0.0,0.0,0.0,0.0,0.0,0.0,0.0,0.0,0.0,0.0,0.0,0.0,0.0,0.0,0.0
0.0,0.0,0.0,0.0,0.0,0.0,0.0,0.0,0.0,0.0,0.0,0.0,0.0,0.0,0.0,0.0,0.0,0.0,0.0,0.0,0.0,0.0,0.0,0.0,0.0,0.0,0.0,0.0,0.0,0.0
0.0,0.0,0.0,0.0,0.0,0.0,0.0,0.0,0.0,0.0,0.0,0.0,0.0,0.0,0.0,0.0,0.0,0.0,0.0,0.0,0.0,0.0,0.0,0.0,0.0,0.0,0.0,0.0,0.0,0.0
0.0,0.0,0.0,0.0,0.0,0.0,0.0,0.0,0.0,0.0,0.0,0.0,0.0,0.0,0.0,0.0,0.0,0.0,0.0,0.0,0.0,0.0,0.0,0.0,0.0,0.0,0.0,0.0,0.0,0.0
0.0,0.0,0.0,0.0,0.0,0.0,0.0,0.0,0.0,0.0,0.0,0.0,0.0,0.0,0.0,0.0,0.0,0.0,0.0,0.0,0.0,0.0,0.0,0.0,0.0,0.0,0.0,0.0,0.0,0.0
0.0,0.0,0.0,0.0,0.0,0.0,0.0,0.0,0.0,0.0,0.0,0.0,0.0,0.0,0.0,0.0,0.0,0.0,0.0,0.0,0.0,0.0,0.0,0.0,0.0,0.0,0.0,0.0,0.0,0.0
0.0,0.0,0.0,0.0,0.0,0.0,0.0,0.0,0.0,0.0,0.0,0.0,0.0,0.0,0.0,0.0,0.0,0.0,0.0,0.0,0.0,0.0,0.0,0.0,0.0,0.0,0.0,0.0,0.0,0.0
0.0,0.0,0.0,0.0,0.0,0.0,0.0,0.0,0.0,0.0,0.0,0.0,0.0,0.0,0.0,0.0,0.0,0.0,0.0,0.0,0.0,0.0,0.0,0.0,0.0,0.0,0.0,0.0,0.0,0.0
0.0,0.0,0.0,0.0,0.0,0.0,0.0,0.0,0.0,0.0,0.0,0.0,0.0,0.0,0.0,0.0,0.0,0.0,0.0,0.0,0.0,0.0,0.0,0.0,0.0,0.0,0.0,0.0,0.0,0.0
0.0,0.0,0.0,0.0,0.0,0.0,0.0,0.0,0.0,0.0,0.0,0.0,0.0,0.0,0.0,0.0,0.0,0.0,0.0,0.0,0.0,0.0,0.0,0.0,0.0,0.0,0.0,0.0,0.0,0.0
0.0,0.0,0.0,0.0,0.0,0.0,0.0,0.0,0.0,0.0,0.0,0.0,0.0,0.0,0.0,0.0,0.0,0.0,0.0,0.0,0.0,0.0,0.0,0.0,0.0,0.0,0.0,0.0,0.0,0.0
0.0,0.0,0.0,0.0,0.0,0.0,0.0,0.0,0.0,0.0,0.0,0.0,0.0,0.0,0.0,0.0,0.0,0.0,0.0,0.0,0.0,0.0,0.0,0.0,0.0,0.0,0.0,0.0,0.0,0.0
0.0,0.0,0.0,0.0,0.0,0.0,0.0,0.0,0.0,0.0,0.0,0.0,0.0,0.0,0.0,0.0,0.0,0.0,0.0,0.0,0.0,0.0,0.0,0.0,0.0,0.0,0.0,0.0,0.0,0.0
0.0,0.0,0.0,0.0,0.0,0.0,0.0,0.0,0.0,0.0,0.0,0.0,0.0,0.0,0.0,0.0,0.0,0.0,0.0,0.0,0.0,0.0,0.0,0.0,0.0,0.0,0.0,0.0,0.0,0.0
0.0,0.0,0.0,0.0,0.0,0.0,0.0,0.0,0.0,0.0,0.0,0.0,0.0,0.0,0.0,0.0,0.0,0.0,0.0,0.0,0.0,0.0,0.0,0.0,0.0,0.0,0.0,0.0,0.0,0.0
0.0,0.0,0.0,0.0,0.0,0.0,0.0,0.0,0.0,0.0,0.0,0.0,0.0,0.0,0.0,0.0,0.0,0.0,0.0,0.0,0.0,0.0,0.0,0.0,0.0,0.0,0.0,0.0,0.0,0.0
0.0,0.0,0.0,0.0,0.0,0.0,0.0,0.0,0.0,0.0,0.0,0.0,0.0,0.0,0.0,0.0,0.0,0.0,0.0,0.0,0.0,0.0,0.0,0.0,0.0,0.0,0.0,0.0,0.0,0.0
0.0,0.0,0.0,0.0,0.0,0.0,0.0,0.0,0.0,0.0,0.0,0.0,0.0,0.0,0.0,0.0,0.0,0.0,0.0,0.0,0.0,0.0,0.0,0.0,0.0,0.0,0.0,0.0,0.0,0.0
0.0,0.0,0.0,0.0,0.0,0.0,0.0,0.0,0.0,0.0,0.0,0.0,0.0,0.0,0.0,0.0,0.0,0.0,0.0,0.0,0.0,0.0,0.0,0.0,0.0,0.0,0.0,0.0,0.0,0.0
0.0,0.0,0.0,0.0,0.0,0.0,0.0,0.0,0.0,0.0,0.0,0.0,0.0,0.0,0.0,0.0,0.0,0.0,0.0,0.0,0.0,0.0,0.0,0.0,0.0,0.0,0.0,0.0,0.0,0.0
0.0,0.0,0.0,0.0,0.0,0.0,0.0,0.0,0.0,0.0,0.0,0.0,0.0,0.0,0.0,0.0,0.0,0.0,0.0,0.0,0.0,0.0,0.0,0.0,0.0,0.0,0.0,0.0,0.0,0.0
0.0,0.0,0.0,0.0,0.0,0.0,0.0,0.0,0.0,0.0,0.0,0.0,0.0,0.0,0.0,0.0,0.0,0.0,0.0,0.0,0.0,0.0,0.0,0.0,0.0,0.0,0.0,0.0,0.0,0.0
0.0,0.0,0.0,0.0,0.0,0.0,0.0,0.0,0.0,0.0,0.0,0.0,0.0,0.0,0.0,0.0,0.0,0.0,0.0,0.0,0.0,0.0,0.0,0.0,0.0,0.0,0.0,0.0,0.0,0.0
0.0,0.0,0.0,0.0,0.0,0.0,0.0,0.0,0.0,0.0,0.0,0.0,0.0,0.0,0.0,0.0,0.0,0.0,0.0,0.0,0.0,0.0,0.0,0.0,0.0,0.0,0.0,0.0,0.0,0.0
0.0,0.0,0.0,0.0,0.0,0.0,0.0,0.0,0.0,0.0,0.0,0.0,0.0,0.0,0.0,0.0,0.0,0.0,0.0,0.0,0.0,0.0,0.0,0.0,0.0,0.0,0.0,0.0,0.0,0.0
0.0,0.0,0.0,0.0,0.0,0.0,0.0,0.0,0.0,0.0,0.0,0.0,0.0,0.0,0.0,0.0,0.0,0.0,0.0,0.0,0.0,0.0,0.0,0.0,0.0,0.0,0.0,0.0,0.0,0.0
0.0,0.0,0.0,0.0,0.0,0.0,0.0,0.0,0.0,0.0,0.0,0.0,0.0,0.0,0.0,0.0,0.0,0.0,0.0,0.0,0.0,0.0,0.0,0.0,0.0,0.0,0.0,0.0,0.0,0.0
0.0,0.0,0.0,0.0,0.0,0.0,0.0,0.0,0.0,0.0,0.0,0.0,0.0,0.0,0.0,0.0,0.0,0.0,0.0,0.0,0.0,0.0,0.0,0.0,0.0,0.0,0.0,0.0,0.0,0.0
0.0,0.0,0.0,0.0,0.0,0.0,0.0,0.0,0.0,0.0,0.0,0.0,0.0,0.0,0.0,0.0,0.0,0.0,0.0,0.0,0.0,0.0,0.0,0.0,0.0,0.0,0.0,0.0,0.0,0.0
0.0,0.0,0.0,0.0,0.0,0.0,0.0,0.0,0.0,0.0,0.0,0.0,0.0,0.0,0.0,0.0,0.0,0.0,0.0,0.0,0.0,0.0,0.0,0.0,0.0,0.0,0.0,0.0,0.0,0.0
0.0,0.0,0.0,0.0,0.0,0.0,0.0,0.0,0.0,0.0,0.0,0.0,0.0,0.0,0.0,0.0,0.0,0.0,0.0,0.0,0.0,0.0,0.0,0.0,0.0,0.0,0.0,0.0,0.0,0.0
0.0,0.0,0.0,0.0,0.0,0.0,0.0,0.0,0.0,0.0,0.0,0.0,0.0,0.0,0.0,0.0,0.0,0.0,0.0,0.0,0.0,0.0,0.0,0.0,0.0,0.0,0.0,0.0,0.0,0.0
0.0,0.0,0.0,0.0,0.0,0.0,0.0,0.0,0.0,0.0,0.0,0.0,0.0,0.0,0.0,0.0,0.0,0.0,0.0,0.0,0.0,0.0,0.0,0.0,0.0,0.0,0.0,0.0,0.0,0.0
0.0,0.0,0.0,0.0,0.0,0.0,0.0,0.0,0.0,0.0,0.0,0.0,0.0,0.0,0.0,0.0,0.0,0.0,0.0,0.0,0.0,0.0,0.0,0.0,0.0,0.0,0.0,0.0,0.0,0.0
0.0,0.0,0.0,0.0,0.0,0.0,0.0,0.0,0.0,0.0,0.0,0.0,0.0,0.0,0.0,0.0,0.0,0.0,0.0,0.0,0.0,0.0,0.0,0.0,0.0,0.0,0.0,0.0,0.0,0.0
0.0,0.0,0.0,0.0,0.0,0.0,0.0,0.0,0.0,0.0,0.0,0.0,0.0,0.0,0.0,0.0,0.0,0.0,0.0,0.0,0.0,0.0,0.0,0.0,0.0,0.0,0.0,0.0,0.0,0.0
0.0,0.0,0.0,0.0,0.0,0.0,0.0,0.0,0.0,0.0,0.0,0.0,0.0,0.0,0.0,0.0,0.0,0.0,0.0,0.0,0.0,0.0,0.0,0.0,0.0,0.0,0.0,0.0,0.0,0.0
0.0,0.0,0.0,0.0,0.0,0.0,0.0,0.0,0.0,0.0,0.0,0.0,0.0,0.0,0.0,0.0,0.0,0.0,0.0,0.0,0.0,0.0,0.0,0.0,0.0,0.0,0.0,0.0,0.0,0.0
0.0,0.0,0.0,0.0,0.0,0.0,0.0,0.0,0.0,0.0,0.0,0.0,0.0,0.0,0.0,0.0,0.0,0.0,0.0,0.0,0.0,0.0,0.0,0.0,0.0,0.0,0.0,0.0,0.0,0.0
0.0,0.0,0.0,0.0,0.0,0.0,0.0,0.0,0.0,0.0,0.0,0.0,0.0,0.0,0.0,0.0,0.0,0.0,0.0,0.0,0.0,0.0,0.0,0.0,0.0,0.0,0.0,0.0,0.0,0.0
0.0,0.0,0.0,0.0,0.0,0.0,0.0,0.0,0.0,0.0,0.0,0.0,0.0,0.0,0.0,0.0,0.0,0.0,0.0,0.0,0.0,0.0,0.0,0.0,0.0,0.0,0.0,0.0,0.0,0.0
0.0,0.0,0.0,0.0,0.0,0.0,0.0,0.0,0.0,0.0,0.0,0.0,0.0,0.0,0.0,0.0,0.0,0.0,0.0,0.0,0.0,0.0,0.0,0.0,0.0,0.0,0.0,0.0,0.0,0.0
0.0,0.0,0.0,0.0,0.0,0.0,0.0,0.0,0.0,0.0,0.0,0.0,0.0,0.0,0.0,0.0,0.0,0.0,0.0,0.0,0.0,0.0,0.0,0.0,0.0,0.0,0.0,0.0,0.0,0.0
0.0,0.0,0.0,0.0,0.0,0.0,0.0,0.0,0.0,0.0,0.0,0.0,0.0,0.0,0.0,0.0,0.0,0.0,0.0,0.0,0.0,0.0,0.0,0.0,0.0,0.0,0.0,0.0,0.0,0.0
0.0,0.0,0.0,0.0,0.0,0.0,0.0,0.0,0.0,0.0,0.0,0.0,0.0,0.0,0.0,0.0,0.0,0.0,0.0,0.0,0.0,0.0,0.0,0.0,0.0,0.0,0.0,0.0,0.0,0.0
0.0,0.0,0.0,0.0,0.0,0.0,0.0,0.0,0.0,0.0,0.0,0.0,0.0,0.0,0.0,0.0,0.0,0.0,0.0,0.0,0.0,0.0,0.0,0.0,0.0,0.0,0.0,0.0,0.0,0.0
0.0,0.0,0.0,0.0,0.0,0.0,0.0,0.0,0.0,0.0,0.0,0.0,0.0,0.0,0.0,0.0,0.0,0.0,0.0,0.0,0.0,0.0,0.0,0.0,0.0,0.0,0.0,0.0,0.0,0.0
0.0,0.0,0.0,0.0,0.0,0.0,0.0,0.0,0.0,0.0,0.0,0.0,0.0,0.0,0.0,0.0,0.0,0.0,0.0,0.0,0.0,0.0,0.0,0.0,0.0,0.0,0.0,0.0,0.0,0.0
0.0,0.0,0.0,0.0,0.0,0.0,0.0,0.0,0.0,0.0,0.0,0.0,0.0,0.0,0.0,0.0,0.0,0.0,0.0,0.0,0.0,0.0,0.0,0.0,0.0,0.0,0.0,0.0,0.0,0.0
0.0,0.0,0.0,0.0,0.0,0.0,0.0,0.0,0.0,0.0,0.0,0.0,0.0,0.0,0.0,0.0,0.0,0.0,0.0,0.0,0.0,0.0,0.0,0.0,0.0,0.0,0.0,0.0,0.0,0.0
0.0,0.0,0.0,0.0,0.0,0.0,0.0,0.0,0.0,0.0,0.0,0.0,0.0,0.0,0.0,0.0,0.0,0.0,0.0,0.0,0.0,0.0,0.0,0.0,0.0,0.0,0.0,0.0,0.0,0.0
0.0,0.0,0.0,0.0,0.0,0.0,0.0,0.0,0.0,0.0,0.0,0.0,0.0,0.0,0.0,0.0,0.0,0.0,0.0,0.0,0.0,0.0,0.0,0.0,0.0,0.0,0.0,0.0,0.0,0.0
0.0,0.0,0.0,0.0,0.0,0.0,0.0,0.0,0.0,0.0,0.0,0.0,0.0,0.0,0.0,0.0,0.0,0.0,0.0,0.0,0.0,0.0,0.0,0.0,0.0,0.0,0.0,0.0,0.0,0.0
0.0,0.0,0.0,0.0,0.0,0.0,0.0,0.0,0.0,0.0,0.0,0.0,0.0,0.0,0.0,0.0,0.0,0.0,0.0,0.0,0.0,0.0,0.0,0.0,0.0,0.0,0.0,0.0,0.0,0.0
0.0,0.0,0.0,0.0,0.0,0.0,0.0,0.0,0.0,0.0,0.0,0.0,0.0,0.0,0.0,0.0,0.0,0.0,0.0,0.0,0.0,0.0,0.0,0.0,0.0,0.0,0.0,0.0,0.0,0.0
0.0,0.0,0.0,0.0,0.0,0.0,0.0,0.0,0.0,0.0,0.0,0.0,0.0,0.0,0.0,0.0,0.0,0.0,0.0,0.0,0.0,0.0,0.0,0.0,0.0,0.0,0.0,0.0,0.0,0.0
0.0,0.0,0.0,0.0,0.0,0.0,0.0,0.0,0.0,0.0,0.0,0.0,0.0,0.0,0.0,0.0,0.0,0.0,0.0,0.0,0.0,0.0,0.0,0.0,0.0,0.0,0.0,0.0,0.0,0.0
0.0,0.0,0.0,0.0,0.0,0.0,0.0,0.0,0.0,0.0,0.0,0.0,0.0,0.0,0.0,0.0,0.0,0.0,0.0,0.0,0.0,0.0,0.0,0.0,0.0,0.0,0.0,0.0,0.0,0.0
0.0,0.0,0.0,0.0,0.0,0.0,0.0,0.0,0.0,0.0,0.0,0.0,0.0,0.0,0.0,0.0,0.0,0.0,0.0,0.0,0.0,0.0,0.0,0.0,0.0,0.0,0.0,0.0,0.0,0.0
0.0,0.0,0.0,0.0,0.0,0.0,0.0,0.0,0.0,0.0,0.0,0.0,0.0,0.0,0.0,0.0,0.0,0.0,0.0,0.0,0.0,0.0,0.0,0.0,0.0,0.0,0.0,0.0,0.0,0.0
0.0,0.0,0.0,0.0,0.0,0.0,0.0,0.0,0.0,0.0,0.0,0.0,0.0,0.0,0.0,0.0,0.0,0.0,0.0,0.0,0.0,0.0,0.0,0.0,0.0,0.0,0.0,0.0,0.0,0.0
0.0,0.0,0.0,0.0,0.0,0.0,0.0,0.0,0.0,0.0,0.0,0.0,0.0,0.0,0.0,0.0,0.0,0.0,0.0,0.0,0.0,0.0,0.0,0.0,0.0,0.0,0.0,0.0,0.0,0.0
0.0,0.0,0.0,0.0,0.0,0.0,0.0,0.0,0.0,0.0,0.0,0.0,0.0,0.0,0.0,0.0,0.0,0.0,0.0,0.0,0.0,0.0,0.0,0.0,0.0,0.0,0.0,0.0,0.0,0.0
0.0,0.0,0.0,0.0,0.0,0.0,0.0,0.0,0.0,0.0,0.0,0.0,0.0,0.0,0.0,0.0,0.0,0.0,0.0,0.0,0.0,0.0,0.0,0.0,0.0,0.0,0.0,0.0,0.0,0.0
0.0,0.0,0.0,0.0,0.0,0.0,0.0,0.0,0.0,0.0,0.0,0.0,0.0,0.0,0.0,0.0,0.0,0.0,0.0,0.0,0.0,0.0,0.0,0.0,0.0,0.0,0.0,0.0,0.0,0.0
0.0,0.0,0.0,0.0,0.0,0.0,0.0,0.0,0.0,0.0,0.0,0.0,0.0,0.0,0.0,0.0,0.0,0.0,0.0,0.0,0.0,0.0,0.0,0.0,0.0,0.0,0.0,0.0,0.0,0.0
0.0,0.0,0.0,0.0,0.0,0.0,0.0,0.0,0.0,0.0,0.0,0.0,0.0,0.0,0.0,0.0,0.0,0.0,0.0,0.0,0.0,0.0,0.0,0.0,0.0,0.0,0.0,0.0,0.0,0.0
0.0,0.0,0.0,0.0,0.0,0.0,0.0,0.0,0.0,0.0,0.0,0.0,0.0,0.0,0.0,0.0,0.0,0.0,0.0,0.0,0.0,0.0,0.0,0.0,0.0,0.0,0.0,0.0,0.0,0.0
0.0,0.0,0.0,0.0,0.0,0.0,0.0,0.0,0.0,0.0,0.0,0.0,0.0,0.0,0.0,0.0,0.0,0.0,0.0,0.0,0.0,0.0,0.0,0.0,0.0,0.0,0.0,0.0,0.0,0.0
0.0,0.0,0.0,0.0,0.0,0.0,0.0,0.0,0.0,0.0,0.0,0.0,0.0,0.0,0.0,0.0,0.0,0.0,0.0,0.0,0.0,0.0,0.0,0.0,0.0,0.0,0.0,0.0,0.0,0.0
0.0,0.0,0.0,0.0,0.0,0.0,0.0,0.0,0.0,0.0,0.0,0.0,0.0,0.0,0.0,0.0,0.0,0.0,0.0,0.0,0.0,0.0,0.0,0.0,0.0,0.0,0.0,0.0,0.0,0.0
0.0,0.0,0.0,0.0,0.0,0.0,0.0,0.0,0.0,0.0,0.0,0.0,0.0,0.0,0.0,0.0,0.0,0.0,0.0,0.0,0.0,0.0,0.0,0.0,0.0,0.0,0.0,0.0,0.0,0.0
0.0,0.0,0.0,0.0,0.0,0.0,0.0,0.0,0.0,0.0,0.0,0.0,0.0,0.0,0.0,0.0,0.0,0.0,0.0,0.0,0.0,0.0,0.0,0.0,0.0,0.0,0.0,0.0,0.0,0.0
0.0,0.0,0.0,0.0,0.0,0.0,0.0,0.0,0.0,0.0,0.0,0.0,0.0,0.0,0.0,0.0,0.0,0.0,0.0,0.0,0.0,0.0,0.0,0.0,0.0,0.0,0.0,0.0,0.0,0.0
0.0,0.0,0.0,0.0,0.0,0.0,0.0,0.0,0.0,0.0,0.0,0.0,0.0,0.0,0.0,0.0,0.0,0.0,0.0,0.0,0.0,0.0,0.0,0.0,0.0,0.0,0.0,0.0,0.0,0.0
0.0,0.0,0.0,0.0,0.0,0.0,0.0,0.0,0.0,0.0,0.0,0.0,0.0,0.0,0.0,0.0,0.0,0.0,0.0,0.0,0.0,0.0,0.0,0.0,0.0,0.0,0.0,0.0,0.0,0.0
0.0,0.0,0.0,0.0,0.0,0.0,0.0,0.0,0.0,0.0,0.0,0.0,0.0,0.0,0.0,0.0,0.0,0.0,0.0,0.0,0.0,0.0,0.0,0.0,0.0,0.0,0.0,0.0,0.0,0.0
0.0,0.0,0.0,0.0,0.0,0.0,0.0,0.0,0.0,0.0,0.0,0.0,0.0,0.0,0.0,0.0,0.0,0.0,0.0,0.0,0.0,0.0,0.0,0.0,0.0,0.0,0.0,0.0,0.0,0.0
0.0,0.0,0.0,0.0,0.0,0.0,0.0,0.0,0.0,0.0,0.0,0.0,0.0,0.0,0.0,0.0,0.0,0.0,0.0,0.0,0.0,0.0,0.0,0.0,0.0,0.0,0.0,0.0,0.0,0.0
0.0,0.0,0.0,0.0,0.0,0.0,0.0,0.0,0.0,0.0,0.0,0.0,0.0,0.0,0.0,0.0,0.0,0.0,0.0,0.0,0.0,0.0,0.0,0.0,0.0,0.0,0.0,0.0,0.0,0.0
0.0,0.0,0.0,0.0,0.0,0.0,0.0,0.0,0.0,0.0,0.0,0.0,0.0,0.0,0.0,0.0,0.0,0.0,0.0,0.0,0.0,0.0,0.0,0.0,0.0,0.0,0.0,0.0,0.0,0.0
0.0,0.0,0.0,0.0,0.0,0.0,0.0,0.0,0.0,0.0,0.0,0.0,0.0,0.0,0.0,0.0,0.0,0.0,0.0,0.0,0.0,0.0,0.0,0.0,0.0,0.0,0.0,0.0,0.0,0.0
0.0,0.0,0.0,0.0,0.0,0.0,0.0,0.0,0.0,0.0,0.0,0.0,0.0,0.0,0.0,0.0,0.0,0.0,0.0,0.0,0.0,0.0,0.0,0.0,0.0,0.0,0.0,0.0,0.0,0.0
0.0,0.0,0.0,0.0,0.0,0.0,0.0,0.0,0.0,0.0,0.0,0.0,0.0,0.0,0.0,0.0,0.0,0.0,0.0,0.0,0.0,0.0,0.0,0.0,0.0,0.0,0.0,0.0,0.0,0.0
0.0,0.0,0.0,0.0,0.0,0.0,0.0,0.0,0.0,0.0,0.0,0.0,0.0,0.0,0.0,0.0,0.0,0.0,0.0,0.0,0.0,0.0,0.0,0.0,0.0,0.0,0.0,0.0,0.0,0.0
0.0,0.0,0.0,0.0,0.0,0.0,0.0,0.0,0.0,0.0,0.0,0.0,0.0,0.0,0.0,0.0,0.0,0.0,0.0,0.0,0.0,0.0,0.0,0.0,0.0,0.0,0.0,0.0,0.0,0.0
0.0,0.0,0.0,0.0,0.0,0.0,0.0,0.0,0.0,0.0,0.0,0.0,0.0,0.0,0.0,0.0,0.0,0.0,0.0,0.0,0.0,0.0,0.0,0.0,0.0,0.0,0.0,0.0,0.0,0.0
0.0,0.0,0.0,0.0,0.0,0.0,0.0,0.0,0.0,0.0,0.0,0.0,0.0,0.0,0.0,0.0,0.0,0.0,0.0,0.0,0.0,0.0,0.0,0.0,0.0,0.0,0.0,0.0,0.0,0.0
0.0,0.0,0.0,0.0,0.0,0.0,0.0,0.0,0.0,0.0,0.0,0.0,0.0,0.0,0.0,0.0,0.0,0.0,0.0,0.0,0.0,0.0,0.0,0.0,0.0,0.0,0.0,0.0,0.0,0.0
0.0,0.0,0.0,0.0,0.0,0.0,0.0,0.0,0.0,0.0,0.0,0.0,0.0,0.0,0.0,0.0,0.0,0.0,0.0,0.0,0.0,0.0,0.0,0.0,0.0,0.0,0.0,0.0,0.0,0.0
0.0,0.0,0.0,0.0,0.0,0.0,0.0,0.0,0.0,0.0,0.0,0.0,0.0,0.0,0.0,0.0,0.0,0.0,0.0,0.0,0.0,0.0,0.0,0.0,0.0,0.0,0.0,0.0,0.0,0.0
0.0,0.0,0.0,0.0,0.0,0.0,0.0,0.0,0.0,0.0,0.0,0.0,0.0,0.0,0.0,0.0,0.0,0.0,0.0,0.0,0.0,0.0,0.0,0.0,0.0,0.0,0.0,0.0,0.0,0.0
0.0,0.0,0.0,0.0,0.0,0.0,0.0,0.0,0.0,0.0,0.0,0.0,0.0,0.0,0.0,0.0,0.0,0.0,0.0,0.0,0.0,0.0,0.0,0.0,0.0,0.0,0.0,0.0,0.0,0.0
0.0,0.0,0.0,0.0,0.0,0.0,0.0,0.0,0.0,0.0,0.0,0.0,0.0,0.0,0.0,0.0,0.0,0.0,0.0,0.0,0.0,0.0,0.0,0.0,0.0,0.0,0.0,0.0,0.0,0.0
0.0,0.0,0.0,0.0,0.0,0.0,0.0,0.0,0.0,0.0,0.0,0.0,0.0,0.0,0.0,0.0,0.0,0.0,0.0,0.0,0.0,0.0,0.0,0.0,0.0,0.0,0.0,0.0,0.0,0.0
0.0,0.0,0.0,0.0,0.0,0.0,0.0,0.0,0.0,0.0,0.0,0.0,0.0,0.0,0.0,0.0,0.0,0.0,0.0,0.0,0.0,0.0,0.0,0.0,0.0,0.0,0.0,0.0,0.0,0.0
0.0,0.0,0.0,0.0,0.0,0.0,0.0,0.0,0.0,0.0,0.0,0.0,0.0,0.0,0.0,0.0,0.0,0.0,0.0,0.0,0.0,0.0,0.0,0.0,0.0,0.0,0.0,0.0,0.0,0.0
0.0,0.0,0.0,0.0,0.0,0.0,0.0,0.0,0.0,0.0,0.0,0.0,0.0,0.0,0.0,0.0,0.0,0.0,0.0,0.0,0.0,0.0,0.0,0.0,0.0,0.0,0.0,0.0,0.0,0.0
0.0,0.0,0.0,0.0,0.0,0.0,0.0,0.0,0.0,0.0,0.0,0.0,0.0,0.0,0.0,0.0,0.0,0.0,0.0,0.0,0.0,0.0,0.0,0.0,0.0,0.0,0.0,0.0,0.0,0.0
0.0,0.0,0.0,0.0,0.0,0.0,0.0,0.0,0.0,0.0,0.0,0.0,0.0,0.0,0.0,0.0,0.0,0.0,0.0,0.0,0.0,0.0,0.0,0.0,0.0,0.0,0.0,0.0,0.0,0.0
0.0,0.0,0.0,0.0,0.0,0.0,0.0,0.0,0.0,0.0,0.0,0.0,0.0,0.0,0.0,0.0,0.0,0.0,0.0,0.0,0.0,0.0,0.0,0.0,0.0,0.0,0.0,0.0,0.0,0.0
0.0,0.0,0.0,0.0,0.0,0.0,0.0,0.0,0.0,0.0,0.0,0.0,0.0,0.0,0.0,0.0,0.0,0.0,0.0,0.0,0.0,0.0,0.0,0.0,0.0,0.0,0.0,0.0,0.0,0.0
0.0,0.0,0.0,0.0,0.0,0.0,0.0,0.0,0.0,0.0,0.0,0.0,0.0,0.0,0.0,0.0,0.0,0.0,0.0,0.0,0.0,0.0,0.0,0.0,0.0,0.0,0.0,0.0,0.0,0.0
0.0,0.0,0.0,0.0,0.0,0.0,0.0,0.0,0.0,0.0,0.0,0.0,0.0,0.0,0.0,0.0,0.0,0.0,0.0,0.0,0.0,0.0,0.0,0.0,0.0,0.0,0.0,0.0,0.0,0.0
0.0,0.0,0.0,0.0,0.0,0.0,0.0,0.0,0.0,0.0,0.0,0.0,0.0,0.0,0.0,0.0,0.0,0.0,0.0,0.0,0.0,0.0,0.0,0.0,0.0,0.0,0.0,0.0,0.0,0.0
0.0,0.0,0.0,0.0,0.0,0.0,0.0,0.0,0.0,0.0,0.0,0.0,0.0,0.0,0.0,0.0,0.0,0.0,0.0,0.0,0.0,0.0,0.0,0.0,0.0,0.0,0.0,0.0,0.0,0.0
0.0,0.0,0.0,0.0,0.0,0.0,0.0,0.0,0.0,0.0,0.0,0.0,0.0,0.0,0.0,0.0,0.0,0.0,0.0,0.0,0.0,0.0,0.0,0.0,0.0,0.0,0.0,0.0,0.0,0.0
0.0,0.0,0.0,0.0,0.0,0.0,0.0,0.0,0.0,0.0,0.0,0.0,0.0,0.0,0.0,0.0,0.0,0.0,0.0,0.0,0.0,0.0,0.0,0.0,0.0,0.0,0.0,0.0,0.0,0.0
0.0,0.0,0.0,0.0,0.0,0.0,0.0,0.0,0.0,0.0,0.0,0.0,0.0,0.0,0.0,0.0,0.0,0.0,0.0,0.0,0.0,0.0,0.0,0.0,0.0,0.0,0.0,0.0,0.0,0.0
0.0,0.0,0.0,0.0,0.0,0.0,0.0,0.0,0.0,0.0,0.0,0.0,0.0,0.0,0.0,0.0,0.0,0.0,0.0,0.0,0.0,0.0,0.0,0.0,0.0,0.0,0.0,0.0,0.0,0.0
0.0,0.0,0.0,0.0,0.0,0.0,0.0,0.0,0.0,0.0,0.0,0.0,0.0,0.0,0.0,0.0,0.0,0.0,0.0,0.0,0.0,0.0,0.0,0.0,0.0,0.0,0.0,0.0,0.0,0.0
0.0,0.0,0.0,0.0,0.0,0.0,0.0,0.0,0.0,0.0,0.0,0.0,0.0,0.0,0.0,0.0,0.0,0.0,0.0,0.0,0.0,0.0,0.0,0.0,0.0,0.0,0.0,0.0,0.0,0.0
0.0,0.0,0.0,0.0,0.0,0.0,0.0,0.0,0.0,0.0,0.0,0.0,0.0,0.0,0.0,0.0,0.0,0.0,0.0,0.0,0.0,0.0,0.0,0.0,0.0,0.0,0.0,0.0,0.0,0.0
0.0,0.0,0.0,0.0,0.0,0.0,0.0,0.0,0.0,0.0,0.0,0.0,0.0,0.0,0.0,0.0,0.0,0.0,0.0,0.0,0.0,0.0,0.0,0.0,0.0,0.0,0.0,0.0,0.0,0.0
0.0,0.0,0.0,0.0,0.0,0.0,0.0,0.0,0.0,0.0,0.0,0.0,0.0,0.0,0.0,0.0,0.0,0.0,0.0,0.0,0.0,0.0,0.0,0.0,0.0,0.0,0.0,0.0,0.0,0.0
0.0,0.0,0.0,0.0,0.0,0.0,0.0,0.0,0.0,0.0,0.0,0.0,0.0,0.0,0.0,0.0,0.0,0.0,0.0,0.0,0.0,0.0,0.0,0.0,0.0,0.0,0.0,0.0,0.0,0.0
0.0,0.0,0.0,0.0,0.0,0.0,0.0,0.0,0.0,0.0,0.0,0.0,0.0,0.0,0.0,0.0,0.0,0.0,0.0,0.0,0.0,0.0,0.0,0.0,0.0,0.0,0.0,0.0,0.0,0.0
0.0,0.0,0.0,0.0,0.0,0.0,0.0,0.0,0.0,0.0,0.0,0.0,0.0,0.0,0.0,0.0,0.0,0.0,0.0,0.0,0.0,0.0,0.0,0.0,0.0,0.0,0.0,0.0,0.0,0.0
0.0,0.0,0.0,0.0,0.0,0.0,0.0,0.0,0.0,0.0,0.0,0.0,0.0,0.0,0.0,0.0,0.0,0.0,0.0,0.0,0.0,0.0,0.0,0.0,0.0,0.0,0.0,0.0,0.0,0.0
0.0,0.0,0.0,0.0,0.0,0.0,0.0,0.0,0.0,0.0,0.0,0.0,0.0,0.0,0.0,0.0,0.0,0.0,0.0,0.0,0.0,0.0,0.0,0.0,0.0,0.0,0.0,0.0,0.0,0.0
0.0,0.0,0.0,0.0,0.0,0.0,0.0,0.0,0.0,0.0,0.0,0.0,0.0,0.0,0.0,0.0,0.0,0.0,0.0,0.0,0.0,0.0,0.0,0.0,0.0,0.0,0.0,0.0,0.0,0.0
0.0,0.0,0.0,0.0,0.0,0.0,0.0,0.0,0.0,0.0,0.0,0.0,0.0,0.0,0.0,0.0,0.0,0.0,0.0,0.0,0.0,0.0,0.0,0.0,0.0,0.0,0.0,0.0,0.0,0.0
0.0,0.0,0.0,0.0,0.0,0.0,0.0,0.0,0.0,0.0,0.0,0.0,0.0,0.0,0.0,0.0,0.0,0.0,0.0,0.0,0.0,0.0,0.0,0.0,0.0,0.0,0.0,0.0,0.0,0.0
0.0,0.0,0.0,0.0,0.0,0.0,0.0,0.0,0.0,0.0,0.0,0.0,0.0,0.0,0.0,0.0,0.0,0.0,0.0,0.0,0.0,0.0,0.0,0.0,0.0,0.0,0.0,0.0,0.0,0.0
0.0,0.0,0.0,0.0,0.0,0.0,0.0,0.0,0.0,0.0,0.0,0.0,0.0,0.0,0.0,0.0,0.0,0.0,0.0,0.0,0.0,0.0,0.0,0.0,0.0,0.0,0.0,0.0,0.0,0.0
0.0,0.0,0.0,0.0,0.0,0.0,0.0,0.0,0.0,0.0,0.0,0.0,0.0,0.0,0.0,0.0,0.0,0.0,0.0,0.0,0.0,0.0,0.0,0.0,0.0,0.0,0.0,0.0,0.0,0.0
0.0,0.0,0.0,0.0,0.0,0.0,0.0,0.0,0.0,0.0,0.0,0.0,0.0,0.0,0.0,0.0,0.0,0.0,0.0,0.0,0.0,0.0,0.0,0.0,0.0,0.0,0.0,0.0,0.0,0.0
0.0,0.0,0.0,0.0,0.0,0.0,0.0,0.0,0.0,0.0,0.0,0.0,0.0,0.0,0.0,0.0,0.0,0.0,0.0,0.0,0.0,0.0,0.0,0.0,0.0,0.0,0.0,0.0,0.0,0.0
0.0,0.0,0.0,0.0,0.0,0.0,0.0,0.0,0.0,0.0,0.0,0.0,0.0,0.0,0.0,0.0,0.0,0.0,0.0,0.0,0.0,0.0,0.0,0.0,0.0,0.0,0.0,0.0,0.0,0.0
0.0,0.0,0.0,0.0,0.0,0.0,0.0,0.0,0.0,0.0,0.0,0.0,0.0,0.0,0.0,0.0,0.0,0.0,0.0,0.0,0.0,0.0,0.0,0.0,0.0,0.0,0.0,0.0,0.0,0.0
0.0,0.0,0.0,0.0,0.0,0.0,0.0,0.0,0.0,0.0,0.0,0.0,0.0,0.0,0.0,0.0,0.0,0.0,0.0,0.0,0.0,0.0,0.0,0.0,0.0,0.0,0.0,0.0,0.0,0.0
0.0,0.0,0.0,0.0,0.0,0.0,0.0,0.0,0.0,0.0,0.0,0.0,0.0,0.0,0.0,0.0,0.0,0.0,0.0,0.0,0.0,0.0,0.0,0.0,0.0,0.0,0.0,0.0,0.0,0.0
0.0,0.0,0.0,0.0,0.0,0.0,0.0,0.0,0.0,0.0,0.0,0.0,0.0,0.0,0.0,0.0,0.0,0.0,0.0,0.0,0.0,0.0,0.0,0.0,0.0,0.0,0.0,0.0,0.0,0.0
0.0,0.0,0.0,0.0,0.0,0.0,0.0,0.0,0.0,0.0,0.0,0.0,0.0,0.0,0.0,0.0,0.0,0.0,0.0,0.0,0.0,0.0,0.0,0.0,0.0,0.0,0.0,0.0,0.0,0.0
0.0,0.0,0.0,0.0,0.0,0.0,0.0,0.0,0.0,0.0,0.0,0.0,0.0,0.0,0.0,0.0,0.0,0.0,0.0,0.0,0.0,0.0,0.0,0.0,0.0,0.0,0.0,0.0,0.0,0.0
0.0,0.0,0.0,0.0,0.0,0.0,0.0,0.0,0.0,0.0,0.0,0.0,0.0,0.0,0.0,0.0,0.0,0.0,0.0,0.0,0.0,0.0,0.0,0.0,0.0,0.0,0.0,0.0,0.0,0.0
0.0,0.0,0.0,0.0,0.0,0.0,0.0,0.0,0.0,0.0,0.0,0.0,0.0,0.0,0.0,0.0,0.0,0.0,0.0,0.0,0.0,0.0,0.0,0.0,0.0,0.0,0.0,0.0,0.0,0.0
0.0,0.0,0.0,0.0,0.0,0.0,0.0,0.0,0.0,0.0,0.0,0.0,0.0,0.0,0.0,0.0,0.0,0.0,0.0,0.0,0.0,0.0,0.0,0.0,0.0,0.0,0.0,0.0,0.0,0.0
0.0,0.0,0.0,0.0,0.0,0.0,0.0,0.0,0.0,0.0,0.0,0.0,0.0,0.0,0.0,0.0,0.0,0.0,0.0,0.0,0.0,0.0,0.0,0.0,0.0,0.0,0.0,0.0,0.0,0.0
0.0,0.0,0.0,0.0,0.0,0.0,0.0,0.0,0.0,0.0,0.0,0.0,0.0,0.0,0.0,0.0,0.0,0.0,0.0,0.0,0.0,0.0,0.0,0.0,0.0,0.0,0.0,0.0,0.0,0.0
0.0,0.0,0.0,0.0,0.0,0.0,0.0,0.0,0.0,0.0,0.0,0.0,0.0,0.0,0.0,0.0,0.0,0.0,0.0,0.0,0.0,0.0,0.0,0.0,0.0,0.0,0.0,0.0,0.0,0.0
0.0,0.0,0.0,0.0,0.0,0.0,0.0,0.0,0.0,0.0,0.0,0.0,0.0,0.0,0.0,0.0,0.0,0.0,0.0,0.0,0.0,0.0,0.0,0.0,0.0,0.0,0.0,0.0,0.0,0.0
0.0,0.0,0.0,0.0,0.0,0.0,0.0,0.0,0.0,0.0,0.0,0.0,0.0,0.0,0.0,0.0,0.0,0.0,0.0,0.0,0.0,0.0,0.0,0.0,0.0,0.0,0.0,0.0,0.0,0.0
0.0,0.0,0.0,0.0,0.0,0.0,0.0,0.0,0.0,0.0,0.0,0.0,0.0,0.0,0.0,0.0,0.0,0.0,0.0,0.0,0.0,0.0,0.0,0.0,0.0,0.0,0.0,0.0,0.0,0.0
0.0,0.0,0.0,0.0,0.0,0.0,0.0,0.0,0.0,0.0,0.0,0.0,0.0,0.0,0.0,0.0,0.0,0.0,0.0,0.0,0.0,0.0,0.0,0.0,0.0,0.0,0.0,0.0,0.0,0.0
0.0,0.0,0.0,0.0,0.0,0.0,0.0,0.0,0.0,0.0,0.0,0.0,0.0,0.0,0.0,0.0,0.0,0.0,0.0,0.0,0.0,0.0,0.0,0.0,0.0,0.0,0.0,0.0,0.0,0.0
0.0,0.0,0.0,0.0,0.0,0.0,0.0,0.0,0.0,0.0,0.0,0.0,0.0,0.0,0.0,0.0,0.0,0.0,0.0,0.0,0.0,0.0,0.0,0.0,0.0,0.0,0.0,0.0,0.0,0.0
0.0,0.0,0.0,0.0,0.0,0.0,0.0,0.0,0.0,0.0,0.0,0.0,0.0,0.0,0.0,0.0,0.0,0.0,0.0,0.0,0.0,0.0,0.0,0.0,0.0,0.0,0.0,0.0,0.0,0.0
0.0,0.0,0.0,0.0,0.0,0.0,0.0,0.0,0.0,0.0,0.0,0.0,0.0,0.0,0.0,0.0,0.0,0.0,0.0,0.0,0.0,0.0,0.0,0.0,0.0,0.0,0.0,0.0,0.0,0.0
0.0,0.0,0.0,0.0,0.0,0.0,0.0,0.0,0.0,0.0,0.0,0.0,0.0,0.0,0.0,0.0,0.0,0.0,0.0,0.0,0.0,0.0,0.0,0.0,0.0,0.0,0.0,0.0,0.0,0.0
0.0,0.0,0.0,0.0,0.0,0.0,0.0,0.0,0.0,0.0,0.0,0.0,0.0,0.0,0.0,0.0,0.0,0.0,0.0,0.0,0.0,0.0,0.0,0.0,0.0,0.0,0.0,0.0,0.0,0.0
0.0,0.0,0.0,0.0,0.0,0.0,0.0,0.0,0.0,0.0,0.0,0.0,0.0,0.0,0.0,0.0,0.0,0.0,0.0,0.0,0.0,0.0,0.0,0.0,0.0,0.0,0.0,0.0,0.0,0.0
0.0,0.0,0.0,0.0,0.0,0.0,0.0,0.0,0.0,0.0,0.0,0.0,0.0,0.0,0.0,0.0,0.0,0.0,0.0,0.0,0.0,0.0,0.0,0.0,0.0,0.0,0.0,0.0,0.0,0.0
0.0,0.0,0.0,0.0,0.0,0.0,0.0,0.0,0.0,0.0,0.0,0.0,0.0,0.0,0.0,0.0,0.0,0.0,0.0,0.0,0.0,0.0,0.0,0.0,0.0,0.0,0.0,0.0,0.0,0.0
0.0,0.0,0.0,0.0,0.0,0.0,0.0,0.0,0.0,0.0,0.0,0.0,0.0,0.0,0.0,0.0,0.0,0.0,0.0,0.0,0.0,0.0,0.0,0.0,0.0,0.0,0.0,0.0,0.0,0.0
0.0,0.0,0.0,0.0,0.0,0.0,0.0,0.0,0.0,0.0,0.0,0.0,0.0,0.0,0.0,0.0,0.0,0.0,0.0,0.0,0.0,0.0,0.0,0.0,0.0,0.0,0.0,0.0,0.0,0.0
0.0,0.0,0.0,0.0,0.0,0.0,0.0,0.0,0.0,0.0,0.0,0.0,0.0,0.0,0.0,0.0,0.0,0.0,0.0,0.0,0.0,0.0,0.0,0.0,0.0,0.0,0.0,0.0,0.0,0.0
0.0,0.0,0.0,0.0,0.0,0.0,0.0,0.0,0.0,0.0,0.0,0.0,0.0,0.0,0.0,0.0,0.0,0.0,0.0,0.0,0.0,0.0,0.0,0.0,0.0,0.0,0.0,0.0,0.0,0.0
0.0,0.0,0.0,0.0,0.0,0.0,0.0,0.0,0.0,0.0,0.0,0.0,0.0,0.0,0.0,0.0,0.0,0.0,0.0,0.0,0.0,0.0,0.0,0.0,0.0,0.0,0.0,0.0,0.0,0.0
0.0,0.0,0.0,0.0,0.0,0.0,0.0,0.0,0.0,0.0,0.0,0.0,0.0,0.0,0.0,0.0,0.0,0.0,0.0,0.0,0.0,0.0,0.0,0.0,0.0,0.0,0.0,0.0,0.0,0.0
0.0,0.0,0.0,0.0,0.0,0.0,0.0,0.0,0.0,0.0,0.0,0.0,0.0,0.0,0.0,0.0,0.0,0.0,0.0,0.0,0.0,0.0,0.0,0.0,0.0,0.0,0.0,0.0,0.0,0.0
0.0,0.0,0.0,0.0,0.0,0.0,0.0,0.0,0.0,0.0,0.0,0.0,0.0,0.0,0.0,0.0,0.0,0.0,0.0,0.0,0.0,0.0,0.0,0.0,0.0,0.0,0.0,0.0,0.0,0.0
0.0,0.0,0.0,0.0,0.0,0.0,0.0,0.0,0.0,0.0,0.0,0.0,0.0,0.0,0.0,0.0,0.0,0.0,0.0,0.0,0.0,0.0,0.0,0.0,0.0,0.0,0.0,0.0,0.0,0.0
0.0,0.0,0.0,0.0,0.0,0.0,0.0,0.0,0.0,0.0,0.0,0.0,0.0,0.0,0.0,0.0,0.0,0.0,0.0,0.0,0.0,0.0,0.0,0.0,0.0,0.0,0.0,0.0,0.0,0.0
0.0,0.0,0.0,0.0,0.0,0.0,0.0,0.0,0.0,0.0,0.0,0.0,0.0,0.0,0.0,0.0,0.0,0.0,0.0,0.0,0.0,0.0,0.0,0.0,0.0,0.0,0.0,0.0,0.0,0.0
0.0,0.0,0.0,0.0,0.0,0.0,0.0,0.0,0.0,0.0,0.0,0.0,0.0,0.0,0.0,0.0,0.0,0.0,0.0,0.0,0.0,0.0,0.0,0.0,0.0,0.0,0.0,0.0,0.0,0.0
0.0,0.0,0.0,0.0,0.0,0.0,0.0,0.0,0.0,0.0,0.0,0.0,0.0,0.0,0.0,0.0,0.0,0.0,0.0,0.0,0.0,0.0,0.0,0.0,0.0,0.0,0.0,0.0,0.0,0.0
0.0,0.0,0.0,0.0,0.0,0.0,0.0,0.0,0.0,0.0,0.0,0.0,0.0,0.0,0.0,0.0,0.0,0.0,0.0,0.0,0.0,0.0,0.0,0.0,0.0,0.0,0.0,0.0,0.0,0.0
0.0,0.0,0.0,0.0,0.0,0.0,0.0,0.0,0.0,0.0,0.0,0.0,0.0,0.0,0.0,0.0,0.0,0.0,0.0,0.0,0.0,0.0,0.0,0.0,0.0,0.0,0.0,0.0,0.0,0.0
0.0,0.0,0.0,0.0,0.0,0.0,0.0,0.0,0.0,0.0,0.0,0.0,0.0,0.0,0.0,0.0,0.0,0.0,0.0,0.0,0.0,0.0,0.0,0.0,0.0,0.0,0.0,0.0,0.0,0.0
0.0,0.0,0.0,0.0,0.0,0.0,0.0,0.0,0.0,0.0,0.0,0.0,0.0,0.0,0.0,0.0,0.0,0.0,0.0,0.0,0.0,0.0,0.0,0.0,0.0,0.0,0.0,0.0,0.0,0.0
0.0,0.0,0.0,0.0,0.0,0.0,0.0,0.0,0.0,0.0,0.0,0.0,0.0,0.0,0.0,0.0,0.0,0.0,0.0,0.0,0.0,0.0,0.0,0.0,0.0,0.0,0.0,0.0,0.0,0.0
0.0,0.0,0.0,0.0,0.0,0.0,0.0,0.0,0.0,0.0,0.0,0.0,0.0,0.0,0.0,0.0,0.0,0.0,0.0,0.0,0.0,0.0,0.0,0.0,0.0,0.0,0.0,0.0,0.0,0.0
0.0,0.0,0.0,0.0,0.0,0.0,0.0,0.0,0.0,0.0,0.0,0.0,0.0,0.0,0.0,0.0,0.0,0.0,0.0,0.0,0.0,0.0,0.0,0.0,0.0,0.0,0.0,0.0,0.0,0.0
0.0,0.0,0.0,0.0,0.0,0.0,0.0,0.0,0.0,0.0,0.0,0.0,0.0,0.0,0.0,0.0,0.0,0.0,0.0,0.0,0.0,0.0,0.0,0.0,0.0,0.0,0.0,0.0,0.0,0.0
0.0,0.0,0.0,0.0,0.0,0.0,0.0,0.0,0.0,0.0,0.0,0.0,0.0,0.0,0.0,0.0,0.0,0.0,0.0,0.0,0.0,0.0,0.0,0.0,0.0,0.0,0.0,0.0,0.0,0.0
0.0,0.0,0.0,0.0,0.0,0.0,0.0,0.0,0.0,0.0,0.0,0.0,0.0,0.0,0.0,0.0,0.0,0.0,0.0,0.0,0.0,0.0,0.0,0.0,0.0,0.0,0.0,0.0,0.0,0.0
0.0,0.0,0.0,0.0,0.0,0.0,0.0,0.0,0.0,0.0,0.0,0.0,0.0,0.0,0.0,0.0,0.0,0.0,0.0,0.0,0.0,0.0,0.0,0.0,0.0,0.0,0.0,0.0,0.0,0.0
0.0,0.0,0.0,0.0,0.0,0.0,0.0,0.0,0.0,0.0,0.0,0.0,0.0,0.0,0.0,0.0,0.0,0.0,0.0,0.0,0.0,0.0,0.0,0.0,0.0,0.0,0.0,0.0,0.0,0.0
0.0,0.0,0.0,0.0,0.0,0.0,0.0,0.0,0.0,0.0,0.0,0.0,0.0,0.0,0.0,0.0,0.0,0.0,0.0,0.0,0.0,0.0,0.0,0.0,0.0,0.0,0.0,0.0,0.0,0.0
0.0,0.0,0.0,0.0,0.0,0.0,0.0,0.0,0.0,0.0,0.0,0.0,0.0,0.0,0.0,0.0,0.0,0.0,0.0,0.0,0.0,0.0,0.0,0.0,0.0,0.0,0.0,0.0,0.0,0.0
0.0,0.0,0.0,0.0,0.0,0.0,0.0,0.0,0.0,0.0,0.0,0.0,0.0,0.0,0.0,0.0,0.0,0.0,0.0,0.0,0.0,0.0,0.0,0.0,0.0,0.0,0.0,0.0,0.0,0.0
0.0,0.0,0.0,0.0,0.0,0.0,0.0,0.0,0.0,0.0,0.0,0.0,0.0,0.0,0.0,0.0,0.0,0.0,0.0,0.0,0.0,0.0,0.0,0.0,0.0,0.0,0.0,0.0,0.0,0.0
0.0,0.0,0.0,0.0,0.0,0.0,0.0,0.0,0.0,0.0,0.0,0.0,0.0,0.0,0.0,0.0,0.0,0.0,0.0,0.0,0.0,0.0,0.0,0.0,0.0,0.0,0.0,0.0,0.0,0.0
0.0,0.0,0.0,0.0,0.0,0.0,0.0,0.0,0.0,0.0,0.0,0.0,0.0,0.0,0.0,0.0,0.0,0.0,0.0,0.0,0.0,0.0,0.0,0.0,0.0,0.0,0.0,0.0,0.0,0.0
0.0,0.0,0.0,0.0,0.0,0.0,0.0,0.0,0.0,0.0,0.0,0.0,0.0,0.0,0.0,0.0,0.0,0.0,0.0,0.0,0.0,0.0,0.0,0.0,0.0,0.0,0.0,0.0,0.0,0.0
0.0,0.0,0.0,0.0,0.0,0.0,0.0,0.0,0.0,0.0,0.0,0.0,0.0,0.0,0.0,0.0,0.0,0.0,0.0,0.0,0.0,0.0,0.0,0.0,0.0,0.0,0.0,0.0,0.0,0.0
0.0,0.0,0.0,0.0,0.0,0.0,0.0,0.0,0.0,0.0,0.0,0.0,0.0,0.0,0.0,0.0,0.0,0.0,0.0,0.0,0.0,0.0,0.0,0.0,0.0,0.0,0.0,0.0,0.0,0.0
0.0,0.0,0.0,0.0,0.0,0.0,0.0,0.0,0.0,0.0,0.0,0.0,0.0,0.0,0.0,0.0,0.0,0.0,0.0,0.0,0.0,0.0,0.0,0.0,0.0,0.0,0.0,0.0,0.0,0.0
0.0,0.0,0.0,0.0,0.0,0.0,0.0,0.0,0.0,0.0,0.0,0.0,0.0,0.0,0.0,0.0,0.0,0.0,0.0,0.0,0.0,0.0,0.0,0.0,0.0,0.0,0.0,0.0,0.0,0.0
0.0,0.0,0.0,0.0,0.0,0.0,0.0,0.0,0.0,0.0,0.0,0.0,0.0,0.0,0.0,0.0,0.0,0.0,0.0,0.0,0.0,0.0,0.0,0.0,0.0,0.0,0.0,0.0,0.0,0.0
0.0,0.0,0.0,0.0,0.0,0.0,0.0,0.0,0.0,0.0,0.0,0.0,0.0,0.0,0.0,0.0,0.0,0.0,0.0,0.0,0.0,0.0,0.0,0.0,0.0,0.0,0.0,0.0,0.0,0.0
0.0,0.0,0.0,0.0,0.0,0.0,0.0,0.0,0.0,0.0,0.0,0.0,0.0,0.0,0.0,0.0,0.0,0.0,0.0,0.0,0.0,0.0,0.0,0.0,0.0,0.0,0.0,0.0,0.0,0.0
0.0,0.0,0.0,0.0,0.0,0.0,0.0,0.0,0.0,0.0,0.0,0.0,0.0,0.0,0.0,0.0,0.0,0.0,0.0,0.0,0.0,0.0,0.0,0.0,0.0,0.0,0.0,0.0,0.0,0.0
0.0,0.0,0.0,0.0,0.0,0.0,0.0,0.0,0.0,0.0,0.0,0.0,0.0,0.0,0.0,0.0,0.0,0.0,0.0,0.0,0.0,0.0,0.0,0.0,0.0,0.0,0.0,0.0,0.0,0.0
0.0,0.0,0.0,0.0,0.0,0.0,0.0,0.0,0.0,0.0,0.0,0.0,0.0,0.0,0.0,0.0,0.0,0.0,0.0,0.0,0.0,0.0,0.0,0.0,0.0,0.0,0.0,0.0,0.0,0.0
0.0,0.0,0.0,0.0,0.0,0.0,0.0,0.0,0.0,0.0,0.0,0.0,0.0,0.0,0.0,0.0,0.0,0.0,0.0,0.0,0.0,0.0,0.0,0.0,0.0,0.0,0.0,0.0,0.0,0.0
0.0,0.0,0.0,0.0,0.0,0.0,0.0,0.0,0.0,0.0,0.0,0.0,0.0,0.0,0.0,0.0,0.0,0.0,0.0,0.0,0.0,0.0,0.0,0.0,0.0,0.0,0.0,0.0,0.0,0.0
0.0,0.0,0.0,0.0,0.0,0.0,0.0,0.0,0.0,0.0,0.0,0.0,0.0,0.0,0.0,0.0,0.0,0.0,0.0,0.0,0.0,0.0,0.0,0.0,0.0,0.0,0.0,0.0,0.0,0.0
0.0,0.0,0.0,0.0,0.0,0.0,0.0,0.0,0.0,0.0,0.0,0.0,0.0,0.0,0.0,0.0,0.0,0.0,0.0,0.0,0.0,0.0,0.0,0.0,0.0,0.0,0.0,0.0,0.0,0.0
0.0,0.0,0.0,0.0,0.0,0.0,0.0,0.0,0.0,0.0,0.0,0.0,0.0,0.0,0.0,0.0,0.0,0.0,0.0,0.0,0.0,0.0,0.0,0.0,0.0,0.0,0.0,0.0,0.0,0.0
0.0,0.0,0.0,0.0,0.0,0.0,0.0,0.0,0.0,0.0,0.0,0.0,0.0,0.0,0.0,0.0,0.0,0.0,0.0,0.0,0.0,0.0,0.0,0.0,0.0,0.0,0.0,0.0,0.0,0.0
0.0,0.0,0.0,0.0,0.0,0.0,0.0,0.0,0.0,0.0,0.0,0.0,0.0,0.0,0.0,0.0,0.0,0.0,0.0,0.0,0.0,0.0,0.0,0.0,0.0,0.0,0.0,0.0,0.0,0.0
0.0,0.0,0.0,0.0,0.0,0.0,0.0,0.0,0.0,0.0,0.0,0.0,0.0,0.0,0.0,0.0,0.0,0.0,0.0,0.0,0.0,0.0,0.0,0.0,0.0,0.0,0.0,0.0,0.0,0.0
0.0,0.0,0.0,0.0,0.0,0.0,0.0,0.0,0.0,0.0,0.0,0.0,0.0,0.0,0.0,0.0,0.0,0.0,0.0,0.0,0.0,0.0,0.0,0.0,0.0,0.0,0.0,0.0,0.0,0.0
0.0,0.0,0.0,0.0,0.0,0.0,0.0,0.0,0.0,0.0,0.0,0.0,0.0,0.0,0.0,0.0,0.0,0.0,0.0,0.0,0.0,0.0,0.0,0.0,0.0,0.0,0.0,0.0,0.0,0.0
0.0,0.0,0.0,0.0,0.0,0.0,0.0,0.0,0.0,0.0,0.0,0.0,0.0,0.0,0.0,0.0,0.0,0.0,0.0,0.0,0.0,0.0,0.0,0.0,0.0,0.0,0.0,0.0,0.0,0.0
0.0,0.0,0.0,0.0,0.0,0.0,0.0,0.0,0.0,0.0,0.0,0.0,0.0,0.0,0.0,0.0,0.0,0.0,0.0,0.0,0.0,0.0,0.0,0.0,0.0,0.0,0.0,0.0,0.0,0.0
0.0,0.0,0.0,0.0,0.0,0.0,0.0,0.0,0.0,0.0,0.0,0.0,0.0,0.0,0.0,0.0,0.0,0.0,0.0,0.0,0.0,0.0,0.0,0.0,0.0,0.0,0.0,0.0,0.0,0.0
0.0,0.0,0.0,0.0,0.0,0.0,0.0,0.0,0.0,0.0,0.0,0.0,0.0,0.0,0.0,0.0,0.0,0.0,0.0,0.0,0.0,0.0,0.0,0.0,0.0,0.0,0.0,0.0,0.0,0.0
0.0,0.0,0.0,0.0,0.0,0.0,0.0,0.0,0.0,0.0,0.0,0.0,0.0,0.0,0.0,0.0,0.0,0.0,0.0,0.0,0.0,0.0,0.0,0.0,0.0,0.0,0.0,0.0,0.0,0.0
0.0,0.0,0.0,0.0,0.0,0.0,0.0,0.0,0.0,0.0,0.0,0.0,0.0,0.0,0.0,0.0,0.0,0.0,0.0,0.0,0.0,0.0,0.0,0.0,0.0,0.0,0.0,0.0,0.0,0.0
0.0,0.0,0.0,0.0,0.0,0.0,0.0,0.0,0.0,0.0,0.0,0.0,0.0,0.0,0.0,0.0,0.0,0.0,0.0,0.0,0.0,0.0,0.0,0.0,0.0,0.0,0.0,0.0,0.0,0.0
0.0,0.0,0.0,0.0,0.0,0.0,0.0,0.0,0.0,0.0,0.0,0.0,0.0,0.0,0.0,0.0,0.0,0.0,0.0,0.0,0.0,0.0,0.0,0.0,0.0,0.0,0.0,0.0,0.0,0.0
0.0,0.0,0.0,0.0,0.0,0.0,0.0,0.0,0.0,0.0,0.0,0.0,0.0,0.0,0.0,0.0,0.0,0.0,0.0,0.0,0.0,0.0,0.0,0.0,0.0,0.0,0.0,0.0,0.0,0.0
0.0,0.0,0.0,0.0,0.0,0.0,0.0,0.0,0.0,0.0,0.0,0.0,0.0,0.0,0.0,0.0,0.0,0.0,0.0,0.0,0.0,0.0,0.0,0.0,0.0,0.0,0.0,0.0,0.0,0.0
0.0,0.0,0.0,0.0,0.0,0.0,0.0,0.0,0.0,0.0,0.0,0.0,0.0,0.0,0.0,0.0,0.0,0.0,0.0,0.0,0.0,0.0,0.0,0.0,0.0,0.0,0.0,0.0,0.0,0.0
0.0,0.0,0.0,0.0,0.0,0.0,0.0,0.0,0.0,0.0,0.0,0.0,0.0,0.0,0.0,0.0,0.0,0.0,0.0,0.0,0.0,0.0,0.0,0.0,0.0,0.0,0.0,0.0,0.0,0.0
0.0,0.0,0.0,0.0,0.0,0.0,0.0,0.0,0.0,0.0,0.0,0.0,0.0,0.0,0.0,0.0,0.0,0.0,0.0,0.0,0.0,0.0,0.0,0.0,0.0,0.0,0.0,0.0,0.0,0.0
0.0,0.0,0.0,0.0,0.0,0.0,0.0,0.0,0.0,0.0,0.0,0.0,0.0,0.0,0.0,0.0,0.0,0.0,0.0,0.0,0.0,0.0,0.0,0.0,0.0,0.0,0.0,0.0,0.0,0.0
0.0,0.0,0.0,0.0,0.0,0.0,0.0,0.0,0.0,0.0,0.0,0.0,0.0,0.0,0.0,0.0,0.0,0.0,0.0,0.0,0.0,0.0,0.0,0.0,0.0,0.0,0.0,0.0,0.0,0.0
0.0,0.0,0.0,0.0,0.0,0.0,0.0,0.0,0.0,0.0,0.0,0.0,0.0,0.0,0.0,0.0,0.0,0.0,0.0,0.0,0.0,0.0,0.0,0.0,0.0,0.0,0.0,0.0,0.0,0.0
0.0,0.0,0.0,0.0,0.0,0.0,0.0,0.0,0.0,0.0,0.0,0.0,0.0,0.0,0.0,0.0,0.0,0.0,0.0,0.0,0.0,0.0,0.0,0.0,0.0,0.0,0.0,0.0,0.0,0.0
0.0,0.0,0.0,0.0,0.0,0.0,0.0,0.0,0.0,0.0,0.0,0.0,0.0,0.0,0.0,0.0,0.0,0.0,0.0,0.0,0.0,0.0,0.0,0.0,0.0,0.0,0.0,0.0,0.0,0.0
0.0,0.0,0.0,0.0,0.0,0.0,0.0,0.0,0.0,0.0,0.0,0.0,0.0,0.0,0.0,0.0,0.0,0.0,0.0,0.0,0.0,0.0,0.0,0.0,0.0,0.0,0.0,0.0,0.0,0.0
0.0,0.0,0.0,0.0,0.0,0.0,0.0,0.0,0.0,0.0,0.0,0.0,0.0,0.0,0.0,0.0,0.0,0.0,0.0,0.0,0.0,0.0,0.0,0.0,0.0,0.0,0.0,0.0,0.0,0.0
0.0,0.0,0.0,0.0,0.0,0.0,0.0,0.0,0.0,0.0,0.0,0.0,0.0,0.0,0.0,0.0,0.0,0.0,0.0,0.0,0.0,0.0,0.0,0.0,0.0,0.0,0.0,0.0,0.0,0.0
0.0,0.0,0.0,0.0,0.0,0.0,0.0,0.0,0.0,0.0,0.0,0.0,0.0,0.0,0.0,0.0,0.0,0.0,0.0,0.0,0.0,0.0,0.0,0.0,0.0,0.0,0.0,0.0,0.0,0.0
0.0,0.0,0.0,0.0,0.0,0.0,0.0,0.0,0.0,0.0,0.0,0.0,0.0,0.0,0.0,0.0,0.0,0.0,0.0,0.0,0.0,0.0,0.0,0.0,0.0,0.0,0.0,0.0,0.0,0.0
0.0,0.0,0.0,0.0,0.0,0.0,0.0,0.0,0.0,0.0,0.0,0.0,0.0,0.0,0.0,0.0,0.0,0.0,0.0,0.0,0.0,0.0,0.0,0.0,0.0,0.0,0.0,0.0,0.0,0.0
0.0,0.0,0.0,0.0,0.0,0.0,0.0,0.0,0.0,0.0,0.0,0.0,0.0,0.0,0.0,0.0,0.0,0.0,0.0,0.0,0.0,0.0,0.0,0.0,0.0,0.0,0.0,0.0,0.0,0.0
0.0,0.0,0.0,0.0,0.0,0.0,0.0,0.0,0.0,0.0,0.0,0.0,0.0,0.0,0.0,0.0,0.0,0.0,0.0,0.0,0.0,0.0,0.0,0.0,0.0,0.0,0.0,0.0,0.0,0.0
0.0,0.0,0.0,0.0,0.0,0.0,0.0,0.0,0.0,0.0,0.0,0.0,0.0,0.0,0.0,0.0,0.0,0.0,0.0,0.0,0.0,0.0,0.0,0.0,0.0,0.0,0.0,0.0,0.0,0.0
0.0,0.0,0.0,0.0,0.0,0.0,0.0,0.0,0.0,0.0,0.0,0.0,0.0,0.0,0.0,0.0,0.0,0.0,0.0,0.0,0.0,0.0,0.0,0.0,0.0,0.0,0.0,0.0,0.0,0.0
0.0,0.0,0.0,0.0,0.0,0.0,0.0,0.0,0.0,0.0,0.0,0.0,0.0,0.0,0.0,0.0,0.0,0.0,0.0,0.0,0.0,0.0,0.0,0.0,0.0,0.0,0.0,0.0,0.0,0.0
0.0,0.0,0.0,0.0,0.0,0.0,0.0,0.0,0.0,0.0,0.0,0.0,0.0,0.0,0.0,0.0,0.0,0.0,0.0,0.0,0.0,0.0,0.0,0.0,0.0,0.0,0.0,0.0,0.0,0.0
0.0,0.0,0.0,0.0,0.0,0.0,0.0,0.0,0.0,0.0,0.0,0.0,0.0,0.0,0.0,0.0,0.0,0.0,0.0,0.0,0.0,0.0,0.0,0.0,0.0,0.0,0.0,0.0,0.0,0.0
0.0,0.0,0.0,0.0,0.0,0.0,0.0,0.0,0.0,0.0,0.0,0.0,0.0,0.0,0.0,0.0,0.0,0.0,0.0,0.0,0.0,0.0,0.0,0.0,0.0,0.0,0.0,0.0,0.0,0.0
0.0,0.0,0.0,0.0,0.0,0.0,0.0,0.0,0.0,0.0,0.0,0.0,0.0,0.0,0.0,0.0,0.0,0.0,0.0,0.0,0.0,0.0,0.0,0.0,0.0,0.0,0.0,0.0,0.0,0.0
0.0,0.0,0.0,0.0,0.0,0.0,0.0,0.0,0.0,0.0,0.0,0.0,0.0,0.0,0.0,0.0,0.0,0.0,0.0,0.0,0.0,0.0,0.0,0.0,0.0,0.0,0.0,0.0,0.0,0.0
0.0,0.0,0.0,0.0,0.0,0.0,0.0,0.0,0.0,0.0,0.0,0.0,0.0,0.0,0.0,0.0,0.0,0.0,0.0,0.0,0.0,0.0,0.0,0.0,0.0,0.0,0.0,0.0,0.0,0.0
0.0,0.0,0.0,0.0,0.0,0.0,0.0,0.0,0.0,0.0,0.0,0.0,0.0,0.0,0.0,0.0,0.0,0.0,0.0,0.0,0.0,0.0,0.0,0.0,0.0,0.0,0.0,0.0,0.0,0.0
0.0,0.0,0.0,0.0,0.0,0.0,0.0,0.0,0.0,0.0,0.0,0.0,0.0,0.0,0.0,0.0,0.0,0.0,0.0,0.0,0.0,0.0,0.0,0.0,0.0,0.0,0.0,0.0,0.0,0.0
0.0,0.0,0.0,0.0,0.0,0.0,0.0,0.0,0.0,0.0,0.0,0.0,0.0,0.0,0.0,0.0,0.0,0.0,0.0,0.0,0.0,0.0,0.0,0.0,0.0,0.0,0.0,0.0,0.0,0.0
0.0,0.0,0.0,0.0,0.0,0.0,0.0,0.0,0.0,0.0,0.0,0.0,0.0,0.0,0.0,0.0,0.0,0.0,0.0,0.0,0.0,0.0,0.0,0.0,0.0,0.0,0.0,0.0,0.0,0.0
0.0,0.0,0.0,0.0,0.0,0.0,0.0,0.0,0.0,0.0,0.0,0.0,0.0,0.0,0.0,0.0,0.0,0.0,0.0,0.0,0.0,0.0,0.0,0.0,0.0,0.0,0.0,0.0,0.0,0.0
0.0,0.0,0.0,0.0,0.0,0.0,0.0,0.0,0.0,0.0,0.0,0.0,0.0,0.0,0.0,0.0,0.0,0.0,0.0,0.0,0.0,0.0,0.0,0.0,0.0,0.0,0.0,0.0,0.0,0.0
0.0,0.0,0.0,0.0,0.0,0.0,0.0,0.0,0.0,0.0,0.0,0.0,0.0,0.0,0.0,0.0,0.0,0.0,0.0,0.0,0.0,0.0,0.0,0.0,0.0,0.0,0.0,0.0,0.0,0.0
0.0,0.0,0.0,0.0,0.0,0.0,0.0,0.0,0.0,0.0,0.0,0.0,0.0,0.0,0.0,0.0,0.0,0.0,0.0,0.0,0.0,0.0,0.0,0.0,0.0,0.0,0.0,0.0,0.0,0.0
0.0,0.0,0.0,0.0,0.0,0.0,0.0,0.0,0.0,0.0,0.0,0.0,0.0,0.0,0.0,0.0,0.0,0.0,0.0,0.0,0.0,0.0,0.0,0.0,0.0,0.0,0.0,0.0,0.0,0.0
0.0,0.0,0.0,0.0,0.0,0.0,0.0,0.0,0.0,0.0,0.0,0.0,0.0,0.0,0.0,0.0,0.0,0.0,0.0,0.0,0.0,0.0,0.0,0.0,0.0,0.0,0.0,0.0,0.0,0.0
0.0,0.0,0.0,0.0,0.0,0.0,0.0,0.0,0.0,0.0,0.0,0.0,0.0,0.0,0.0,0.0,0.0,0.0,0.0,0.0,0.0,0.0,0.0,0.0,0.0,0.0,0.0,0.0,0.0,0.0
0.0,0.0,0.0,0.0,0.0,0.0,0.0,0.0,0.0,0.0,0.0,0.0,0.0,0.0,0.0,0.0,0.0,0.0,0.0,0.0,0.0,0.0,0.0,0.0,0.0,0.0,0.0,0.0,0.0,0.0
0.0,0.0,0.0,0.0,0.0,0.0,0.0,0.0,0.0,0.0,0.0,0.0,0.0,0.0,0.0,0.0,0.0,0.0,0.0,0.0,0.0,0.0,0.0,0.0,0.0,0.0,0.0,0.0,0.0,0.0
0.0,0.0,0.0,0.0,0.0,0.0,0.0,0.0,0.0,0.0,0.0,0.0,0.0,0.0,0.0,0.0,0.0,0.0,0.0,0.0,0.0,0.0,0.0,0.0,0.0,0.0,0.0,0.0,0.0,0.0
0.0,0.0,0.0,0.0,0.0,0.0,0.0,0.0,0.0,0.0,0.0,0.0,0.0,0.0,0.0,0.0,0.0,0.0,0.0,0.0,0.0,0.0,0.0,0.0,0.0,0.0,0.0,0.0,0.0,0.0
0.0,0.0,0.0,0.0,0.0,0.0,0.0,0.0,0.0,0.0,0.0,0.0,0.0,0.0,0.0,0.0,0.0,0.0,0.0,0.0,0.0,0.0,0.0,0.0,0.0,0.0,0.0,0.0,0.0,0.0
