step,observation,raw_adjustments,adjusted,reward,death_count
1,"[0, 0, 0, 200.0, 200.0, 200.0]","[-1.678197136296406, 1.3944827659502241, 0.28371437034618174]","[-1.678197136296406, 1.3944827659502241, 0.28371437034618174]",3.340456,0
2,"[0, 0, 0, 196.9352882000356, 200.0079681022822, 198.89719970667815]","[3.7489516052519116, -6.821134618488163, 3.0721830132362515]","[3.7489516052519116, -6.821134618488163, 3.0721830132362515]",3.407930,0
3,"[0, 0, 0, 199.32021634786898, 191.82281002637552, 200.60535926249588]","[-0.1419704337399067, 2.8965767131455538, -2.754606279405647]","[-0.1419704337399067, 2.8965767131455538, -2.754606279405647]",2.575745,0
4,"[0, 0, 0, 197.5368276444519, 193.0779684698439, 196.20933471341306]","[-0.9731129296328853, 2.117094736630818, -1.1439818069979317]","[-0.9731129296328853, 2.117094736630818, -1.1439818069979317]",3.124979,0
5,"[0, 0, 0, 195.10537431079686, 193.73672280245256, 193.60701250239296]","[0.28835461290011466, 0.5740548912493264, -0.8624095041494404]","[0.28835461290011466, 0.5740548912493264, -0.8624095041494404]",3.216402,0
6,"[0, 0, 0, 193.96586298456089, 192.8829117545658, 191.31673705910742]","[1.3358641533224156, -3.098732104315456, 1.76286795099304]","[1.3358641533224156, -3.098732104315456, 1.76286795099304]",2.633053,0
7,"[0, 0, 2, 193.67941147199312, 188.1618639843602, 191.4572893442103]","[-0.6761508114467993, 1.3918870521994802, -0.7157362407526815]","[-0.6761508114467993, 1.3918870521994802, -0.7157362407526815]",4.520455,0
8,"[0, 0, 0, 192.32879661234136, 188.8792869883547, 189.11093588599584]","[-1.8948476340208495, -1.6395158123516183, 3.534363446372468]","[-1.8948476340208495, -1.6395158123516183, 3.534363446372468]",2.743185,0
9,"[0, 0, 0, 188.84834382201768, 185.65416601970026, 191.05969417606548]","[5.47843119876101, -5.356737066839315, -0.12169413192169493]","[5.47843119876101, -5.356737066839315, -0.12169413192169493]",2.777437,0
10,"[0, 0, 0, 192.75258741575732, 178.72324134783958, 189.36381243912243]","[1.6997940912849019, 0.9342558783513772, -2.6340499696362794]","[1.6997940912849019, 0.9342558783513772, -2.6340499696362794]",3.277687,0
11,"[0, 0, 0, 193.04494382043345, 178.25005953958217, 185.3223247828774]","[2.0456056142914663, -0.6883611354007986, -1.3572444788906672]","[2.0456056142914663, -0.6883611354007986, -1.3572444788906672]",2.951297,0
12,"[0, 0, 0, 193.5743149503281, 176.04546391978457, 182.4488458195899]","[-1.0047229484731424, -1.3923438522549256, 2.3970668007280675]","[-1.0047229484731424, -1.3923438522549256, 2.3970668007280675]",3.292976,0
13,"[0, 0, 0, 191.16725062467967, 173.25077869035434, 183.44357124314269]","[3.144588345487812, 0.6794539675173791, -3.82404231300519]","[3.144588345487812, 0.6794539675173791, -3.82404231300519]",2.802769,0
14,"[0, 1, 0, 192.7460952524887, 172.3644889401929, 178.05378521245868]","[4.33745298900415, -3.9660097998628245, -0.3714431891413257]","[4.33745298900415, -3.9660097998628245, -0.3714431891413257]",5.916178,0
15,"[0, 0, 0, 196.51843678236173, 167.94487983965755, 177.11723056418626]","[1.5019743515457589, -3.48673937436947, 1.9847650228237113]","[1.5019743515457589, -3.48673937436947, 1.9847650228237113]",2.796181,0
16,"[0, 0, 1, 196.45247137956176, 162.89020071094234, 177.53405583266425]","[-1.8178659005738336, -0.11185615228175594, 1.9297220528555896]","[-1.8178659005738336, -0.11185615228175594, 1.9297220528555896]",4.200968,0
17,"[0, 0, 0, 194.01305211519679, 162.15679119486944, 177.40785299651665]","[6.046284483134362, -4.669380555106937, -1.3769039280274253]","[6.046284483134362, -4.669380555106937, -1.3769039280274253]",2.796298,0
18,"[0, 0, 0, 198.49143585110548, 155.91950989253684, 174.46304832126359]","[-3.243156407120106, 3.02952502935336, 0.21363137776674557]","[-3.243156407120106, 3.02952502935336, 0.21363137776674557]",2.741316,0
19,"[0, 0, 0, 193.66205139116073, 157.36280686906557, 173.0904516462057]","[0.6884041526323443, -1.7200123983465159, 1.0316082457141715]","[0.6884041526323443, -1.7200123983465159, 1.0316082457141715]",1.966772,0
20,"[0, 0, 0, 192.50604618482288, 153.79838511174884, 172.27765053294968]","[1.4111568566448895, -1.0997699632303297, -0.31138689341455955]","[1.4111568566448895, -1.0997699632303297, -0.31138689341455955]",3.047057,0
21,"[0, 0, 0, 192.43288869485582, 151.21430080190655, 170.48194929292316]","[0.40471519259501587, 0.49360799920995113, -0.8983231918049663]","[0.40471519259501587, 0.49360799920995113, -0.8983231918049663]",2.979414,0
22,"[0, 0, 0, 191.3307417263428, 150.20104664000849, 168.07676394001018]","[3.7251683634200927, 1.2191943874298823, -4.944362750849975]","[3.7251683634200927, 1.2191943874298823, -4.944362750849975]",2.901506,0
23,"[0, 0, 0, 193.52307872939465, 149.88740966707013, 161.59956982879197]","[-0.7214758876794722, 2.8491380474971146, -2.1276621598176426]","[-0.7214758876794722, 2.8491380474971146, -2.1276621598176426]",3.059859,0
24,"[0, 0, 0, 191.3215559487224, 151.25650082157443, 157.99186077598154]","[5.622002503439405, -2.465231249422771, -3.1567712540166344]","[5.622002503439405, -2.465231249422771, -3.1567712540166344]",2.928335,0
25,"[2, 0, 0, 195.41967027628087, 147.26738139627074, 153.31120134608398]","[1.498521701334603, -2.2709302584456554, 0.7724085571110524]","[1.498521701334603, -2.2709302584456554, 0.7724085571110524]",3.024355,0
26,"[0, 0, 0, 193.91595368603652, 144.25974773697126, 153.34690650234123]","[0.5057051103716568, -0.6228881015700378, 0.11718299119838127]","[0.5057051103716568, -0.6228881015700378, 0.11718299119838127]",3.051416,0
27,"[0, 0, 0, 192.9387973404493, 142.15399817944237, 151.98122803758073]","[1.3517307773706344, -0.05572494721349741, -1.2960058301571369]","[1.3517307773706344, -0.05572494721349741, -1.2960058301571369]",3.132827,0
28,"[0, 0, 0, 192.8348037928009, 140.64254890720986, 149.2294978824046]","[-3.079123254983851, 0.3757302342108111, 2.7033930207730394]","[-3.079123254983851, 0.3757302342108111, 2.7033930207730394]",3.450871,0
29,"[0, 0, 0, 188.4059709453433, 139.66856954894695, 150.5831813107039]","[-4.114821397341153, 4.642214489176028, -0.5273930918348753]","[-4.114821397341153, 4.642214489176028, -0.5273930918348753]",3.179062,0
30,"[0, 0, 0, 182.8508370047573, 142.87047149487813, 148.61547567562417]","[-0.371439761721978, -1.8443011760075565, 2.2157409377295343]","[-0.371439761721978, -1.8443011760075565, 2.2157409377295343]",3.127464,0
31,"[0, 0, 0, 181.02188511666583, 139.56865819250106, 149.3737044869842]","[0.3838182389762186, -5.026400170658415, 4.642581931682196]","[0.3838182389762186, -5.026400170658415, 4.642581931682196]",3.261634,0
32,"[0, 1, 0, 179.99291475666436, 133.12946942286496, 152.6034978196887]","[-1.1888133532997218, 3.3800639142286335, -2.1912505609289115]","[-1.1888133532997218, 3.3800639142286335, -2.1912505609289115]",5.632958,0
33,"[0, 0, 0, 178.46531003521426, 135.32007436020336, 150.0734558906094]","[-1.122521238635298, 1.5931236650310696, -0.47060242639577066]","[-1.122521238635298, 1.5931236650310696, -0.47060242639577066]",3.094744,0
34,"[0, 0, 0, 175.87436998458156, 135.44477921323704, 148.13443465221624]","[-0.7874938741879196, -0.5954375975409787, 1.3829314717288983]","[-0.7874938741879196, -0.5954375975409787, 1.3829314717288983]",2.923327,0
35,"[0, 0, 0, 173.56131828919865, 133.32378379450105, 147.99180830275014]","[0.0013056277533651794, -0.4452519571610525, 0.4439463294076873]","[0.0013056277533651794, -0.4452519571610525, 0.4439463294076873]",3.164733,0
36,"[0, 0, 0, 172.11753491059093, 131.43344283097892, 146.99066562579674]","[-0.3687001045967083, -3.425646721024315, 3.794346825621023]","[-0.3687001045967083, -3.425646721024315, 3.794346825621023]",2.464026,0
37,"[0, 0, 0, 170.07017664204875, 126.32913794600914, 149.1063542874723]","[1.465836880331309, -0.8594833867591423, -0.6063534935721666]","[1.465836880331309, -0.8594833867591423, -0.6063534935721666]",2.752102,0
38,"[0, 0, 0, 169.95338095442, 123.88702199128993, 146.91736822594007]","[-0.619979048991375, 2.079367842054736, -1.459388793063361]","[-0.619979048991375, 2.079367842054736, -1.459388793063361]",2.928962,0
39,"[0, 0, 0, 167.80972252511287, 124.44271045302892, 143.93430005256096]","[2.6117178725279144, -4.2250527464251775, 1.6133348738972633]","[2.6117178725279144, -4.2250527464251775, 1.6133348738972633]",2.847789,0
40,"[0, 0, 0, 168.87070347704474, 118.6669207860077, 143.99689800586216]","[4.847309209322979, -4.239916869130235, -0.6073923401927426]","[4.847309209322979, -4.239916869130235, -0.6073923401927426]",3.274181,0
41,"[0, 0, 0, 172.3094065182127, 113.01839774872246, 141.98089949751443]","[-0.21310858810399275, -0.416610601680611, 0.6297191897846037]","[-0.21310858810399275, -0.416610601680611, 0.6297191897846037]",3.012269,0
42,"[0, 0, 2, 170.60038744627525, 111.10587666320839, 141.11470820346557]","[0.5984591919052291, -1.695633335308483, 1.0971741434032531]","[0.5984591919052291, -1.695633335308483, 1.0971741434032531]",4.051829,0
43,"[0, 0, 0, 170.65442455780155, 108.86582124752098, 139.85255524121726]","[2.901288746787296, -3.400137649978049, 0.4988489031907529]","[2.901288746787296, -3.400137649978049, 0.4988489031907529]",3.319897,0
44,"[0, 0, 0, 172.1623455885605, 104.0723158815146, 138.95803642837967]","[0.9429701309081662, -0.026481000953542944, -0.9164891299546233]","[0.9429701309081662, -0.026481000953542944, -0.9164891299546233]",3.253594,0
45,"[0, 0, 0, 171.68984691428426, 102.63036607537666, 136.62607849324064]","[-2.728672037726291, 2.596624386621172, 0.1320476511051194]","[-2.728672037726291, 2.596624386621172, 0.1320476511051194]",3.437015,0
46,"[0, 0, 0, 167.6068464552378, 103.87266204067765, 135.40379772302558]","[-1.5471048187095051, -1.05845599917708, 2.605560817886585]","[-1.5471048187095051, -1.05845599917708, 2.605560817886585]",3.225605,0
47,"[1, 0, 0, 164.63494317551468, 101.38940758048696, 136.58456007989855]","[-0.9216116690599616, 0.6648744888077501, 0.2567371802522118]","[-0.9216116690599616, 0.6648744888077501, 0.2567371802522118]",6.810373,0
48,"[2, 0, 0, 163.81696771336954, 101.6576506701744, 136.44466586103044]","[1.414672699486076, -2.161136306822314, 0.7464636073362385]","[1.414672699486076, -2.161136306822314, 0.7464636073362385]",5.692086,0
49,"[0, 0, 0, 164.05896457820958, 99.17889505724138, 136.87351016225597]","[2.5790879257110992, -2.0002211818983797, -0.5788667438127193]","[2.5790879257110992, -2.0002211818983797, -0.5788667438127193]",3.406784,0
50,"[0, 0, 0, 165.27364715748178, 95.8142685289041, 134.93023807200433]","[1.650625775945553, -3.0013195002366073, 1.3506937242910544]","[1.650625775945553, -3.0013195002366073, 1.3506937242910544]",3.610516,0
51,"[0, 0, 0, 165.6277782706056, 91.51645436584577, 134.98443713347368]","[-0.9994751333666532, 0.6289869187260808, 0.37048821464057236]","[-0.9994751333666532, 0.6289869187260808, 0.37048821464057236]",3.266946,0
52,"[0, 0, 0, 163.21728508503952, 90.73442323237244, 133.9439072959148]","[-0.4593095532039031, -1.9582118611693655, 2.417521414373269]","[-0.4593095532039031, -1.9582118611693655, 2.417521414373269]",2.870164,0
53,"[0, 0, 0, 161.21469697800993, 87.23293281737739, 134.8181501564624]","[-1.267388820834304, -3.3451748356673146, 4.612563656501619]","[-1.267388820834304, -3.3451748356673146, 4.612563656501619]",2.800290,0
54,"[0, 0, 0, 158.38073810873726, 82.32118793327172, 137.86414376452566]","[-1.4880936464476229, 0.7858268443485532, 0.7022668020990694]","[-1.4880936464476229, 0.7858268443485532, 0.7022668020990694]",3.396921,0
55,"[0, 0, 0, 155.52495160073323, 81.73932191606387, 137.19871770506833]","[-2.2478476596626553, -1.952436061860668, 4.2002837215233235]","[-2.2478476596626553, -1.952436061860668, 4.2002837215233235]",3.029841,0
56,"[0, 0, 0, 151.78705093110943, 78.29683284424208, 139.90894841663052]","[1.6633800346917638, 0.9596612212891413, -2.623041255980905]","[1.6633800346917638, 0.9596612212891413, -2.623041255980905]",3.375864,0
57,"[0, 0, 0, 152.07571896794525, 77.88178206767526, 135.91119516279366]","[2.270563835805431, -3.0634153128271997, 0.7928514770217683]","[2.270563835805431, -3.0634153128271997, 0.7928514770217683]",2.858069,0
58,"[0, 0, 0, 152.79897250399173, 73.27105645508911, 135.15673634005648]","[-1.0066162828046545, 3.4643492217421663, -2.4577329389375113]","[-1.0066162828046545, 3.4643492217421663, -2.4577329389375113]",2.467393,0
59,"[0, 0, 0, 150.11482044250218, 75.05786989814638, 131.02146762243407]","[-2.382325126096048, -1.554980269077234, 3.937305395173282]","[-2.382325126096048, -1.554980269077234, 3.937305395173282]",2.707705,0
60,"[0, 0, 0, 146.13506369593253, 71.90545800859553, 133.36134139713374]","[-1.0423332283339521, 1.7411383984881983, -0.6988051701542463]","[-1.0423332283339521, 1.7411383984881983, -0.6988051701542463]",3.205201,0
61,"[0, 1, 0, 143.6611308570977, 72.21499679658285, 131.23093661647863]","[-1.317688917810864, 1.8774672385286877, -0.5597783207178242]","[-1.317688917810864, 1.8774672385286877, -0.5597783207178242]",5.673932,0
62,"[0, 0, 0, 141.99023776516188, 72.97280390639732, 130.31795412163584]","[3.232626286835111, -1.9479080075762043, -1.2847182792589065]","[3.232626286835111, -1.9479080075762043, -1.2847182792589065]",2.894255,0
63,"[0, 0, 0, 143.68761569565922, 69.48964754248334, 127.49798748603915]","[2.829305317573561, 0.8127980543560344, -3.6421033719295948]","[2.829305317573561, 0.8127980543560344, -3.6421033719295948]",3.356015,0
64,"[0, 0, 0, 145.13559269974127, 68.92111728334787, 122.47455580061805]","[0.5467802813927611, 0.09090909728373406, -0.6376893786764951]","[0.5467802813927611, 0.09090909728373406, -0.6376893786764951]",3.239280,0
65,"[0, 0, 0, 144.26213288053128, 67.59178628002886, 120.41662632133881]","[-0.31880441152439065, 0.33536542655562374, -0.016561015031233042]","[-0.31880441152439065, 0.33536542655562374, -0.016561015031233042]",2.867835,0
66,"[0, 2, 0, 142.39927363407324, 66.38309687165082, 118.8560104713739]","[1.8303157469773499, -3.9147266411570283, 2.0844108941796784]","[1.8303157469773499, -3.9147266411570283, 2.0844108941796784]",5.529385,0
67,"[0, 0, 0, 144.07735623339357, 60.802221820618726, 120.78818821789658]","[-1.1703458292626652, 1.0283285863447138, 0.14201724291795137]","[-1.1703458292626652, 1.0283285863447138, 0.14201724291795137]",2.618059,0
68,"[0, 0, 0, 141.27969668896944, 60.203236691801955, 119.30289174565304]","[-0.5708643702225098, -0.7727145065994296, 1.3435788768219403]","[-0.5708643702225098, -0.7727145065994296, 1.3435788768219403]",2.794843,0
69,"[0, 2, 0, 139.14044666502855, 57.862136531484154, 119.07808496875661]","[-0.36020276021635, -0.10968669632460903, 0.4698894565409595]","[-0.36020276021635, -0.10968669632460903, 0.4698894565409595]",5.564033,0
70,"[0, 0, 0, 138.4467820696291, 56.48340693114134, 119.21451259011448]","[-2.356411735247234, 0.7316459251677598, 1.6247658100794742]","[-2.356411735247234, 0.7316459251677598, 1.6247658100794742]",3.005133,0
71,"[0, 1, 0, 134.59208120777296, 55.716763729700176, 119.34098927358504]","[2.2069060622001264, 4.16787851077476, -6.374784572974886]","[2.2069060622001264, 4.16787851077476, -6.374784572974886]",5.924801,0
72,"[0, 0, 0, 136.58392319032842, 58.7395709517342, 112.75114062096547]","[4.914804316313617, -4.220955457293257, -0.6938488590203609]","[4.914804316313617, -4.220955457293257, -0.6938488590203609]",3.276991,0
73,"[0, 0, 0, 140.09105775385862, 53.11094574165752, 110.64962200916169]","[1.9857374122344567, -1.5800007581442495, -0.40573665409020737]","[1.9857374122344567, -1.5800007581442495, -0.40573665409020737]",3.039091,0
74,"[0, 0, 0, 140.58982544400013, 50.04397526142031, 108.75691563297852]","[3.6578532759049582, -0.6787051581005749, -2.979148117804383]","[3.6578532759049582, -0.6787051581005749, -2.979148117804383]",2.532646,0
75,"[0, 0, 0, 142.5918942030115, 47.70948558642614, 104.12198299828054]","[1.714227202115757, 0.8559366350466919, -2.5701638371624487]","[1.714227202115757, 0.8559366350466919, -2.5701638371624487]",3.505542,0
76,"[0, 0, 0, 142.9746352729376, 47.23393608928319, 100.22033302892845]","[-1.9196123022411395, 3.4993954972874564, -1.5797831950463173]","[-1.9196123022411395, 3.4993954972874564, -1.5797831950463173]",3.061871,0
77,"[0, 0, 0, 139.57564666247964, 49.253955278353814, 97.1611735256653]","[-1.1868561669086597, -0.6042352777092701, 1.7910914446179298]","[-1.1868561669086597, -0.6042352777092701, 1.7910914446179298]",2.989720,0
78,"[0, 0, 0, 136.88536375359166, 47.14629325866522, 97.44883822830391]","[0.3853726296133052, -0.3827015071242963, -0.0026711224890089147]","[0.3853726296133052, -0.3827015071242963, -0.0026711224890089147]",3.165189,0
79,"[1, 0, 0, 135.82579943791126, 45.3186548062472, 96.00123016052119]","[-0.17719337843158134, -1.0430920529128496, 1.220285431344431]","[-0.17719337843158134, -1.0430920529128496, 1.220285431344431]",6.705466,0
80,"[0, 0, 1, 136.0419810424286, 43.681608099512935, 96.6275609380442]","[3.51595667211426, -1.9250027271206471, -1.5909539449936116]","[3.51595667211426, -1.9250027271206471, -1.5909539449936116]",6.176048,0
81,"[2, 0, 0, 139.13282530491134, 41.33149296276075, 94.56288007230866]","[-2.232371784914753, 3.3038318593007947, -1.0714600743860418]","[-2.232371784914753, 3.3038318593007947, -1.0714600743860418]",4.819591,0
82,"[0, 0, 0, 134.9589255517656, 44.26588419694228, 93.12197937280335]","[-1.442049891374037, 3.0743235504323145, -1.6322736590582776]","[-1.442049891374037, 3.0743235504323145, -1.6322736590582776]",2.683536,0
83,"[0, 0, 0, 131.9113877508207, 45.734719837803745, 89.88421780417423]","[1.195073810904168, -2.0023712942025518, 0.8072974832983841]","[1.195073810904168, -2.0023712942025518, 0.8072974832983841]",2.769619,0
84,"[0, 0, 0, 131.5296679819742, 42.15555496385054, 89.11472170772196]","[0.6743889595881027, 6.499923695289715, -7.174312654877817]","[0.6743889595881027, 6.499923695289715, -7.174312654877817]",2.924600,0
85,"[0, 0, 0, 130.67892368657192, 47.130345404149864, 80.41527579785375]","[0.2924916074364058, 1.2514080701174581, -1.5438996775538638]","[0.2924916074364058, 1.2514080701174581, -1.5438996775538638]",3.078577,0
86,"[0, 0, 0, 129.4976076406807, 46.907945820939695, 77.39756846697226]","[0.8120075836687723, 3.421671132208098, -4.233678715876871]","[0.8120075836687723, 3.421671132208098, -4.233678715876871]",2.593243,0
87,"[0, 0, 0, 128.67402956058376, 48.694031289382075, 71.52830408732967]","[4.638176639068805, -2.9928938645528698, -1.6452827745159357]","[4.638176639068805, -2.9928938645528698, -1.6452827745159357]",2.750520,0
88,"[0, 0, 0, 131.72904611287504, 44.11797733805169, 68.29986122603623]","[-0.36780773851505055, -0.34313663412850426, 0.7109443726435547]","[-0.36780773851505055, -0.34313663412850426, 0.7109443726435547]",2.719938,0
89,"[0, 0, 0, 129.7678844876575, 42.181486817220716, 67.41745171197732]","[0.13310117173319358, 1.3238452377448826, -1.456946409478076]","[0.13310117173319358, 1.3238452377448826, -1.456946409478076]",3.284601,0
90,"[0, 0, 0, 128.4958526232305, 42.10019901880537, 64.55537226633902]","[-2.637890026350749, -2.7640005686450104, 5.40189059499576]","[-2.637890026350749, -2.7640005686450104, 5.40189059499576]",3.459325,0
91,"[0, 0, 0, 124.51107105249523, 37.989306905775834, 68.61037131695026]","[0.8733773888417002, 2.3340188337576984, -3.207396222599399]","[0.8733773888417002, 2.3340188337576984, -3.207396222599399]",2.860902,0
92,"[0, 0, 0, 123.83808233744976, 38.776959635646364, 63.8566089904637]","[1.192145669898257, 0.34401306704194523, -1.5361587369402017]","[1.192145669898257, 0.34401306704194523, -1.5361587369402017]",3.054183,0
93,"[2, 0, 0, 123.54828917168038, 37.639033867020665, 60.838511417855855]","[-0.7737972865372458, -1.0153727632466125, 1.7891700497838585]","[-0.7737972865372458, -1.0153727632466125, 1.7891700497838585]",5.565481,0
94,"[0, 0, 0, 121.93920464786288, 36.074045213335985, 62.07806557720165]","[-0.4242075207222965, -1.5359713472199514, 1.9601788679422478]","[-0.4242075207222965, -1.5359713472199514, 1.9601788679422478]",2.552359,0
95,"[0, 0, 0, 119.86578348798847, 32.88886022696391, 62.38903080599177]","[0.19521526464889138, -2.806452614480614, 2.6112373498317227]","[0.19521526464889138, -2.806452614480614, 2.6112373498317227]",2.383688,0
96,"[0, 2, 0, 118.35556139876618, 28.376970258612115, 63.294830801952315]","[-0.7822430762733603, -2.5090748283251, 3.2913179045984613]","[-0.7822430762733603, -2.5090748283251, 3.2913179045984613]",5.498502,0
97,"[0, 0, 0, 116.85659634104795, 25.299841534300555, 65.8694267251059]","[2.461344946496441, -4.534051647052289, 2.0727067005558473]","[2.461344946496441, -4.534051647052289, 2.0727067005558473]",3.109514,0
98,"[0, 0, 0, 117.85444602045905, 19.30229462016292, 66.4786381585764]","[-1.5950186619155784, 2.289991159125666, -0.6949724972100877]","[-1.5950186619155784, 2.289991159125666, -0.6949724972100877]",3.094791,0
99,"[0, 0, 0, 114.79102425999213, 20.12388268073724, 64.31526256281497]","[-0.7212283915436463, 1.9672743524139156, -1.2460459608702692]","[-0.7212283915436463, 1.9672743524139156, -1.2460459608702692]",3.093581,0
100,"[0, 0, 0, 112.60098966096913, 20.622350825671816, 61.60041039446536]","[-1.3557611433128576, 3.5565490495607914, -2.2007879062479327]","[-1.3557611433128576, 3.5565490495607914, -2.2007879062479327]",2.969441,0
101,"[0, 0, 0, 109.7350420194008, 22.668713376977124, 57.88943598996194]","[-2.505216231342941, -3.5925465359017186, 6.097762767244659]","[-2.505216231342941, -3.5925465359017186, 6.097762767244659]",2.588299,0
102,"[0, 0, 0, 105.59259211255913, 17.438933165576678, 62.34996508170787]","[-0.5396894367180272, -2.8660433488274113, 3.405732785545439]","[-0.5396894367180272, -2.8660433488274113, 3.405732785545439]",2.581643,0
103,"[0, 0, 0, 103.41345046969093, 12.933437610599084, 64.11624566110312]","[0.7071959458071979, -4.352269249048874, 3.6450733032416758]","[0.7071959458071979, -4.352269249048874, 3.6450733032416758]",3.367384,0
104,"[0, 0, 0, 102.74310770461662, 7.203629650668699, 66.38378025346329]","[-0.6892580339658743, -0.7279905549342705, 1.4172485889001445]","[-0.6892580339658743, -0.7279905549342705, 1.4172485889001445]",2.871974,0
105,"[0, 0, 0, 100.51117418339543, 4.932963608479103, 66.2583533551081]","[1.1450537108130567, -0.18868124510929485, -0.9563724657037613]","[1.1450537108130567, -0.18868124510929485, -0.9563724657037613]",2.708466,0
106,"[0, 0, 0, 100.05904989428247, 3.147104363443798, 63.70480288947833]","[2.8839645699031764, 0.03206225387311079, -2.9160268237762876]","[2.8839645699031764, 0.03206225387311079, -2.9160268237762876]",3.040010,0
107,"[0, 0, 0, 101.4563511976149, 1.6925033507461549, 59.30211279913129]","[1.013588985327433, -3.0095306954574794, 1.9959417101300465]","[1.013588985327433, -3.0095306954574794, 1.9959417101300465]",5.503472,1
108,"[0, -1, 0, 101.21691096309313, -2.5700565645605193, 60.04502528941214]","[3.8650663599120154, 0.0, -3.8650663599120154]","[3.8650663599120154, 0.0, -3.8650663599120154]",4.414025,0
109,"[0, -1, 0, 104.78898971310393, -2.5700565645605193, 55.886971319598906]","[-0.48262825455400904, 0.0, 0.48262825455400904]","[-0.48262825455400904, 0.0, 0.48262825455400904]",4.822085,0
110,"[0, -1, 1, 104.21740375079149, -2.5700565645605193, 56.28064186639448]","[1.1624235070788238, 0.0, -1.1624235070788238]","[1.1624235070788238, 0.0, -1.1624235070788238]",14.140051,0
111,"[0, -1, 0, 114.70288843256485, -2.5700565645605193, 54.935208651461096]","[1.8557078074204272, 0.0, -1.8557078074204272]","[1.8557078074204272, 0.0, -1.8557078074204272]",3.885692,0
112,"[0, -1, 0, 116.00144232039945, -2.5700565645605193, 52.522346924454844]","[-4.770973511414268, 0.0, 4.770973511414268]","[-4.770973511414268, 0.0, 4.770973511414268]",3.339141,0
113,"[0, -1, 2, 110.40003928248414, -2.5700565645605193, 56.46289090936807]","[-1.1553957756811286, 0.0, 1.1553957756811286]","[-1.1553957756811286, 0.0, 1.1553957756811286]",11.212645,0
114,"[0, -1, 0, 116.11428850044098, -2.5700565645605193, 56.96128631181422]","[-5.785667967444327, 0.0, 5.785667967444327]","[-5.785667967444327, 0.0, 5.785667967444327]",3.866007,0
115,"[0, -1, 0, 109.761624016662, -2.5700565645605193, 62.17995776292389]","[-0.6257311743742766, 0.0, 0.6257311743742767]","[-0.6257311743742766, 0.0, 0.6257311743742767]",3.767409,0
116,"[0, -1, 0, 108.51959745878756, -2.5700565645605193, 62.189393553798]","[-1.7989169013108102, 0.0, 1.7989169013108102]","[-1.7989169013108102, 0.0, 1.7989169013108102]",3.910109,0
117,"[0, -1, 0, 106.17573528061081, -2.5700565645605193, 63.44336517824287]","[-1.033863407811084, 0.0, 1.0338634078110838]","[-1.033863407811084, 0.0, 1.0338634078110838]",3.734795,0
118,"[0, -1, 0, 104.50926914079501, -2.5700565645605193, 63.84462585404924]","[1.6900381219307485, 0.0, -1.6900381219307485]","[1.6900381219307485, 0.0, -1.6900381219307485]",3.847602,0
119,"[0, -1, 0, 105.6231080726275, -2.5700565645605193, 61.57838854202023]","[1.1758868771390358, 0.0, -1.1758868771390358]","[1.1758868771390358, 0.0, -1.1758868771390358]",3.706142,0
120,"[0, -1, 0, 106.1520661069269, -2.5700565645605193, 59.75557282204155]","[2.237087272403689, 0.0, -2.2370872724036897]","[2.237087272403689, 0.0, -2.2370872724036897]",4.735813,0
121,"[0, -1, 0, 108.25706012434854, -2.5700565645605193, 57.38639229465582]","[-2.8330605662793333, 0.0, 2.8330605662793333]","[-2.8330605662793333, 0.0, 2.8330605662793333]",3.161302,0
122,"[0, -1, 0, 104.50465067671172, -2.5700565645605193, 59.30010397957766]","[-0.6390960236754377, 0.0, 0.6390960236754377]","[-0.6390960236754377, 0.0, 0.6390960236754377]",4.850391,0
123,"[0, -1, 0, 103.7907503618049, -2.5700565645605193, 59.86439571202171]","[-2.8293284930353426, 0.0, 2.8293284930353426]","[-2.8293284930353426, 0.0, 2.8293284930353426]",4.781160,0
124,"[0, -1, 0, 100.85200168467922, -2.5700565645605193, 62.58430402096673]","[-0.8751220054827911, 0.0, 0.8751220054827911]","[-0.8751220054827911, 0.0, 0.8751220054827911]",3.496074,0
125,"[0, -1, 0, 99.22491679741941, -2.5700565645605193, 62.707463144672495]","[4.169502339157457, 0.0, -4.169502339157457]","[4.169502339157457, 0.0, -4.169502339157457]",4.364598,0
126,"[0, -1, 0, 103.07671812279327, -2.5700565645605193, 58.220259791731436]","[0.37880259288130436, 0.0, -0.3788025928813046]","[0.37880259288130436, 0.0, -0.3788025928813046]",3.768483,0
127,"[0, -1, 0, 102.83976223915585, -2.5700565645605193, 57.2256987223314]","[-1.1256906618428992, 0.0, 1.1256906618428992]","[-1.1256906618428992, 0.0, 1.1256906618428992]",4.209486,0
128,"[0, -1, 0, 101.31881452770595, -2.5700565645605193, 57.956132334567315]","[-2.2075934958759387, 0.0, 2.2075934958759387]","[-2.2075934958759387, 0.0, 2.2075934958759387]",4.682458,0
129,"[0, -1, 0, 98.95244997797296, -2.5700565645605193, 60.00495477658619]","[2.2205342327767603, 0.0, -2.2205342327767603]","[2.2205342327767603, 0.0, -2.2205342327767603]",4.619312,0
130,"[0, -1, 0, 100.98264041017512, -2.5700565645605193, 57.59407674323484]","[1.3240939926325606, 0.0, -1.3240939926325606]","[1.3240939926325606, 0.0, -1.3240939926325606]",4.931620,0
131,"[0, -1, 0, 102.27254429282425, -2.5700565645605193, 56.23579264061885]","[0.035511257988613654, 0.0, -0.035511257988613654]","[0.035511257988613654, 0.0, -0.035511257988613654]",3.557215,0
132,"[0, -1, 0, 101.58666329144042, -2.5700565645605193, 55.47888912325779]","[-0.5137640511591157, 0.0, 0.5137640511591157]","[-0.5137640511591157, 0.0, 0.5137640511591157]",2.969328,0
133,"[0, -1, 0, 100.05756322958091, -2.5700565645605193, 54.97731716371651]","[1.4545664248890056, 0.0, -1.454566424889006]","[1.4545664248890056, 0.0, -1.454566424889006]",4.720059,0
134,"[0, -1, 0, 101.37215918776245, -2.5700565645605193, 53.382780272120044]","[-0.3563546027365785, 0.0, 0.35635460273657826]","[-0.3563546027365785, 0.0, 0.35635460273657826]",3.521397,0
135,"[0, -1, 0, 100.27650324570008, -2.5700565645605193, 52.99983353553084]","[2.094365512308988, 0.0, -2.094365512308988]","[2.094365512308988, 0.0, -2.094365512308988]",3.287059,0
136,"[0, -1, 0, 101.51439811311818, -2.5700565645605193, 50.04899737833096]","[2.8596762323680194, 0.0, -2.8596762323680194]","[2.8596762323680194, 0.0, -2.8596762323680194]",4.436059,0
137,"[0, -1, 0, 104.09210388520941, -2.5700565645605193, 46.90735068568616]","[-2.3056420372817463, 0.0, 2.3056420372817463]","[-2.3056420372817463, 0.0, 2.3056420372817463]",4.042515,0
138,"[0, -1, 0, 101.30771933069506, -2.5700565645605193, 48.73425020573531]","[1.08742054745409, 0.0, -1.0874205474540894]","[1.08742054745409, 0.0, -1.0874205474540894]",4.191146,0
139,"[0, -1, 0, 101.99071308772686, -2.5700565645605193, 47.24240286785893]","[-2.459588437754918, 0.0, 2.4595884377549178]","[-2.459588437754918, 0.0, 2.4595884377549178]",4.061725,0
140,"[0, -1, 0, 99.0619870628423, -2.5700565645605193, 49.23285371848421]","[3.2919997093891213, 0.0, -3.291999709389122]","[3.2919997093891213, 0.0, -3.291999709389122]",4.791015,0
141,"[0, -1, 0, 102.24949445025328, -2.5700565645605193, 45.836361687116934]","[1.6528692060153503, 0.0, -1.65286920601535]","[1.6528692060153503, 0.0, -1.65286920601535]",3.808808,0
142,"[0, -1, 0, 103.30676755081952, -2.5700565645605193, 43.58789637565246]","[-0.546789877825294, 0.0, 0.546789877825294]","[-0.546789877825294, 0.0, 0.546789877825294]",3.502815,0
143,"[0, -1, 1, 102.011385408078, -2.5700565645605193, 43.386093988561534]","[1.1078819289289887, 0.0, -1.1078819289289887]","[1.1078819289289887, 0.0, -1.1078819289289887]",11.578022,0
144,"[0, -1, 0, 110.87794830130932, -2.5700565645605193, 41.09755298024992]","[-0.22549548991703894, 0.0, 0.22549548991703894]","[-0.22549548991703894, 0.0, 0.22549548991703894]",3.729151,0
145,"[0, -1, 0, 110.01702833336378, -2.5700565645605193, 40.68762399213846]","[2.3278116201866608, 0.0, -2.3278116201866608]","[2.3278116201866608, 0.0, -2.3278116201866608]",3.538676,0
146,"[1, -1, 0, 111.61417776671773, -2.5700565645605193, 37.629150185119094]","[3.2469017264192885, 0.0, -3.2469017264192894]","[3.2469017264192885, 0.0, -3.2469017264192894]",9.741408,0
147,"[0, -1, 0, 111.18849893946697, -2.5700565645605193, 42.796236848133304]","[1.3137503085798214, 0.0, -1.3137503085798214]","[1.3137503085798214, 0.0, -1.3137503085798214]",4.585462,0
148,"[2, -1, 0, 112.29498049040517, -2.5700565645605193, 41.27521778191186]","[0.9076511215697862, 0.0, -0.9076511215697862]","[0.9076511215697862, 0.0, -0.9076511215697862]",11.713240,0
149,"[0, -1, 0, 111.9318516778306, -2.5700565645605193, 48.351586521107585]","[2.214823383109165, 0.0, -2.2148233831091653]","[2.214823383109165, 0.0, -2.2148233831091653]",3.587842,0
150,"[0, -1, 0, 113.44059583465972, -2.5700565645605193, 45.43068391171838]","[3.2539248401913734, 0.0, -3.2539248401913734]","[3.2539248401913734, 0.0, -3.2539248401913734]",3.649519,0
151,"[0, -1, 0, 116.01928028244907, -2.5700565645605193, 41.50151867912499]","[1.7628772892842186, 0.0, -1.7628772892842186]","[1.7628772892842186, 0.0, -1.7628772892842186]",4.448314,0
152,"[0, -1, 0, 117.50631448727786, -2.5700565645605193, 39.46279830538535]","[0.36593857669425756, 0.0, -0.3659385766942571]","[0.36593857669425756, 0.0, -0.3659385766942571]",4.273774,0
153,"[0, -1, 0, 117.50913991623486, -2.5700565645605193, 38.73374658095382]","[3.4686077692246435, 0.0, -3.4686077692246435]","[3.4686077692246435, 0.0, -3.4686077692246435]",4.241074,0
154,"[0, -1, 0, 120.59828482565544, -2.5700565645605193, 34.885675951925116]","[-1.6635045222010092, 0.0, 1.6635045222010096]","[-1.6635045222010092, 0.0, 1.6635045222010096]",4.095260,0
155,"[0, -1, 0, 118.48241008029443, -2.5700565645605193, 36.09681025096613]","[3.1068050736673034, 0.0, -3.1068050736673034]","[3.1068050736673034, 0.0, -3.1068050736673034]",5.016691,0
156,"[0, -1, 0, 121.59756045860105, -2.5700565645605193, 32.99835048193815]","[0.5584593160608184, 0.0, -0.5584593160608184]","[0.5584593160608184, 0.0, -0.5584593160608184]",4.202932,0
157,"[0, -1, 0, 121.75748572200179, -2.5700565645605193, 32.04135711321725]","[3.4989188882470414, 0.0, -3.498918888247042]","[3.4989188882470414, 0.0, -3.498918888247042]",4.354009,0
158,"[0, -1, 0, 124.93340903151602, -2.5700565645605193, 28.219442646237397]","[3.962364562255532, 0.0, -3.962364562255532]","[3.962364562255532, 0.0, -3.962364562255532]",4.356587,0
159,"[0, -1, 0, 128.5740672995265, -2.5700565645605193, 23.935371789736795]","[-0.44283870775557355, 0.0, 0.44283870775557355]","[-0.44283870775557355, 0.0, 0.44283870775557355]",4.677719,0
160,"[0, -1, 0, 127.97008798565786, -2.5700565645605193, 24.217069891379303]","[-5.316457916909226, 0.0, 5.316457916909226]","[-5.316457916909226, 0.0, 5.316457916909226]",4.396966,0
161,"[0, -1, 0, 122.35211330743078, -2.5700565645605193, 29.23201104697069]","[-1.0713733168317219, 0.0, 1.0713733168317217]","[-1.0713733168317219, 0.0, 1.0713733168317217]",4.292690,0
162,"[0, -1, 0, 120.92708508118479, -2.5700565645605193, 29.949729454388127]","[1.6306160304641921, 0.0, -1.630616030464192]","[1.6306160304641921, 0.0, -1.630616030464192]",3.619578,0
163,"[0, -1, 0, 121.86748987406872, -2.5700565645605193, 27.628902186343677]","[-1.1154792449700945, 0.0, 1.1154792449700945]","[-1.1154792449700945, 0.0, 1.1154792449700945]",3.520799,0
164,"[0, -1, 0, 120.01241031614242, -2.5700565645605193, 28.004781118357567]","[-1.040167430957026, 0.0, 1.040167430957026]","[-1.040167430957026, 0.0, 1.040167430957026]",4.015291,0
165,"[0, -1, 1, 118.47988818257292, -2.5700565645605193, 28.552593846702123]","[1.0202221096111617, 0.0, -1.0202221096111617]","[1.0202221096111617, 0.0, -1.0202221096111617]",12.386318,0
166,"[0, -1, 2, 128.70009818256864, -2.5700565645605193, 25.718701643494565]","[-0.2882066432490462, 0.0, 0.2882066432490462]","[-0.2882066432490462, 0.0, 0.2882066432490462]",11.938751,0
167,"[0, -1, 0, 137.00624846286587, -2.5700565645605193, 24.351301946884558]","[-3.1128042103269853, 0.0, 3.1128042103269857]","[-3.1128042103269853, 0.0, 3.1128042103269857]",4.483066,0
168,"[0, -1, 0, 133.63497704575195, -2.5700565645605193, 27.205638950424607]","[5.240502250041549, 0.0, -5.240502250041549]","[5.240502250041549, 0.0, -5.240502250041549]",4.214631,0
169,"[0, -1, 0, 138.48279480245625, -2.5700565645605193, 21.57245220704582]","[0.5214645539365333, 0.0, -0.5214645539365333]","[0.5214645539365333, 0.0, -0.5214645539365333]",3.607389,0
170,"[0, -1, 0, 138.3079538764553, -2.5700565645605193, 20.3546821731718]","[0.8853449480525633, 0.0, -0.885344948052563]","[0.8853449480525633, 0.0, -0.885344948052563]",4.202539,0
171,"[0, -1, 0, 138.79456830392974, -2.5700565645605193, 19.07060670454111]","[1.6813564581845981, 0.0, -1.6813564581845981]","[1.6813564581845981, 0.0, -1.6813564581845981]",3.533042,0
172,"[0, -1, 1, 139.74244568513424, -2.5700565645605193, 16.655771169376408]","[-1.3562763059055216, 0.0, 1.3562763059055218]","[-1.3562763059055216, 0.0, 1.3562763059055218]",10.507984,0
173,"[0, -1, 0, 143.70018046752497, -2.5700565645605193, 18.206020719897477]","[-0.48082934931828053, 0.0, 0.4808293493182805]","[-0.48082934931828053, 0.0, 0.4808293493182805]",4.072305,0
174,"[0, -1, 0, 142.75550381210056, -2.5700565645605193, 18.223002763109612]","[-6.126959637122273, 0.0, 6.126959637122273]","[-6.126959637122273, 0.0, 6.126959637122273]",3.819366,0
175,"[0, -1, 0, 136.03822721986847, -2.5700565645605193, 23.759645445122075]","[-3.0551852393622636, 0.0, 3.0551852393622636]","[-3.0551852393622636, 0.0, 3.0551852393622636]",3.850295,0
176,"[2, -1, 0, 132.40818951305633, -2.5700565645605193, 26.239978217034462]","[2.4475275471445035, 0.0, -2.4475275471445035]","[2.4475275471445035, 0.0, -2.4475275471445035]",11.029554,0
177,"[0, -1, 0, 132.83311495396833, -2.5700565645605193, 31.844607016352615]","[0.42321250388768966, 0.0, -0.4232125038876896]","[0.42321250388768966, 0.0, -0.4232125038876896]",3.205854,0
178,"[0, -1, 0, 132.35925439186565, -2.5700565645605193, 30.524321446474556]","[1.3571736412003232, 0.0, -1.357173641200323]","[1.3571736412003232, 0.0, -1.357173641200323]",4.406576,0
179,"[0, -1, 0, 133.41971598780398, -2.5700565645605193, 28.87043576001225]","[1.7188747734038903, 0.0, -1.7188747734038898]","[1.7188747734038903, 0.0, -1.7188747734038898]",4.285265,0
180,"[0, -1, 0, 134.7812231277904, -2.5700565645605193, 26.794193353190888]","[2.03247716475419, 0.0, -2.03247716475419]","[2.03247716475419, 0.0, -2.03247716475419]",4.208517,0
181,"[0, -1, 0, 136.41795900121556, -2.5700565645605193, 24.365974897107662]","[-3.182787230988537, 0.0, 3.1827872309885374]","[-3.182787230988537, 0.0, 3.1827872309885374]",3.938345,0
182,"[0, -1, 0, 132.7043442775715, -2.5700565645605193, 27.01793463544066]","[0.8513038941608206, 0.0, -0.8513038941608209]","[0.8513038941608206, 0.0, -0.8513038941608209]",3.621888,0
183,"[0, -1, 0, 132.86659209209807, -2.5700565645605193, 25.477574661645598]","[0.9439860191565392, 0.0, -0.9439860191565383]","[0.9439860191565392, 0.0, -0.9439860191565383]",4.141465,0
184,"[0, -1, 0, 133.38131083840668, -2.5700565645605193, 24.104321369641113]","[0.9639324394444104, 0.0, -0.9639324394444104]","[0.9639324394444104, 0.0, -0.9639324394444104]",4.340943,0
185,"[0, -1, 0, 134.01571460663433, -2.5700565645605193, 22.810860258979936]","[0.5506453448396207, 0.0, -0.5506453448396202]","[0.5506453448396207, 0.0, -0.5506453448396202]",3.687466,0
186,"[2, -1, 0, 133.91009316122032, -2.5700565645605193, 21.60394812388668]","[-1.5948542684249478, 0.0, 1.5948542684249474]","[-1.5948542684249478, 0.0, 1.5948542684249474]",11.123117,0
187,"[0, -1, 0, 131.0504342370183, -2.5700565645605193, 30.58672376802175]","[0.4841338893392694, 0.0, -0.4841338893392694]","[0.4841338893392694, 0.0, -0.4841338893392694]",4.195390,0
188,"[0, -1, 0, 131.13226315979267, -2.5700565645605193, 29.7002849121176]","[0.37361705048619864, 0.0, -0.37361705048619864]","[0.37361705048619864, 0.0, -0.37361705048619864]",4.030084,0
189,"[0, -1, 0, 131.02092216373225, -2.5700565645605193, 28.841709815084794]","[-0.4050988563386332, 0.0, 0.4050988563386331]","[-0.4050988563386332, 0.0, 0.4050988563386331]",3.820818,0
190,"[1, -1, 0, 130.02623247815995, -2.5700565645605193, 28.65721784218976]","[3.436126188654556, 0.0, -3.436126188654556]","[3.436126188654556, 0.0, -3.436126188654556]",11.706124,0
191,"[0, -1, 0, 131.86765177955257, -2.5700565645605193, 33.52192275091104]","[-1.5940468038798836, 0.0, 1.5940468038798836]","[-1.5940468038798836, 0.0, 1.5940468038798836]",3.860539,0
192,"[0, -1, 0, 129.70387432928334, -2.5700565645605193, 34.54623890840157]","[-3.478516841125119, 0.0, 3.478516841125119]","[-3.478516841125119, 0.0, 3.478516841125119]",3.808171,0
193,"[0, -1, 0, 125.62944311422545, -2.5700565645605193, 37.42884137559392]","[-0.3516126961889494, 0.0, 0.3516126961889494]","[-0.3516126961889494, 0.0, 0.3516126961889494]",4.430195,0
194,"[0, -1, 1, 124.99292804242488, -2.5700565645605193, 37.49555169617125]","[-1.0120220085169445, 0.0, 1.0120220085169445]","[-1.0120220085169445, 0.0, 1.0120220085169445]",10.127872,0
195,"[0, -1, 0, 131.49082519581748, -2.5700565645605193, 36.12552630447678]","[-2.024851970578408, 0.0, 2.0248519705784074]","[-2.024851970578408, 0.0, 2.0248519705784074]",3.995496,0
196,"[0, -1, 0, 128.963721091538, -2.5700565645605193, 37.648126141354105]","[2.513627582917591, 0.0, -2.513627582917591]","[2.513627582917591, 0.0, -2.513627582917591]",4.396510,0
197,"[0, -1, 0, 131.17560348006876, -2.5700565645605193, 34.832753364049694]","[0.9167296152457022, 0.0, -0.9167296152457023]","[0.9167296152457022, 0.0, -0.9167296152457023]",4.202605,0
198,"[0, -1, 0, 131.69363536652708, -2.5700565645605193, 33.51732602001662]","[-1.9840912447610362, 0.0, 1.9840912447610364]","[-1.9840912447610362, 0.0, 1.9840912447610364]",3.087503,0
199,"[1, -1, 0, 128.75329539466227, -2.5700565645605193, 34.54516853767388]","[2.875766162272824, 0.0, -2.875766162272824]","[2.875766162272824, 0.0, -2.875766162272824]",10.576574,0
200,"[0, -1, 0, 129.74246805882734, -2.5700565645605193, 39.13256990852627]","[2.084806662011469, 0.0, -2.0848066620114687]","[2.084806662011469, 0.0, -2.0848066620114687]",4.262927,0
201,"[0, -1, 0, 131.45873822940078, -2.5700565645605193, 36.67922675507676]","[-0.9031141848403365, 0.0, 0.9031141848403365]","[-0.9031141848403365, 0.0, 0.9031141848403365]",4.341625,0
202,"[0, -1, 2, 130.22643642105405, -2.5700565645605193, 37.25315331641071]","[-2.50669784344769, 0.0, 2.50669784344769]","[-2.50669784344769, 0.0, 2.50669784344769]",9.645167,0
203,"[0, -1, 0, 133.71479319014412, -2.5700565645605193, 38.40996339520792]","[-0.5659794492259083, 0.0, 0.5659794492259083]","[-0.5659794492259083, 0.0, 0.5659794492259083]",4.517416,0
204,"[0, -1, 0, 132.9075216734164, -2.5700565645605193, 38.73465077693201]","[-1.110585962460266, 0.0, 1.110585962460266]","[-1.110585962460266, 0.0, 1.110585962460266]",3.759209,0
205,"[0, -1, 0, 131.1765401471732, -2.5700565645605193, 39.22484117560935]","[-1.4706069166139633, 0.0, 1.4706069166139635]","[-1.4706069166139633, 0.0, 1.4706069166139635]",4.544449,0
206,"[0, -1, 0, 129.47815789221406, -2.5700565645605193, 40.46767275387814]","[1.3802841328932303, 0.0, -1.3802841328932312]","[1.3802841328932303, 0.0, -1.3802841328932312]",4.279266,0
207,"[0, -1, 0, 130.49807520410565, -2.5700565645605193, 38.727021799983284]","[-0.8499413837188632, 0.0, 0.8499413837188632]","[-0.8499413837188632, 0.0, 0.8499413837188632]",3.710177,0
208,"[0, -1, 0, 129.0032221937109, -2.5700565645605193, 38.932051557026284]","[1.1858819360617519, 0.0, -1.185881936061751]","[1.1858819360617519, 0.0, -1.185881936061751]",4.072559,0
209,"[0, -1, 0, 129.72538362777672, -2.5700565645605193, 37.28244911896859]","[-1.3306161368718434, 0.0, 1.3306161368718434]","[-1.3306161368718434, 0.0, 1.3306161368718434]",3.501682,0
210,"[0, -1, 0, 127.64560841716414, -2.5700565645605193, 37.863906182099704]","[2.2595048513243308, 0.0, -2.2595048513243308]","[2.2595048513243308, 0.0, -2.2595048513243308]",3.590905,0
211,"[0, -1, 0, 129.20056553599213, -2.5700565645605193, 34.89985359827904]","[-0.5378912316181468, 0.0, 0.5378912316181468]","[-0.5378912316181468, 0.0, 0.5378912316181468]",4.913136,0
212,"[0, -1, 0, 128.61924223231517, -2.5700565645605193, 35.39431275783837]","[0.9163969558027678, 0.0, -0.9163969558027678]","[0.9163969558027678, 0.0, -0.9163969558027678]",4.004438,0
213,"[0, -1, 0, 129.03785801664242, -2.5700565645605193, 33.98013463056008]","[-2.629739765613249, 0.0, 2.629739765613249]","[-2.629739765613249, 0.0, 2.629739765613249]",3.992277,0
214,"[0, -1, 0, 125.90425655714084, -2.5700565645605193, 36.106012702285]","[-0.7531996180579905, 0.0, 0.753199618057991]","[-0.7531996180579905, 0.0, 0.753199618057991]",5.140755,0
215,"[0, -1, 0, 125.22143431592359, -2.5700565645605193, 36.92958969718374]","[1.0190726853997312, 0.0, -1.0190726853997312]","[1.0190726853997312, 0.0, -1.0190726853997312]",4.159714,0
216,"[0, -1, 0, 125.82036383661968, -2.5700565645605193, 35.49037384708036]","[-2.0195905183002054, 0.0, 2.0195905183002054]","[-2.0195905183002054, 0.0, 2.0195905183002054]",4.704426,0
217,"[2, -1, 0, 123.65298653008087, -2.5700565645605193, 37.362177577141956]","[3.475299707135531, 0.0, -3.4752997071355307]","[3.475299707135531, 0.0, -3.4752997071355307]",9.410793,0
218,"[0, -1, 0, 125.71754234217414, -2.5700565645605193, 39.70841502229272]","[3.2449643838198705, 0.0, -3.2449643838198705]","[3.2449643838198705, 0.0, -3.2449643838198705]",4.626029,0
219,"[0, -1, 0, 128.77552139006073, -2.5700565645605193, 36.27646530253956]","[-1.5933190604214946, 0.0, 1.5933190604214946]","[-1.5933190604214946, 0.0, 1.5933190604214946]",3.808078,0
220,"[0, -1, 0, 126.58624119794061, -2.5700565645605193, 37.273823231262426]","[0.5419381084805925, 0.0, -0.5419381084805925]","[0.5419381084805925, 0.0, -0.5419381084805925]",4.299726,0
221,"[0, -1, 0, 126.77804205825888, -2.5700565645605193, 36.3817478746195]","[0.7446861301293067, 0.0, -0.7446861301293067]","[0.7446861301293067, 0.0, -0.7446861301293067]",4.073486,0
222,"[0, -1, 0, 127.05947109866734, -2.5700565645605193, 35.173804654769356]","[1.5630470230334854, 0.0, -1.5630470230334854]","[1.5630470230334854, 0.0, -1.5630470230334854]",4.264537,0
223,"[0, -1, 0, 128.25478684515443, -2.5700565645605193, 33.24302635518946]","[-0.9197972315313283, 0.0, 0.9197972315313283]","[-0.9197972315313283, 0.0, 0.9197972315313283]",3.423902,0
224,"[0, -1, 0, 126.54694063879319, -2.5700565645605193, 33.37477461189088]","[-0.8463678009787294, 0.0, 0.8463678009787294]","[-0.8463678009787294, 0.0, 0.8463678009787294]",4.427672,0
225,"[0, -1, 0, 125.41440861483073, -2.5700565645605193, 33.934978189885875]","[1.6645532284045532, 0.0, -1.6645532284045532]","[1.6645532284045532, 0.0, -1.6645532284045532]",3.774626,0
226,"[0, -1, 0, 126.46627506629217, -2.5700565645605193, 31.65773818453821]","[0.7584599514935211, 0.0, -0.7584599514935211]","[0.7584599514935211, 0.0, -0.7584599514935211]",4.123237,0
227,"[0, -1, 0, 126.78635341800054, -2.5700565645605193, 30.46089663325954]","[1.641098494256282, 0.0, -1.6410984942562816]","[1.641098494256282, 0.0, -1.6410984942562816]",4.185203,0
228,"[2, -1, 0, 128.02005332927664, -2.5700565645605193, 28.41239955602307]","[3.913390210246209, 0.0, -3.913390210246209]","[3.913390210246209, 0.0, -3.913390210246209]",11.599432,0
229,"[0, -1, 0, 130.2266900234673, -2.5700565645605193, 32.8051951852081]","[-0.20307946462109883, 0.0, 0.20307946462109872]","[-0.20307946462109883, 0.0, 0.20307946462109872]",4.534729,0
230,"[0, -1, 0, 129.79097486756388, -2.5700565645605193, 32.77563895854686]","[0.6682216129471268, 0.0, -0.6682216129471268]","[0.6682216129471268, 0.0, -0.6682216129471268]",4.089361,0
231,"[0, -1, 0, 130.00387699609178, -2.5700565645605193, 31.652097861180504]","[0.3671568124535374, 0.0, -0.3671568124535378]","[0.3671568124535374, 0.0, -0.3671568124535378]",4.638249,0
232,"[0, -1, 1, 130.19015805930428, -2.5700565645605193, 31.104065299485942]","[-0.2775751589357096, 0.0, 0.2775751589357096]","[-0.2775751589357096, 0.0, 0.2775751589357096]",10.441278,0
233,"[0, -1, 0, 135.78681535101717, -2.5700565645605193, 30.94868552744968]","[-4.0621310524046965, 0.0, 4.0621310524046965]","[-4.0621310524046965, 0.0, 4.0621310524046965]",4.140882,0
234,"[0, -1, 0, 131.29512526539133, -2.5700565645605193, 34.581257546633246]","[2.2864374297350336, 0.0, -2.2864374297350336]","[2.2864374297350336, 0.0, -2.2864374297350336]",4.319944,0
235,"[0, -1, 0, 133.24153487394088, -2.5700565645605193, 31.954792295712735]","[1.8717468652784612, 0.0, -1.8717468652784612]","[1.8717468652784612, 0.0, -1.8717468652784612]",3.490651,0
236,"[0, -1, 0, 134.3586071909678, -2.5700565645605193, 29.32837088218274]","[-0.9889041269281189, 0.0, 0.9889041269281185]","[-0.9889041269281189, 0.0, 0.9889041269281185]",3.917078,0
237,"[0, -1, 0, 132.82824229574368, -2.5700565645605193, 29.775814240814842]","[-0.9896671731323308, 0.0, 0.9896671731323308]","[-0.9896671731323308, 0.0, 0.9896671731323308]",4.244725,0
238,"[0, -1, 0, 131.460937866763, -2.5700565645605193, 30.387844158098822]","[2.633030796093715, 0.0, -2.6330307960937156]","[2.633030796093715, 0.0, -2.6330307960937156]",3.548457,0
239,"[0, -1, 0, 133.3681970924016, -2.5700565645605193, 27.029041791549986]","[0.206096830286028, 0.0, -0.2060968302860282]","[0.206096830286028, 0.0, -0.2060968302860282]",4.103606,0
240,"[0, -1, 0, 133.12609669925072, -2.5700565645605193, 26.374747737827054]","[-0.5980312847265052, 0.0, 0.5980312847265048]","[-0.5980312847265052, 0.0, 0.5980312847265048]",3.644815,0
241,"[0, -1, 0, 131.85047297544045, -2.5700565645605193, 26.295186583469782]","[0.21136289835264988, 0.0, -0.2113628983526501]","[0.21136289835264988, 0.0, -0.2113628983526501]",4.419874,0
242,"[0, -1, 0, 131.77177263779313, -2.5700565645605193, 25.79376044911715]","[-1.0485658168806213, 0.0, 1.0485658168806213]","[-1.0485658168806213, 0.0, 1.0485658168806213]",3.824299,0
243,"[0, -1, 0, 130.13535611534, -2.5700565645605193, 26.254475560425245]","[2.5362115192422703, 0.0, -2.5362115192422703]","[2.5362115192422703, 0.0, -2.5362115192422703]",3.184983,0
244,"[1, -1, 0, 131.76405891358473, -2.5700565645605193, 22.810755320185457]","[-0.052347823223565904, 0.0, 0.052347823223566015]","[-0.052347823223565904, 0.0, 0.052347823223566015]",9.707301,0
245,"[0, -1, 0, 130.09117368278683, -2.5700565645605193, 29.190941319809216]","[-3.2013827257498395, 0.0, 3.2013827257498395]","[-3.2013827257498395, 0.0, 3.2013827257498395]",3.645291,0
246,"[0, -1, 0, 126.21243627506678, -2.5700565645605193, 31.714969363588843]","[-1.1976996085165554, 0.0, 1.1976996085165554]","[-1.1976996085165554, 0.0, 1.1976996085165554]",3.789259,0
247,"[0, -1, 0, 124.40936600192106, -2.5700565645605193, 32.30729830747624]","[1.891277075253536, 0.0, -1.8912770752535355]","[1.891277075253536, 0.0, -1.8912770752535355]",3.864213,0
248,"[0, -1, 1, 125.73274969636107, -2.5700565645605193, 29.84812785140918]","[0.5603141111018473, 0.0, -0.5603141111018468]","[0.5603141111018473, 0.0, -0.5603141111018468]",10.684258,0
249,"[0, -1, 0, 132.84777644087887, -2.5700565645605193, 28.41735956275481]","[-1.7106341757620178, 0.0, 1.710634175762018]","[-1.7106341757620178, 0.0, 1.710634175762018]",4.495518,0
250,"[0, -1, 0, 130.88490117421344, -2.5700565645605193, 29.875752647613417]","[1.364430333705893, 0.0, -1.3644303337058927]","[1.364430333705893, 0.0, -1.3644303337058927]",4.107108,0
251,"[0, -1, 0, 131.802885730419, -2.5700565645605193, 28.064876536407198]","[0.4731228296371084, 0.0, -0.47312282963710883]","[0.4731228296371084, 0.0, -0.47312282963710883]",3.933484,0
252,"[0, -1, 0, 131.7427505408605, -2.5700565645605193, 27.05849568757446]","[0.7984126263315404, 0.0, -0.7984126263315403]","[0.7984126263315404, 0.0, -0.7984126263315403]",3.592606,0
253,"[0, -1, 1, 131.8374663907271, -2.5700565645605193, 25.556386284777975]","[-0.2547582063502838, 0.0, 0.2547582063502838]","[-0.2547582063502838, 0.0, 0.2547582063502838]",14.701923,0
254,"[1, -1, 0, 139.4021162758655, -2.5700565645605193, 27.693658943878745]","[-1.1341790927720825, 0.0, 1.1341790927720825]","[-1.1341790927720825, 0.0, 1.1341790927720825]",10.318136,0
255,"[0, -1, 0, 136.56496593486358, -2.5700565645605193, 35.84894500722816]","[1.8176696269741939, 0.0, -1.8176696269741939]","[1.8176696269741939, 0.0, -1.8176696269741939]",4.550428,0
256,"[2, -1, 0, 138.15784952609025, -2.5700565645605193, 33.80648934450643]","[2.864786634594402, 0.0, -2.864786634594402]","[2.864786634594402, 0.0, -2.864786634594402]",12.689304,0
257,"[0, -1, 0, 141.4393102481995, -2.5700565645605193, 38.21433238757152]","[-1.706296713113891, 0.0, 1.706296713113891]","[-1.706296713113891, 0.0, 1.706296713113891]",4.277020,0
258,"[0, -1, 0, 139.37152368965994, -2.5700565645605193, 39.559139255259744]","[4.322423420135472, 0.0, -4.322423420135472]","[4.322423420135472, 0.0, -4.322423420135472]",4.214815,0
259,"[0, -1, 0, 143.30135440464923, -2.5700565645605193, 34.84412312997811]","[3.1001046280604583, 0.0, -3.1001046280604583]","[3.1001046280604583, 0.0, -3.1001046280604583]",4.445492,0
260,"[0, -1, 0, 146.1242051343496, -2.5700565645605193, 31.46676460355758]","[3.7117535742711874, 0.0, -3.7117535742711874]","[3.7117535742711874, 0.0, -3.7117535742711874]",4.097163,0
261,"[0, -1, 2, 149.3845404147614, -2.5700565645605193, 27.30359273542701]","[-2.085521500813286, 0.0, 2.085521500813286]","[-2.085521500813286, 0.0, 2.085521500813286]",9.670257,0
262,"[0, -1, 0, 154.25584079676767, -2.5700565645605193, 27.102548969355567]","[-1.4959958692621471, 0.0, 1.4959958692621473]","[-1.4959958692621471, 0.0, 1.4959958692621473]",3.720489,0
263,"[0, -1, 1, 152.12008930184848, -2.5700565645605193, 27.95878921296067]","[1.1550900585805854, 0.0, -1.1550900585805857]","[1.1550900585805854, 0.0, -1.1550900585805857]",9.488353,0
264,"[0, -1, 0, 158.64897682141532, -2.5700565645605193, 25.91825473168158]","[2.5492378722139053, 0.0, -2.5492378722139053]","[2.5492378722139053, 0.0, -2.5492378722139053]",4.570125,0
265,"[0, -1, 0, 160.98327715886248, -2.5700565645605193, 23.15407932470092]","[1.1908084246512953, 0.0, -1.1908084246512953]","[1.1908084246512953, 0.0, -1.1908084246512953]",3.647760,0
266,"[0, -1, 0, 161.49796569126443, -2.5700565645605193, 21.287151007800272]","[-1.3470544695228306, 0.0, 1.3470544695228308]","[-1.3470544695228306, 0.0, 1.3470544695228308]",4.076368,0
267,"[0, -1, 0, 159.6890951571222, -2.5700565645605193, 22.17238941270371]","[0.6583596245889938, 0.0, -0.6583596245889938]","[0.6583596245889938, 0.0, -0.6583596245889938]",3.666578,0
268,"[2, -1, 0, 159.68074360723855, -2.5700565645605193, 20.847318613642067]","[0.47989683974506864, 0.0, -0.4798968397450687]","[0.47989683974506864, 0.0, -0.4798968397450687]",7.986508,0
269,"[0, -1, 0, 157.50314200014913, -2.5700565645605193, 26.01142860065842]","[-0.4673792599190989, 0.0, 0.4673792599190989]","[-0.4673792599190989, 0.0, 0.4673792599190989]",4.518828,0
270,"[0, -1, 0, 156.79517672269466, -2.5700565645605193, 26.238221843042147]","[1.5006579189139782, 0.0, -1.5006579189139782]","[1.5006579189139782, 0.0, -1.5006579189139782]",3.624965,0
271,"[0, -1, 0, 157.6083169370118, -2.5700565645605193, 24.050046219531332]","[-0.9968936880497588, 0.0, 0.9968936880497585]","[-0.9968936880497588, 0.0, 0.9968936880497585]",3.904809,0
272,"[0, -1, 0, 156.06382786039626, -2.5700565645605193, 24.49934451901529]","[3.1927702727812464, 0.0, -3.1927702727812464]","[3.1927702727812464, 0.0, -3.1927702727812464]",4.520331,0
273,"[0, -1, 0, 159.01676383671347, -2.5700565645605193, 21.066739949770007]","[-1.0911214722743472, 0.0, 1.0911214722743474]","[-1.0911214722743472, 0.0, 1.0911214722743474]",3.986350,0
274,"[0, -1, 0, 157.41881731444522, -2.5700565645605193, 21.651036372050466]","[-2.9706012250390113, 0.0, 2.970601225039011]","[-2.9706012250390113, 0.0, 2.970601225039011]",4.093620,0
275,"[0, -1, 0, 153.9950263217282, -2.5700565645605193, 24.168447829411477]","[-2.738709753946717, 0.0, 2.7387097539467167]","[-2.738709753946717, 0.0, 2.7387097539467167]",3.538492,0
276,"[0, -1, 0, 150.5255626970514, -2.5700565645605193, 26.176403712628126]","[-1.4569060219851866, 0.0, 1.4569060219851866]","[-1.4569060219851866, 0.0, 1.4569060219851866]",3.800397,0
277,"[0, -1, 0, 148.4688550975467, -2.5700565645605193, 27.033508157093802]","[2.3794217452808324, 0.0, -2.379421745280833]","[2.3794217452808324, 0.0, -2.379421745280833]",4.200301,0
278,"[0, -1, 0, 150.44842727715462, -2.5700565645605193, 24.254236846140042]","[-4.514089764753663, 0.0, 4.514089764753663]","[-4.514089764753663, 0.0, 4.514089764753663]",4.264455,0
279,"[0, -1, 0, 145.56656515430797, -2.5700565645605193, 28.40055425280071]","[0.7212828207243971, 0.0, -0.7212828207243971]","[0.7212828207243971, 0.0, -0.7212828207243971]",4.258241,0
280,"[0, -1, 0, 145.91696853230823, -2.5700565645605193, 27.308391989352177]","[0.5666194839721657, 0.0, -0.5666194839721661]","[0.5666194839721657, 0.0, -0.5666194839721661]",4.398027,0
281,"[0, -1, 0, 146.18260140273028, -2.5700565645605193, 26.44078589182991]","[-1.4571843847840358, 0.0, 1.4571843847840358]","[-1.4571843847840358, 0.0, 1.4571843847840358]",4.827216,0
282,"[0, -1, 0, 144.63902502028924, -2.5700565645605193, 27.811578278956944]","[3.0253444392478426, 0.0, -3.0253444392478426]","[3.0253444392478426, 0.0, -3.0253444392478426]",4.288746,0
283,"[0, -1, 0, 147.3087426119348, -2.5700565645605193, 24.43060699210681]","[-0.3346867219413191, 0.0, 0.3346867219413191]","[-0.3346867219413191, 0.0, 0.3346867219413191]",3.902546,0
284,"[0, -1, 0, 146.425329020321, -2.5700565645605193, 24.216566844375627]","[-0.5104215063076429, 0.0, 0.5104215063076429]","[-0.5104215063076429, 0.0, 0.5104215063076429]",3.857447,0
285,"[0, -1, 0, 145.34363124101904, -2.5700565645605193, 24.15571207768896]","[1.1019511774676938, 0.0, -1.101951177467694]","[1.1019511774676938, 0.0, -1.101951177467694]",4.293384,0
286,"[0, -1, 0, 146.0922742102324, -2.5700565645605193, 22.700452691966927]","[0.5955790073716639, 0.0, -0.595579007371664]","[0.5955790073716639, 0.0, -0.595579007371664]",4.023250,0
287,"[0, -1, 0, 146.19947841544163, -2.5700565645605193, 21.61649888243284]","[1.3322214035684903, 0.0, -1.3322214035684898]","[1.3322214035684903, 0.0, -1.3322214035684898]",4.263153,0
288,"[0, -1, 0, 147.163276114065, -2.5700565645605193, 19.915853773919228]","[-2.7001234706516017, 0.0, 2.7001234706516017]","[-2.7001234706516017, 0.0, 2.7001234706516017]",3.809992,0
289,"[0, -1, 0, 143.86814865802748, -2.5700565645605193, 22.0209732591849]","[3.845253271196267, 0.0, -3.8452532711962664]","[3.845253271196267, 0.0, -3.8452532711962664]",3.984300,0
290,"[0, -1, 0, 147.20555207847326, -2.5700565645605193, 17.66787013723814]","[-3.682017812656743, 0.0, 3.682017812656743]","[-3.682017812656743, 0.0, 3.682017812656743]",3.964416,0
291,"[0, -1, 0, 143.00574223075543, -2.5700565645605193, 20.832095914833804]","[-1.6440057271104398, 0.0, 1.6440057271104398]","[-1.6440057271104398, 0.0, 1.6440057271104398]",4.015586,0
292,"[0, -1, 0, 140.86952965297883, -2.5700565645605193, 21.98389479127807]","[1.7615924570742492, 0.0, -1.7615924570742492]","[1.7615924570742492, 0.0, -1.7615924570742492]",3.842428,0
293,"[0, -1, 0, 142.05233633474188, -2.5700565645605193, 19.64351655889262]","[-3.219263015049594, 0.0, 3.219263015049594]","[-3.219263015049594, 0.0, 3.219263015049594]",3.906102,0
294,"[2, -1, 0, 138.28612445094493, -2.5700565645605193, 22.315830705194866]","[4.346583686332494, 0.0, -4.346583686332494]","[4.346583686332494, 0.0, -4.346583686332494]",10.217031,0
295,"[0, -1, 0, 140.6565991963281, -2.5700565645605193, 25.162386587221476]","[-3.8539872542388647, 0.0, 3.8539872542388642]","[-3.8539872542388647, 0.0, 3.8539872542388642]",4.085711,0
296,"[0, -1, 0, 136.3454675145037, -2.5700565645605193, 28.55922941387479]","[1.3747457232342062, 0.0, -1.3747457232342062]","[1.3747457232342062, 0.0, -1.3747457232342062]",3.911538,0
297,"[0, -1, 0, 137.1759820614693, -2.5700565645605193, 26.640252514372005]","[-4.38548177243597, 0.0, 4.38548177243597]","[-4.38548177243597, 0.0, 4.38548177243597]",4.398342,0
298,"[0, -1, 0, 132.48967150355494, -2.5700565645605193, 30.724905501329573]","[0.6472824432775459, 0.0, -0.6472824432775455]","[0.6472824432775459, 0.0, -0.6472824432775455]",3.577781,0
299,"[0, -1, 0, 132.42584436479777, -2.5700565645605193, 29.366513476017307]","[2.383350169143545, 0.0, -2.383350169143545]","[2.383350169143545, 0.0, -2.383350169143545]",3.938236,0
300,"[0, -1, 0, 134.27831246289858, -2.5700565645605193, 26.452281235831038]","[-0.8328813842166144, 0.0, 0.8328813842166145]","[-0.8328813842166144, 0.0, 0.8328813842166145]",4.101446,0
301,"[0, -1, 0, 132.99615428519536, -2.5700565645605193, 26.835885826561043]","[-2.2444493651097694, 0.0, 2.24444936510977]","[-2.2444493651097694, 0.0, 2.24444936510977]",3.653129,0
302,"[0, -1, 0, 130.07826934984854, -2.5700565645605193, 28.406899621433773]","[-2.7032121829193025, 0.0, 2.7032121829193025]","[-2.7032121829193025, 0.0, 2.7032121829193025]",4.253109,0
303,"[0, -1, 0, 127.0016114172185, -2.5700565645605193, 30.73666605464233]","[4.293390032780893, 0.0, -4.293390032780893]","[4.293390032780893, 0.0, -4.293390032780893]",4.376963,0
304,"[0, -1, 0, 130.98348319169844, -2.5700565645605193, 26.131757763560497]","[3.166142977205027, 0.0, -3.166142977205027]","[3.166142977205027, 0.0, -3.166142977205027]",4.172896,0
305,"[0, -1, 0, 133.73607403375385, -2.5700565645605193, 22.55206265120585]","[-1.2397170033825453, 0.0, 1.239717003382545]","[-1.2397170033825453, 0.0, 1.239717003382545]",4.784802,0
306,"[0, -1, 0, 132.38875801407676, -2.5700565645605193, 23.684180638293846]","[0.1774704794562787, 0.0, -0.1774704794562787]","[0.1774704794562787, 0.0, -0.1774704794562787]",4.101686,0
307,"[1, -1, 0, 132.11707141219762, -2.5700565645605193, 23.05755307750216]","[0.05327974922869938, 0.0, -0.05327974922869938]","[0.05327974922869938, 0.0, -0.05327974922869938]",12.385039,0
308,"[0, -1, 0, 132.5576978725825, -2.5700565645605193, 30.00196541706828]","[-2.588091178410761, 0.0, 2.588091178410761]","[-2.588091178410761, 0.0, 2.588091178410761]",4.079628,0
309,"[0, -1, 2, 129.50942085501507, -2.5700565645605193, 32.12987075632235]","[-2.8616548210178863, 0.0, 2.8616548210178867]","[-2.8616548210178863, 0.0, 2.8616548210178867]",9.062599,0
310,"[0, -1, 0, 133.40802850600198, -2.5700565645605193, 32.29386226451005]","[-2.426098503841043, 0.0, 2.4260985038410436]","[-2.426098503841043, 0.0, 2.4260985038410436]",3.790854,0
311,"[0, -1, 0, 130.37735684099542, -2.5700565645605193, 34.11538760718556]","[2.133636003673875, 0.0, -2.1336360036738746]","[2.133636003673875, 0.0, -2.1336360036738746]",3.844748,0
312,"[0, -1, 0, 131.93336690957616, -2.5700565645605193, 31.40412566841857]","[3.463330652044518, 0.0, -3.4633306520445184]","[3.463330652044518, 0.0, -3.4633306520445184]",3.847219,0
313,"[0, -1, 0, 134.8203068452643, -2.5700565645605193, 27.364404300017668]","[3.6771349842586414, 0.0, -3.6771349842586414]","[3.6771349842586414, 0.0, -3.6771349842586414]",4.145828,0
314,"[0, -1, 0, 138.07035562481425, -2.5700565645605193, 23.26018311105033]","[5.5953376858549975, 0.0, -5.5953376858549975]","[5.5953376858549975, 0.0, -5.5953376858549975]",4.163634,0
315,"[0, -1, 0, 143.24751008834812, -2.5700565645605193, 17.246662202874212]","[0.792511150907516, 0.0, -0.792511150907516]","[0.792511150907516, 0.0, -0.792511150907516]",3.478176,0
316,"[0, -1, 0, 143.2791093771094, -2.5700565645605193, 15.693239189820439]","[1.853780508315392, 0.0, -1.8537805083153924]","[1.853780508315392, 0.0, -1.8537805083153924]",4.300271,0
317,"[0, -1, 0, 144.7830253468034, -2.5700565645605193, 13.48959414288369]","[0.5660854738921779, 0.0, -0.5660854738921781]","[0.5660854738921779, 0.0, -0.5660854738921781]",3.856903,0
318,"[0, -1, 0, 144.77756243915692, -2.5700565645605193, 12.351960287452851]","[4.354921357082035, 0.0, -4.354921357082035]","[4.354921357082035, 0.0, -4.354921357082035]",3.827430,0
319,"[0, -1, 2, 148.54619879720897, -2.5700565645605193, 7.41075393134084]","[-0.03513550551101241, 0.0, 0.03513550551101241]","[-0.03513550551101241, 0.0, 0.03513550551101241]",9.725805,0
320,"[0, -1, 0, 156.12469764868996, -2.5700565645605193, 4.558059828808801]","[-1.0470638545352702, 0.0, 1.0470638545352706]","[-1.0470638545352702, 0.0, 1.0470638545352706]",4.170064,0
321,"[0, -1, 0, 154.6626657720912, -2.5700565645605193, 5.190155661280588]","[2.405304832645421, 0.0, -2.405304832645421]","[2.405304832645421, 0.0, -2.405304832645421]",3.921639,0
322,"[0, -1, 0, 156.52879024981854, -2.5700565645605193, 2.2456704737170816]","[-2.430109895881385, 0.0, 2.430109895881385]","[-2.430109895881385, 0.0, 2.430109895881385]",3.935618,0
323,"[0, -1, 0, 153.5664894864031, -2.5700565645605193, 4.143589502064396]","[0.9238808710396245, 0.0, -0.9238808710396245]","[0.9238808710396245, 0.0, -0.9238808710396245]",3.778406,0
324,"[0, -1, 0, 153.87957312391097, -2.5700565645605193, 2.608911397493019]","[5.993163337310752, 0.0, -5.993163337310751]","[5.993163337310752, 0.0, -5.993163337310751]",8.221527,1
325,"[0, -1, -1, 159.60109984182154, -2.5700565645605193, -3.6558885592179298]","[0.0, 0.0, 0.0]","[0.0, 0.0, 0.0]",8.467383,0
326,"[0, -1, -1, 165.5684826761029, -2.5700565645605193, -3.6558885592179298]","[0.0, 0.0, 0.0]","[0.0, 0.0, 0.0]",10.398817,0
327,"[1, -1, -1, 173.4672997161011, -2.5700565645605193, -3.6558885592179298]","[0.0, 0.0, 0.0]","[0.0, 0.0, 0.0]",3.157941,0
328,"[0, -1, -1, 174.1252405000959, -2.5700565645605193, -3.6558885592179298]","[0.0, 0.0, 0.0]","[0.0, 0.0, 0.0]",10.090435,0
329,"[0, -1, -1, 181.71567598618873, -2.5700565645605193, -3.6558885592179298]","[0.0, 0.0, 0.0]","[0.0, 0.0, 0.0]",9.742988,0
330,"[0, -1, -1, 188.95866415284394, -2.5700565645605193, -3.6558885592179298]","[0.0, 0.0, 0.0]","[0.0, 0.0, 0.0]",10.346586,0
331,"[0, -1, -1, 196.80525038680588, -2.5700565645605193, -3.6558885592179298]","[0.0, 0.0, 0.0]","[0.0, 0.0, 0.0]",10.019939,0
332,"[0, -1, -1, 204.3251891732297, -2.5700565645605193, -3.6558885592179298]","[0.0, 0.0, 0.0]","[0.0, 0.0, 0.0]",10.436976,0
333,"[0, -1, -1, 212.26216516033622, -2.5700565645605193, -3.6558885592179298]","[0.0, 0.0, 0.0]","[0.0, 0.0, 0.0]",8.927528,0
334,"[0, -1, -1, 218.6896928540811, -2.5700565645605193, -3.6558885592179298]","[0.0, 0.0, 0.0]","[0.0, 0.0, 0.0]",9.567959,0
335,"[0, -1, -1, 225.75765196887033, -2.5700565645605193, -3.6558885592179298]","[0.0, 0.0, 0.0]","[0.0, 0.0, 0.0]",10.947065,0
336,"[0, -1, -1, 234.20471726377355, -2.5700565645605193, -3.6558885592179298]","[0.0, 0.0, 0.0]","[0.0, 0.0, 0.0]",10.039883,0
337,"[0, -1, -1, 241.74459995401736, -2.5700565645605193, -3.6558885592179298]","[0.0, 0.0, 0.0]","[0.0, 0.0, 0.0]",10.730349,0
338,"[0, -1, -1, 249.97494879623258, -2.5700565645605193, -3.6558885592179298]","[0.0, 0.0, 0.0]","[0.0, 0.0, 0.0]",9.999697,0
339,"[0, -1, -1, 257.47464594708504, -2.5700565645605193, -3.6558885592179298]","[0.0, 0.0, 0.0]","[0.0, 0.0, 0.0]",7.638623,0
340,"[0, -1, -1, 262.6132690946245, -2.5700565645605193, -3.6558885592179298]","[0.0, 0.0, 0.0]","[0.0, 0.0, 0.0]",11.364552,0
341,"[0, -1, -1, 271.4778215812735, -2.5700565645605193, -3.6558885592179298]","[0.0, 0.0, 0.0]","[0.0, 0.0, 0.0]",10.837352,0
342,"[0, -1, -1, 279.8151733785325, -2.5700565645605193, -3.6558885592179298]","[0.0, 0.0, 0.0]","[0.0, 0.0, 0.0]",10.611556,0
343,"[0, -1, -1, 287.9267296009214, -2.5700565645605193, -3.6558885592179298]","[0.0, 0.0, 0.0]","[0.0, 0.0, 0.0]",9.132143,0
344,"[0, -1, -1, 294.55887301129394, -2.5700565645605193, -3.6558885592179298]","[0.0, 0.0, 0.0]","[0.0, 0.0, 0.0]",9.523904,0
345,"[0, -1, -1, 301.5827772074337, -2.5700565645605193, -3.6558885592179298]","[0.0, 0.0, 0.0]","[0.0, 0.0, 0.0]",9.400983,0
346,"[0, -1, -1, 308.48376057963424, -2.5700565645605193, -3.6558885592179298]","[0.0, 0.0, 0.0]","[0.0, 0.0, 0.0]",10.908522,0
347,"[0, -1, -1, 316.8922821284751, -2.5700565645605193, -3.6558885592179298]","[0.0, 0.0, 0.0]","[0.0, 0.0, 0.0]",8.776869,0
348,"[0, -1, -1, 323.1691511947866, -2.5700565645605193, -3.6558885592179298]","[0.0, 0.0, 0.0]","[0.0, 0.0, 0.0]",10.681451,0
349,"[0, -1, -1, 331.35060212874134, -2.5700565645605193, -3.6558885592179298]","[0.0, 0.0, 0.0]","[0.0, 0.0, 0.0]",10.391096,0
350,"[0, -1, -1, 339.24169764077806, -2.5700565645605193, -3.6558885592179298]","[0.0, 0.0, 0.0]","[0.0, 0.0, 0.0]",11.060019,0
351,"[0, -1, -1, 347.8017164775695, -2.5700565645605193, -3.6558885592179298]","[0.0, 0.0, 0.0]","[0.0, 0.0, 0.0]",10.423169,0
352,"[0, -1, -1, 355.72488502702504, -2.5700565645605193, -3.6558885592179298]","[0.0, 0.0, 0.0]","[0.0, 0.0, 0.0]",10.402514,0
353,"[0, -1, -1, 363.6273987264311, -2.5700565645605193, -3.6558885592179298]","[0.0, 0.0, 0.0]","[0.0, 0.0, 0.0]",9.601199,0
354,"[0, -1, -1, 370.72859770105373, -2.5700565645605193, -3.6558885592179298]","[0.0, 0.0, 0.0]","[0.0, 0.0, 0.0]",7.807675,0
355,"[0, -1, -1, 376.03627299819044, -2.5700565645605193, -3.6558885592179298]","[0.0, 0.0, 0.0]","[0.0, 0.0, 0.0]",9.429783,0
356,"[0, -1, -1, 382.9660563100535, -2.5700565645605193, -3.6558885592179298]","[0.0, 0.0, 0.0]","[0.0, 0.0, 0.0]",10.907303,0
357,"[0, -1, -1, 391.373359597739, -2.5700565645605193, -3.6558885592179298]","[0.0, 0.0, 0.0]","[0.0, 0.0, 0.0]",10.335693,0
358,"[0, -1, -1, 399.2090527332373, -2.5700565645605193, -3.6558885592179298]","[0.0, 0.0, 0.0]","[0.0, 0.0, 0.0]",9.195983,0
359,"[0, -1, -1, 405.9050362263174, -2.5700565645605193, -3.6558885592179298]","[0.0, 0.0, 0.0]","[0.0, 0.0, 0.0]",10.968181,0
360,"[0, -1, -1, 414.3732167943576, -2.5700565645605193, -3.6558885592179298]","[0.0, 0.0, 0.0]","[0.0, 0.0, 0.0]",11.451377,0
361,"[0, -1, -1, 423.3245934802153, -2.5700565645605193, -3.6558885592179298]","[0.0, 0.0, 0.0]","[0.0, 0.0, 0.0]",9.760857,0
362,"[0, -1, -1, 430.58545087640795, -2.5700565645605193, -3.6558885592179298]","[0.0, 0.0, 0.0]","[0.0, 0.0, 0.0]",9.127098,0
363,"[0, -1, -1, 437.21254856136466, -2.5700565645605193, -3.6558885592179298]","[0.0, 0.0, 0.0]","[0.0, 0.0, 0.0]",8.758483,0
364,"[0, -1, -1, 443.4710315080318, -2.5700565645605193, -3.6558885592179298]","[0.0, 0.0, 0.0]","[0.0, 0.0, 0.0]",9.967866,0
365,"[0, -1, -1, 450.9388978750778, -2.5700565645605193, -3.6558885592179298]","[0.0, 0.0, 0.0]","[0.0, 0.0, 0.0]",7.984304,0
366,"[0, -1, -1, 456.42320237196856, -2.5700565645605193, -3.6558885592179298]","[0.0, 0.0, 0.0]","[0.0, 0.0, 0.0]",9.199137,0
367,"[0, -1, -1, 463.1223393679741, -2.5700565645605193, -3.6558885592179298]","[0.0, 0.0, 0.0]","[0.0, 0.0, 0.0]",8.608649,0
368,"[2, -1, -1, 469.2309888000513, -2.5700565645605193, -3.6558885592179298]","[0.0, 0.0, 0.0]","[0.0, 0.0, 0.0]",0.576773,0
369,"[0, -1, -1, 467.30776174619996, -2.5700565645605193, -3.6558885592179298]","[0.0, 0.0, 0.0]","[0.0, 0.0, 0.0]",10.805382,0
370,"[0, -1, -1, 475.61314329956645, -2.5700565645605193, -3.6558885592179298]","[0.0, 0.0, 0.0]","[0.0, 0.0, 0.0]",10.181471,0
371,"[1, -1, -1, 483.2946139994764, -2.5700565645605193, -3.6558885592179298]","[0.0, 0.0, 0.0]","[0.0, 0.0, 0.0]",3.005515,0
372,"[0, -1, -1, 483.80012853127806, -2.5700565645605193, -3.6558885592179298]","[0.0, 0.0, 0.0]","[0.0, 0.0, 0.0]",10.966456,0
373,"[0, -1, -1, 492.2665844067507, -2.5700565645605193, -3.6558885592179298]","[0.0, 0.0, 0.0]","[0.0, 0.0, 0.0]",8.469644,0
374,"[0, -1, -1, 498.2362288899359, -2.5700565645605193, -3.6558885592179298]","[0.0, 0.0, 0.0]","[0.0, 0.0, 0.0]",8.532320,0
375,"[0, -1, -1, 504.26854883008133, -2.5700565645605193, -3.6558885592179298]","[0.0, 0.0, 0.0]","[0.0, 0.0, 0.0]",9.374976,0
376,"[0, -1, -1, 511.1435249467358, -2.5700565645605193, -3.6558885592179298]","[0.0, 0.0, 0.0]","[0.0, 0.0, 0.0]",9.682764,0
377,"[0, -1, -1, 518.3262887165623, -2.5700565645605193, -3.6558885592179298]","[0.0, 0.0, 0.0]","[0.0, 0.0, 0.0]",9.350810,0
378,"[0, -1, -1, 525.1770987052056, -2.5700565645605193, -3.6558885592179298]","[0.0, 0.0, 0.0]","[0.0, 0.0, 0.0]",10.451415,0
379,"[0, -1, -1, 533.1285132723222, -2.5700565645605193, -3.6558885592179298]","[0.0, 0.0, 0.0]","[0.0, 0.0, 0.0]",10.817160,0
380,"[0, -1, -1, 541.4456733521122, -2.5700565645605193, -3.6558885592179298]","[0.0, 0.0, 0.0]","[0.0, 0.0, 0.0]",10.542431,0
381,"[0, -1, -1, 549.4881044065211, -2.5700565645605193, -3.6558885592179298]","[0.0, 0.0, 0.0]","[0.0, 0.0, 0.0]",10.120385,0
382,"[0, -1, -1, 557.1084893058812, -2.5700565645605193, -3.6558885592179298]","[0.0, 0.0, 0.0]","[0.0, 0.0, 0.0]",9.308605,0
383,"[0, -1, -1, 563.9170942013379, -2.5700565645605193, -3.6558885592179298]","[0.0, 0.0, 0.0]","[0.0, 0.0, 0.0]",10.459280,0
384,"[0, -1, -1, 571.8763739009717, -2.5700565645605193, -3.6558885592179298]","[0.0, 0.0, 0.0]","[0.0, 0.0, 0.0]",11.226605,0
385,"[0, -1, -1, 580.6029790007927, -2.5700565645605193, -3.6558885592179298]","[0.0, 0.0, 0.0]","[0.0, 0.0, 0.0]",9.668036,0
386,"[0, -1, -1, 587.7710150354543, -2.5700565645605193, -3.6558885592179298]","[0.0, 0.0, 0.0]","[0.0, 0.0, 0.0]",7.948829,0
387,"[0, -1, -1, 593.2198437200653, -2.5700565645605193, -3.6558885592179298]","[0.0, 0.0, 0.0]","[0.0, 0.0, 0.0]",10.042845,0
388,"[0, -1, -1, 600.7626887122544, -2.5700565645605193, -3.6558885592179298]","[0.0, 0.0, 0.0]","[0.0, 0.0, 0.0]",9.109784,0
389,"[0, -1, -1, 607.3724723777075, -2.5700565645605193, -3.6558885592179298]","[0.0, 0.0, 0.0]","[0.0, 0.0, 0.0]",10.056876,0
390,"[0, -1, -1, 614.9293485126981, -2.5700565645605193, -3.6558885592179298]","[0.0, 0.0, 0.0]","[0.0, 0.0, 0.0]",10.620909,0
391,"[0, -1, -1, 623.0502576119782, -2.5700565645605193, -3.6558885592179298]","[0.0, 0.0, 0.0]","[0.0, 0.0, 0.0]",10.647160,0
392,"[0, -1, -1, 631.1974174567988, -2.5700565645605193, -3.6558885592179298]","[0.0, 0.0, 0.0]","[0.0, 0.0, 0.0]",10.598297,0
393,"[0, -1, -1, 639.2957143464902, -2.5700565645605193, -3.6558885592179298]","[0.0, 0.0, 0.0]","[0.0, 0.0, 0.0]",8.969933,0
394,"[0, -1, -1, 645.7656477609153, -2.5700565645605193, -3.6558885592179298]","[0.0, 0.0, 0.0]","[0.0, 0.0, 0.0]",9.075959,0
395,"[0, -1, -1, 652.3416066995796, -2.5700565645605193, -3.6558885592179298]","[0.0, 0.0, 0.0]","[0.0, 0.0, 0.0]",9.710611,0
396,"[0, -1, -1, 659.5522177806264, -2.5700565645605193, -3.6558885592179298]","[0.0, 0.0, 0.0]","[0.0, 0.0, 0.0]",11.409557,0
397,"[0, -1, -1, 668.461774301605, -2.5700565645605193, -3.6558885592179298]","[0.0, 0.0, 0.0]","[0.0, 0.0, 0.0]",11.269684,0
398,"[0, -1, -1, 677.2314580077261, -2.5700565645605193, -3.6558885592179298]","[0.0, 0.0, 0.0]","[0.0, 0.0, 0.0]",11.302850,0
399,"[0, -1, -1, 686.034308347989, -2.5700565645605193, -3.6558885592179298]","[0.0, 0.0, 0.0]","[0.0, 0.0, 0.0]",10.155262,0
400,"[0, -1, -1, 693.6895699924652, -2.5700565645605193, -3.6558885592179298]","[0.0, 0.0, 0.0]","[0.0, 0.0, 0.0]",10.795694,0
401,"[0, -1, -1, 701.9852643361917, -2.5700565645605193, -3.6558885592179298]","[0.0, 0.0, 0.0]","[0.0, 0.0, 0.0]",10.128814,0
402,"[0, -1, -1, 709.6140783073675, -2.5700565645605193, -3.6558885592179298]","[0.0, 0.0, 0.0]","[0.0, 0.0, 0.0]",11.193931,0
403,"[0, -1, -1, 718.3080094752357, -2.5700565645605193, -3.6558885592179298]","[0.0, 0.0, 0.0]","[0.0, 0.0, 0.0]",9.422839,0
404,"[0, -1, -1, 725.2308482653702, -2.5700565645605193, -3.6558885592179298]","[0.0, 0.0, 0.0]","[0.0, 0.0, 0.0]",8.492228,0
405,"[0, -1, -1, 731.2230765830581, -2.5700565645605193, -3.6558885592179298]","[0.0, 0.0, 0.0]","[0.0, 0.0, 0.0]",10.744116,0
406,"[0, -1, -1, 739.4671925194506, -2.5700565645605193, -3.6558885592179298]","[0.0, 0.0, 0.0]","[0.0, 0.0, 0.0]",10.400471,0
407,"[0, -1, -1, 747.3676631711626, -2.5700565645605193, -3.6558885592179298]","[0.0, 0.0, 0.0]","[0.0, 0.0, 0.0]",10.357420,0
408,"[0, -1, -1, 755.2250829744303, -2.5700565645605193, -3.6558885592179298]","[0.0, 0.0, 0.0]","[0.0, 0.0, 0.0]",10.170459,0
409,"[0, -1, -1, 762.895541855538, -2.5700565645605193, -3.6558885592179298]","[0.0, 0.0, 0.0]","[0.0, 0.0, 0.0]",10.032727,0
410,"[0, -1, -1, 770.4282689356306, -2.5700565645605193, -3.6558885592179298]","[0.0, 0.0, 0.0]","[0.0, 0.0, 0.0]",9.958410,0
411,"[0, -1, -1, 777.8866792035624, -2.5700565645605193, -3.6558885592179298]","[0.0, 0.0, 0.0]","[0.0, 0.0, 0.0]",10.144485,0
412,"[0, -1, -1, 785.5311645909733, -2.5700565645605193, -3.6558885592179298]","[0.0, 0.0, 0.0]","[0.0, 0.0, 0.0]",7.964857,0
413,"[0, -1, -1, 790.9960216213555, -2.5700565645605193, -3.6558885592179298]","[0.0, 0.0, 0.0]","[0.0, 0.0, 0.0]",9.083874,0
414,"[0, -1, -1, 797.5798953201225, -2.5700565645605193, -3.6558885592179298]","[0.0, 0.0, 0.0]","[0.0, 0.0, 0.0]",9.207041,0
415,"[0, -1, -1, 804.2869365870511, -2.5700565645605193, -3.6558885592179298]","[0.0, 0.0, 0.0]","[0.0, 0.0, 0.0]",11.347836,0
416,"[0, -1, -1, 813.1347724715001, -2.5700565645605193, -3.6558885592179298]","[0.0, 0.0, 0.0]","[0.0, 0.0, 0.0]",8.092020,0
417,"[0, -1, -1, 818.7267924168166, -2.5700565645605193, -3.6558885592179298]","[0.0, 0.0, 0.0]","[0.0, 0.0, 0.0]",9.789434,0
418,"[0, -1, -1, 826.016226440487, -2.5700565645605193, -3.6558885592179298]","[0.0, 0.0, 0.0]","[0.0, 0.0, 0.0]",8.697184,0
419,"[0, -1, -1, 832.213410115778, -2.5700565645605193, -3.6558885592179298]","[0.0, 0.0, 0.0]","[0.0, 0.0, 0.0]",10.216859,0
420,"[0, -1, -1, 839.9302694691268, -2.5700565645605193, -3.6558885592179298]","[0.0, 0.0, 0.0]","[0.0, 0.0, 0.0]",8.661782,0
421,"[0, -1, -1, 846.0920510095823, -2.5700565645605193, -3.6558885592179298]","[0.0, 0.0, 0.0]","[0.0, 0.0, 0.0]",8.638370,0
422,"[0, -1, -1, 852.2304211391954, -2.5700565645605193, -3.6558885592179298]","[0.0, 0.0, 0.0]","[0.0, 0.0, 0.0]",11.355001,0
423,"[0, -1, -1, 861.0854225508599, -2.5700565645605193, -3.6558885592179298]","[0.0, 0.0, 0.0]","[0.0, 0.0, 0.0]",12.063784,0
424,"[0, -1, -1, 870.6492067511193, -2.5700565645605193, -3.6558885592179298]","[0.0, 0.0, 0.0]","[0.0, 0.0, 0.0]",10.162711,0
425,"[0, -1, -1, 878.3119179666498, -2.5700565645605193, -3.6558885592179298]","[0.0, 0.0, 0.0]","[0.0, 0.0, 0.0]",12.227712,0
426,"[0, -1, -1, 888.0396296921589, -2.5700565645605193, -3.6558885592179298]","[0.0, 0.0, 0.0]","[0.0, 0.0, 0.0]",9.313819,0
427,"[0, -1, -1, 894.853448816215, -2.5700565645605193, -3.6558885592179298]","[0.0, 0.0, 0.0]","[0.0, 0.0, 0.0]",10.103684,0
428,"[0, -1, -1, 902.4571326537412, -2.5700565645605193, -3.6558885592179298]","[0.0, 0.0, 0.0]","[0.0, 0.0, 0.0]",9.989511,0
429,"[0, -1, -1, 909.9466440859686, -2.5700565645605193, -3.6558885592179298]","[0.0, 0.0, 0.0]","[0.0, 0.0, 0.0]",8.658634,0
430,"[0, -1, -1, 916.1052781903942, -2.5700565645605193, -3.6558885592179298]","[0.0, 0.0, 0.0]","[0.0, 0.0, 0.0]",12.182902,0
431,"[0, -1, -1, 925.7881804633407, -2.5700565645605193, -3.6558885592179298]","[0.0, 0.0, 0.0]","[0.0, 0.0, 0.0]",8.790915,0
432,"[0, -1, -1, 932.0790956413032, -2.5700565645605193, -3.6558885592179298]","[0.0, 0.0, 0.0]","[0.0, 0.0, 0.0]",11.282109,0
433,"[0, -1, -1, 940.8612050579536, -2.5700565645605193, -3.6558885592179298]","[0.0, 0.0, 0.0]","[0.0, 0.0, 0.0]",9.743126,0
434,"[0, -1, -1, 948.1043307135053, -2.5700565645605193, -3.6558885592179298]","[0.0, 0.0, 0.0]","[0.0, 0.0, 0.0]",10.177652,0
435,"[0, -1, -1, 955.7819824457198, -2.5700565645605193, -3.6558885592179298]","[0.0, 0.0, 0.0]","[0.0, 0.0, 0.0]",11.279572,0
436,"[0, -1, -1, 964.5615541739365, -2.5700565645605193, -3.6558885592179298]","[0.0, 0.0, 0.0]","[0.0, 0.0, 0.0]",10.003076,0
437,"[0, -1, -1, 972.0646305468678, -2.5700565645605193, -3.6558885592179298]","[0.0, 0.0, 0.0]","[0.0, 0.0, 0.0]",10.037074,0
438,"[0, -1, -1, 979.6017044757012, -2.5700565645605193, -3.6558885592179298]","[0.0, 0.0, 0.0]","[0.0, 0.0, 0.0]",10.629831,0
439,"[0, -1, -1, 987.7315355162705, -2.5700565645605193, -3.6558885592179298]","[0.0, 0.0, 0.0]","[0.0, 0.0, 0.0]",9.486412,0
440,"[0, -1, -1, 994.717947627142, -2.5700565645605193, -3.6558885592179298]","[0.0, 0.0, 0.0]","[0.0, 0.0, 0.0]",11.990760,0
441,"[0, -1, -1, 1004.2087077000825, -2.5700565645605193, -3.6558885592179298]","[0.0, 0.0, 0.0]","[0.0, 0.0, 0.0]",10.964336,0
442,"[0, -1, -1, 1012.6730434839924, -2.5700565645605193, -3.6558885592179298]","[0.0, 0.0, 0.0]","[0.0, 0.0, 0.0]",10.360622,0
443,"[0, -1, -1, 1020.5336657602559, -2.5700565645605193, -3.6558885592179298]","[0.0, 0.0, 0.0]","[0.0, 0.0, 0.0]",9.099795,0
444,"[0, -1, -1, 1027.1334602661889, -2.5700565645605193, -3.6558885592179298]","[0.0, 0.0, 0.0]","[0.0, 0.0, 0.0]",10.061855,0
445,"[0, -1, -1, 1034.695315223293, -2.5700565645605193, -3.6558885592179298]","[0.0, 0.0, 0.0]","[0.0, 0.0, 0.0]",10.264579,0
446,"[0, -1, -1, 1042.4598945485402, -2.5700565645605193, -3.6558885592179298]","[0.0, 0.0, 0.0]","[0.0, 0.0, 0.0]",9.776127,0
447,"[0, -1, -1, 1049.7360218045524, -2.5700565645605193, -3.6558885592179298]","[0.0, 0.0, 0.0]","[0.0, 0.0, 0.0]",10.436848,0
448,"[0, -1, -1, 1057.6728693401424, -2.5700565645605193, -3.6558885592179298]","[0.0, 0.0, 0.0]","[0.0, 0.0, 0.0]",10.258838,0
449,"[0, -1, -1, 1065.431707815128, -2.5700565645605193, -3.6558885592179298]","[0.0, 0.0, 0.0]","[0.0, 0.0, 0.0]",12.390539,0
450,"[0, -1, -1, 1075.3222470437665, -2.5700565645605193, -3.6558885592179298]","[0.0, 0.0, 0.0]","[0.0, 0.0, 0.0]",9.022963,0
451,"[0, -1, -1, 1081.8452100272364, -2.5700565645605193, -3.6558885592179298]","[0.0, 0.0, 0.0]","[0.0, 0.0, 0.0]",9.856316,0
452,"[0, -1, -1, 1089.2015258920665, -2.5700565645605193, -3.6558885592179298]","[0.0, 0.0, 0.0]","[0.0, 0.0, 0.0]",9.392740,0
453,"[0, -1, -1, 1096.0942663331484, -2.5700565645605193, -3.6558885592179298]","[0.0, 0.0, 0.0]","[0.0, 0.0, 0.0]",9.608683,0
454,"[0, -1, -1, 1103.202949331288, -2.5700565645605193, -3.6558885592179298]","[0.0, 0.0, 0.0]","[0.0, 0.0, 0.0]",10.354940,0
455,"[0, -1, -1, 1111.057889494018, -2.5700565645605193, -3.6558885592179298]","[0.0, 0.0, 0.0]","[0.0, 0.0, 0.0]",10.101448,0
456,"[0, -1, -1, 1118.659337653418, -2.5700565645605193, -3.6558885592179298]","[0.0, 0.0, 0.0]","[0.0, 0.0, 0.0]",8.691972,0
457,"[0, -1, -1, 1124.8513093593276, -2.5700565645605193, -3.6558885592179298]","[0.0, 0.0, 0.0]","[0.0, 0.0, 0.0]",10.056607,0
458,"[0, -1, -1, 1132.4079164133284, -2.5700565645605193, -3.6558885592179298]","[0.0, 0.0, 0.0]","[0.0, 0.0, 0.0]",11.558043,0
459,"[0, -1, -1, 1141.4659593719891, -2.5700565645605193, -3.6558885592179298]","[0.0, 0.0, 0.0]","[0.0, 0.0, 0.0]",11.739613,0
460,"[0, -1, -1, 1150.7055726464714, -2.5700565645605193, -3.6558885592179298]","[0.0, 0.0, 0.0]","[0.0, 0.0, 0.0]",8.551111,0
461,"[0, -1, -1, 1156.756683625348, -2.5700565645605193, -3.6558885592179298]","[0.0, 0.0, 0.0]","[0.0, 0.0, 0.0]",10.056737,0
462,"[0, -1, -1, 1164.3134201689318, -2.5700565645605193, -3.6558885592179298]","[0.0, 0.0, 0.0]","[0.0, 0.0, 0.0]",10.515896,0
463,"[0, -1, -1, 1172.329316175282, -2.5700565645605193, -3.6558885592179298]","[0.0, 0.0, 0.0]","[0.0, 0.0, 0.0]",10.430857,0
464,"[0, -1, -1, 1180.2601735135388, -2.5700565645605193, -3.6558885592179298]","[0.0, 0.0, 0.0]","[0.0, 0.0, 0.0]",9.903873,0
465,"[0, -1, -1, 1187.6640468914927, -2.5700565645605193, -3.6558885592179298]","[0.0, 0.0, 0.0]","[0.0, 0.0, 0.0]",10.635269,0
466,"[2, -1, -1, 1195.799315571338, -2.5700565645605193, -3.6558885592179298]","[0.0, 0.0, 0.0]","[0.0, 0.0, 0.0]",-0.804856,0
467,"[0, -1, -1, 1192.4944595348695, -2.5700565645605193, -3.6558885592179298]","[0.0, 0.0, 0.0]","[0.0, 0.0, 0.0]",10.648253,0
468,"[0, -1, -1, 1200.642712329463, -2.5700565645605193, -3.6558885592179298]","[0.0, 0.0, 0.0]","[0.0, 0.0, 0.0]",9.164829,0
469,"[0, -1, -1, 1207.3075412004514, -2.5700565645605193, -3.6558885592179298]","[0.0, 0.0, 0.0]","[0.0, 0.0, 0.0]",10.953855,0
470,"[0, -1, -1, 1215.7613957089577, -2.5700565645605193, -3.6558885592179298]","[0.0, 0.0, 0.0]","[0.0, 0.0, 0.0]",9.434363,0
471,"[0, -1, -1, 1222.6957590769437, -2.5700565645605193, -3.6558885592179298]","[0.0, 0.0, 0.0]","[0.0, 0.0, 0.0]",9.622825,0
472,"[0, -1, -1, 1229.8185842396904, -2.5700565645605193, -3.6558885592179298]","[0.0, 0.0, 0.0]","[0.0, 0.0, 0.0]",12.408105,0
473,"[0, -1, -1, 1239.7266889299342, -2.5700565645605193, -3.6558885592179298]","[0.0, 0.0, 0.0]","[0.0, 0.0, 0.0]",10.650296,0
474,"[1, -1, -1, 1247.8769851076167, -2.5700565645605193, -3.6558885592179298]","[0.0, 0.0, 0.0]","[0.0, 0.0, 0.0]",1.869759,0
475,"[0, -1, -1, 1247.2467439193229, -2.5700565645605193, -3.6558885592179298]","[0.0, 0.0, 0.0]","[0.0, 0.0, 0.0]",8.912870,0
476,"[0, -1, -1, 1253.6596143074146, -2.5700565645605193, -3.6558885592179298]","[0.0, 0.0, 0.0]","[0.0, 0.0, 0.0]",9.406202,0
477,"[0, -1, -1, 1260.5658161920796, -2.5700565645605193, -3.6558885592179298]","[0.0, 0.0, 0.0]","[0.0, 0.0, 0.0]",10.947195,0
478,"[0, -1, -1, 1269.0130109271838, -2.5700565645605193, -3.6558885592179298]","[0.0, 0.0, 0.0]","[0.0, 0.0, 0.0]",9.708204,0
479,"[0, -1, -1, 1276.2212146475788, -2.5700565645605193, -3.6558885592179298]","[0.0, 0.0, 0.0]","[0.0, 0.0, 0.0]",10.285439,0
480,"[0, -1, -1, 1284.0066536959107, -2.5700565645605193, -3.6558885592179298]","[0.0, 0.0, 0.0]","[0.0, 0.0, 0.0]",10.328718,0
481,"[0, -1, -1, 1291.8353718476221, -2.5700565645605193, -3.6558885592179298]","[0.0, 0.0, 0.0]","[0.0, 0.0, 0.0]",10.966555,0
482,"[0, -1, -1, 1300.3019273231062, -2.5700565645605193, -3.6558885592179298]","[0.0, 0.0, 0.0]","[0.0, 0.0, 0.0]",10.483080,0
483,"[0, -1, -1, 1308.2850068721593, -2.5700565645605193, -3.6558885592179298]","[0.0, 0.0, 0.0]","[0.0, 0.0, 0.0]",9.660115,0
484,"[0, -1, -1, 1315.4451221317443, -2.5700565645605193, -3.6558885592179298]","[0.0, 0.0, 0.0]","[0.0, 0.0, 0.0]",9.083462,0
485,"[2, -1, -1, 1322.028583805324, -2.5700565645605193, -3.6558885592179298]","[0.0, 0.0, 0.0]","[0.0, 0.0, 0.0]",2.641480,0
486,"[0, -1, -1, 1322.1700634073172, -2.5700565645605193, -3.6558885592179298]","[0.0, 0.0, 0.0]","[0.0, 0.0, 0.0]",10.281559,0
487,"[0, -1, -1, 1329.9516227197043, -2.5700565645605193, -3.6558885592179298]","[0.0, 0.0, 0.0]","[0.0, 0.0, 0.0]",9.781351,0
488,"[0, -1, -1, 1337.2329736568286, -2.5700565645605193, -3.6558885592179298]","[0.0, 0.0, 0.0]","[0.0, 0.0, 0.0]",11.568370,0
489,"[0, -1, -1, 1346.301343904702, -2.5700565645605193, -3.6558885592179298]","[0.0, 0.0, 0.0]","[0.0, 0.0, 0.0]",8.569661,0
490,"[0, -1, -1, 1352.3710048050561, -2.5700565645605193, -3.6558885592179298]","[0.0, 0.0, 0.0]","[0.0, 0.0, 0.0]",11.221604,0
491,"[0, -1, -1, 1361.0926083377353, -2.5700565645605193, -3.6558885592179298]","[0.0, 0.0, 0.0]","[0.0, 0.0, 0.0]",8.993354,0
492,"[0, -1, -1, 1367.5859628327753, -2.5700565645605193, -3.6558885592179298]","[0.0, 0.0, 0.0]","[0.0, 0.0, 0.0]",7.876849,0
493,"[0, -1, -1, 1372.9628114544953, -2.5700565645605193, -3.6558885592179298]","[0.0, 0.0, 0.0]","[0.0, 0.0, 0.0]",9.362008,0
494,"[0, -1, -1, 1379.824819010509, -2.5700565645605193, -3.6558885592179298]","[0.0, 0.0, 0.0]","[0.0, 0.0, 0.0]",11.905227,0
495,"[0, -1, -1, 1389.2300459529397, -2.5700565645605193, -3.6558885592179298]","[0.0, 0.0, 0.0]","[0.0, 0.0, 0.0]",8.381232,0
496,"[0, -1, -1, 1395.1112776193922, -2.5700565645605193, -3.6558885592179298]","[0.0, 0.0, 0.0]","[0.0, 0.0, 0.0]",9.291031,0
497,"[0, -1, -1, 1401.9023090473854, -2.5700565645605193, -3.6558885592179298]","[0.0, 0.0, 0.0]","[0.0, 0.0, 0.0]",11.754973,0
498,"[0, -1, -1, 1411.157281729941, -2.5700565645605193, -3.6558885592179298]","[0.0, 0.0, 0.0]","[0.0, 0.0, 0.0]",9.756401,0
499,"[0, -1, -1, 1418.4136831159512, -2.5700565645605193, -3.6558885592179298]","[0.0, 0.0, 0.0]","[0.0, 0.0, 0.0]",10.200467,0
500,"[0, -1, -1, 1426.114150098819, -2.5700565645605193, -3.6558885592179298]","[0.0, 0.0, 0.0]","[0.0, 0.0, 0.0]",8.786868,0
501,"[0, -1, -1, 1432.4010184240747, -2.5700565645605193, -3.6558885592179298]","[0.0, 0.0, 0.0]","[0.0, 0.0, 0.0]",11.647775,0
502,"[0, -1, -1, 1441.5487931970172, -2.5700565645605193, -3.6558885592179298]","[0.0, 0.0, 0.0]","[0.0, 0.0, 0.0]",11.996930,0
503,"[0, -1, -1, 1451.0457228068863, -2.5700565645605193, -3.6558885592179298]","[0.0, 0.0, 0.0]","[0.0, 0.0, 0.0]",9.659538,0
504,"[0, -1, -1, 1458.2052604862708, -2.5700565645605193, -3.6558885592179298]","[0.0, 0.0, 0.0]","[0.0, 0.0, 0.0]",10.406211,0
505,"[0, -1, -1, 1466.1114711203315, -2.5700565645605193, -3.6558885592179298]","[0.0, 0.0, 0.0]","[0.0, 0.0, 0.0]",9.852063,0
506,"[0, -1, -1, 1473.4635343332495, -2.5700565645605193, -3.6558885592179298]","[0.0, 0.0, 0.0]","[0.0, 0.0, 0.0]",7.701592,0
507,"[0, -1, -1, 1478.6651262963871, -2.5700565645605193, -3.6558885592179298]","[0.0, 0.0, 0.0]","[0.0, 0.0, 0.0]",9.593167,0
508,"[0, -1, -1, 1485.758293011833, -2.5700565645605193, -3.6558885592179298]","[0.0, 0.0, 0.0]","[0.0, 0.0, 0.0]",11.559171,0
509,"[0, -1, -1, 1494.8174635738103, -2.5700565645605193, -3.6558885592179298]","[0.0, 0.0, 0.0]","[0.0, 0.0, 0.0]",11.322143,0
510,"[0, -1, -1, 1503.6396065812323, -2.5700565645605193, -3.6558885592179298]","[0.0, 0.0, 0.0]","[0.0, 0.0, 0.0]",9.645418,0
511,"[0, -1, -1, 1510.7850250108954, -2.5700565645605193, -3.6558885592179298]","[0.0, 0.0, 0.0]","[0.0, 0.0, 0.0]",10.193543,0
512,"[0, -1, -1, 1518.4785682139586, -2.5700565645605193, -3.6558885592179298]","[0.0, 0.0, 0.0]","[0.0, 0.0, 0.0]",10.999830,0
513,"[0, -1, -1, 1526.9783981651717, -2.5700565645605193, -3.6558885592179298]","[0.0, 0.0, 0.0]","[0.0, 0.0, 0.0]",10.082109,0
514,"[0, -1, -1, 1534.5605068597906, -2.5700565645605193, -3.6558885592179298]","[0.0, 0.0, 0.0]","[0.0, 0.0, 0.0]",11.890428,0
515,"[0, -1, -1, 1543.9509346005464, -2.5700565645605193, -3.6558885592179298]","[0.0, 0.0, 0.0]","[0.0, 0.0, 0.0]",9.739788,0
516,"[0, -1, -1, 1551.1907230197576, -2.5700565645605193, -3.6558885592179298]","[0.0, 0.0, 0.0]","[0.0, 0.0, 0.0]",9.510786,0
517,"[0, -1, -1, 1558.201508678251, -2.5700565645605193, -3.6558885592179298]","[0.0, 0.0, 0.0]","[0.0, 0.0, 0.0]",9.578442,0
518,"[0, -1, -1, 1565.2799504713053, -2.5700565645605193, -3.6558885592179298]","[0.0, 0.0, 0.0]","[0.0, 0.0, 0.0]",9.630958,0
519,"[1, -1, -1, 1572.410908151017, -2.5700565645605193, -3.6558885592179298]","[0.0, 0.0, 0.0]","[0.0, 0.0, 0.0]",2.936092,0
520,"[0, -1, -1, 1572.8469997261866, -2.5700565645605193, -3.6558885592179298]","[0.0, 0.0, 0.0]","[0.0, 0.0, 0.0]",10.555815,0
521,"[0, -1, -1, 1580.902815015711, -2.5700565645605193, -3.6558885592179298]","[0.0, 0.0, 0.0]","[0.0, 0.0, 0.0]",10.818445,0
522,"[0, -1, -1, 1589.221259597381, -2.5700565645605193, -3.6558885592179298]","[0.0, 0.0, 0.0]","[0.0, 0.0, 0.0]",10.680277,0
523,"[0, -1, -1, 1597.401536814945, -2.5700565645605193, -3.6558885592179298]","[0.0, 0.0, 0.0]","[0.0, 0.0, 0.0]",10.491398,0
524,"[0, -1, -1, 1605.3929350791902, -2.5700565645605193, -3.6558885592179298]","[0.0, 0.0, 0.0]","[0.0, 0.0, 0.0]",11.255197,0
525,"[0, -1, -1, 1614.1481321183169, -2.5700565645605193, -3.6558885592179298]","[0.0, 0.0, 0.0]","[0.0, 0.0, 0.0]",7.760935,0
526,"[0, -1, -1, 1619.4090675527148, -2.5700565645605193, -3.6558885592179298]","[0.0, 0.0, 0.0]","[0.0, 0.0, 0.0]",9.792061,0
527,"[1, -1, -1, 1626.701128575684, -2.5700565645605193, -3.6558885592179298]","[0.0, 0.0, 0.0]","[0.0, 0.0, 0.0]",-0.214930,0
528,"[0, -1, -1, 1623.9861986303517, -2.5700565645605193, -3.6558885592179298]","[0.0, 0.0, 0.0]","[0.0, 0.0, 0.0]",10.901525,0
529,"[0, -1, -1, 1632.3877231422005, -2.5700565645605193, -3.6558885592179298]","[0.0, 0.0, 0.0]","[0.0, 0.0, 0.0]",9.157984,0
530,"[0, -1, -1, 1639.0457069597433, -2.5700565645605193, -3.6558885592179298]","[0.0, 0.0, 0.0]","[0.0, 0.0, 0.0]",10.299970,0
531,"[0, -1, -1, 1646.8456767907192, -2.5700565645605193, -3.6558885592179298]","[0.0, 0.0, 0.0]","[0.0, 0.0, 0.0]",9.823537,0
532,"[0, -1, -1, 1654.1692136339689, -2.5700565645605193, -3.6558885592179298]","[0.0, 0.0, 0.0]","[0.0, 0.0, 0.0]",12.147274,0
533,"[0, -1, -1, 1663.8164874434735, -2.5700565645605193, -3.6558885592179298]","[0.0, 0.0, 0.0]","[0.0, 0.0, 0.0]",10.290003,0
534,"[0, -1, -1, 1671.606490210766, -2.5700565645605193, -3.6558885592179298]","[0.0, 0.0, 0.0]","[0.0, 0.0, 0.0]",9.213981,0
535,"[0, -1, -1, 1678.3204711356889, -2.5700565645605193, -3.6558885592179298]","[0.0, 0.0, 0.0]","[0.0, 0.0, 0.0]",10.346910,0
536,"[0, -1, -1, 1686.16738155547, -2.5700565645605193, -3.6558885592179298]","[0.0, 0.0, 0.0]","[0.0, 0.0, 0.0]",9.367057,0
537,"[0, -1, -1, 1693.034438892543, -2.5700565645605193, -3.6558885592179298]","[0.0, 0.0, 0.0]","[0.0, 0.0, 0.0]",10.464801,0
538,"[0, -1, -1, 1700.9992393959933, -2.5700565645605193, -3.6558885592179298]","[0.0, 0.0, 0.0]","[0.0, 0.0, 0.0]",10.044993,0
539,"[1, -1, -1, 1708.5442319033232, -2.5700565645605193, -3.6558885592179298]","[0.0, 0.0, 0.0]","[0.0, 0.0, 0.0]",2.892600,0
540,"[0, -1, -1, 1708.9368320429712, -2.5700565645605193, -3.6558885592179298]","[0.0, 0.0, 0.0]","[0.0, 0.0, 0.0]",11.005486,0
541,"[0, -1, -1, 1717.4423176006007, -2.5700565645605193, -3.6558885592179298]","[0.0, 0.0, 0.0]","[0.0, 0.0, 0.0]",11.106276,0
542,"[0, -1, -1, 1726.0485940719664, -2.5700565645605193, -3.6558885592179298]","[0.0, 0.0, 0.0]","[0.0, 0.0, 0.0]",9.813747,0
543,"[0, -1, -1, 1733.3623411341002, -2.5700565645605193, -3.6558885592179298]","[0.0, 0.0, 0.0]","[0.0, 0.0, 0.0]",10.646923,0
544,"[2, -1, -1, 1741.5092641753808, -2.5700565645605193, -3.6558885592179298]","[0.0, 0.0, 0.0]","[0.0, 0.0, 0.0]",-0.586576,0
545,"[0, -1, -1, 1738.422688027749, -2.5700565645605193, -3.6558885592179298]","[0.0, 0.0, 0.0]","[0.0, 0.0, 0.0]",8.405096,0
546,"[0, -1, -1, 1744.327784115281, -2.5700565645605193, -3.6558885592179298]","[0.0, 0.0, 0.0]","[0.0, 0.0, 0.0]",10.608662,0
547,"[0, -1, -1, 1752.4364463632685, -2.5700565645605193, -3.6558885592179298]","[0.0, 0.0, 0.0]","[0.0, 0.0, 0.0]",8.952769,0
548,"[0, -1, -1, 1758.889214945383, -2.5700565645605193, -3.6558885592179298]","[0.0, 0.0, 0.0]","[0.0, 0.0, 0.0]",9.304472,0
549,"[0, -1, -1, 1765.6936872962108, -2.5700565645605193, -3.6558885592179298]","[0.0, 0.0, 0.0]","[0.0, 0.0, 0.0]",9.644464,0
550,"[0, -1, -1, 1772.8381515127578, -2.5700565645605193, -3.6558885592179298]","[0.0, 0.0, 0.0]","[0.0, 0.0, 0.0]",9.628183,0
551,"[0, -1, -1, 1779.9663348077204, -2.5700565645605193, -3.6558885592179298]","[0.0, 0.0, 0.0]","[0.0, 0.0, 0.0]",8.888283,0
552,"[0, -1, -1, 1786.3546178353047, -2.5700565645605193, -3.6558885592179298]","[0.0, 0.0, 0.0]","[0.0, 0.0, 0.0]",10.664536,0
553,"[0, -1, -1, 1794.5191538958554, -2.5700565645605193, -3.6558885592179298]","[0.0, 0.0, 0.0]","[0.0, 0.0, 0.0]",11.222363,0
554,"[0, -1, -1, 1803.2415169486862, -2.5700565645605193, -3.6558885592179298]","[0.0, 0.0, 0.0]","[0.0, 0.0, 0.0]",8.545795,0
555,"[0, -1, -1, 1809.2873120182762, -2.5700565645605193, -3.6558885592179298]","[0.0, 0.0, 0.0]","[0.0, 0.0, 0.0]",11.065862,0
556,"[0, -1, -1, 1817.8531739846755, -2.5700565645605193, -3.6558885592179298]","[0.0, 0.0, 0.0]","[0.0, 0.0, 0.0]",11.779298,0
557,"[0, -1, -1, 1827.1324716530135, -2.5700565645605193, -3.6558885592179298]","[0.0, 0.0, 0.0]","[0.0, 0.0, 0.0]",8.256609,0
558,"[0, -1, -1, 1832.8890802037288, -2.5700565645605193, -3.6558885592179298]","[0.0, 0.0, 0.0]","[0.0, 0.0, 0.0]",10.529538,0
559,"[2, -1, -1, 1840.9186180020602, -2.5700565645605193, -3.6558885592179298]","[0.0, 0.0, 0.0]","[0.0, 0.0, 0.0]",0.012371,0
560,"[0, -1, -1, 1838.4309886774222, -2.5700565645605193, -3.6558885592179298]","[0.0, 0.0, 0.0]","[0.0, 0.0, 0.0]",10.988630,0
561,"[0, -1, -1, 1846.9196186956603, -2.5700565645605193, -3.6558885592179298]","[0.0, 0.0, 0.0]","[0.0, 0.0, 0.0]",9.798370,0
562,"[0, -1, -1, 1854.2179886000351, -2.5700565645605193, -3.6558885592179298]","[0.0, 0.0, 0.0]","[0.0, 0.0, 0.0]",8.519250,0
563,"[0, -1, -1, 1860.237238224167, -2.5700565645605193, -3.6558885592179298]","[0.0, 0.0, 0.0]","[0.0, 0.0, 0.0]",9.789733,0
564,"[0, -1, -1, 1867.5269712656789, -2.5700565645605193, -3.6558885592179298]","[0.0, 0.0, 0.0]","[0.0, 0.0, 0.0]",9.716161,0
565,"[0, -1, -1, 1874.7431322918433, -2.5700565645605193, -3.6558885592179298]","[0.0, 0.0, 0.0]","[0.0, 0.0, 0.0]",10.295557,0
566,"[0, -1, -1, 1882.5386888038663, -2.5700565645605193, -3.6558885592179298]","[0.0, 0.0, 0.0]","[0.0, 0.0, 0.0]",8.911029,0
567,"[0, -1, -1, 1888.9497182028695, -2.5700565645605193, -3.6558885592179298]","[0.0, 0.0, 0.0]","[0.0, 0.0, 0.0]",9.471526,0
568,"[0, -1, -1, 1895.9212440955857, -2.5700565645605193, -3.6558885592179298]","[0.0, 0.0, 0.0]","[0.0, 0.0, 0.0]",11.625928,0
569,"[0, -1, -1, 1905.0471717604612, -2.5700565645605193, -3.6558885592179298]","[0.0, 0.0, 0.0]","[0.0, 0.0, 0.0]",10.206886,0
570,"[0, -1, -1, 1912.7540577322031, -2.5700565645605193, -3.6558885592179298]","[0.0, 0.0, 0.0]","[0.0, 0.0, 0.0]",10.411845,0
571,"[0, -1, -1, 1920.6659025494416, -2.5700565645605193, -3.6558885592179298]","[0.0, 0.0, 0.0]","[0.0, 0.0, 0.0]",10.529376,0
572,"[0, -1, -1, 1928.6952789017485, -2.5700565645605193, -3.6558885592179298]","[0.0, 0.0, 0.0]","[0.0, 0.0, 0.0]",9.833067,0
573,"[0, -1, -1, 1936.0283463762066, -2.5700565645605193, -3.6558885592179298]","[0.0, 0.0, 0.0]","[0.0, 0.0, 0.0]",7.677645,0
574,"[0, -1, -1, 1941.205990991096, -2.5700565645605193, -3.6558885592179298]","[0.0, 0.0, 0.0]","[0.0, 0.0, 0.0]",9.292115,0
575,"[0, -1, -1, 1947.9981056774152, -2.5700565645605193, -3.6558885592179298]","[0.0, 0.0, 0.0]","[0.0, 0.0, 0.0]",11.107738,0
576,"[1, -1, -1, 1956.6058432581835, -2.5700565645605193, -3.6558885592179298]","[0.0, 0.0, 0.0]","[0.0, 0.0, 0.0]",0.725664,0
577,"[0, -1, -1, 1954.831507651213, -2.5700565645605193, -3.6558885592179298]","[0.0, 0.0, 0.0]","[0.0, 0.0, 0.0]",9.373424,0
578,"[0, -1, -1, 1961.7049315141899, -2.5700565645605193, -3.6558885592179298]","[0.0, 0.0, 0.0]","[0.0, 0.0, 0.0]",10.183625,0
579,"[0, -1, -1, 1969.3885566633796, -2.5700565645605193, -3.6558885592179298]","[0.0, 0.0, 0.0]","[0.0, 0.0, 0.0]",10.692896,0
580,"[0, -1, -1, 1977.5814522555968, -2.5700565645605193, -3.6558885592179298]","[0.0, 0.0, 0.0]","[0.0, 0.0, 0.0]",10.412109,0
581,"[0, -1, -1, 1985.4935609966801, -2.5700565645605193, -3.6558885592179298]","[0.0, 0.0, 0.0]","[0.0, 0.0, 0.0]",9.066383,0
582,"[0, -1, -1, 1992.0599437869798, -2.5700565645605193, -3.6558885592179298]","[0.0, 0.0, 0.0]","[0.0, 0.0, 0.0]",10.097286,0
583,"[0, -1, -1, 1999.657230271263, -2.5700565645605193, -3.6558885592179298]","[0.0, 0.0, 0.0]","[0.0, 0.0, 0.0]",10.318126,0
584,"[0, -1, -1, 2007.4753564353077, -2.5700565645605193, -3.6558885592179298]","[0.0, 0.0, 0.0]","[0.0, 0.0, 0.0]",8.690540,0
585,"[0, -1, -1, 2013.6658960892746, -2.5700565645605193, -3.6558885592179298]","[0.0, 0.0, 0.0]","[0.0, 0.0, 0.0]",10.783478,0
586,"[0, -1, -1, 2021.9493741122255, -2.5700565645605193, -3.6558885592179298]","[0.0, 0.0, 0.0]","[0.0, 0.0, 0.0]",9.231001,0
587,"[0, -1, -1, 2028.6803753700226, -2.5700565645605193, -3.6558885592179298]","[0.0, 0.0, 0.0]","[0.0, 0.0, 0.0]",12.193339,0
588,"[0, -1, -1, 2038.373713932216, -2.5700565645605193, -3.6558885592179298]","[0.0, 0.0, 0.0]","[0.0, 0.0, 0.0]",10.746095,0
589,"[0, -1, -1, 2046.6198088883298, -2.5700565645605193, -3.6558885592179298]","[0.0, 0.0, 0.0]","[0.0, 0.0, 0.0]",8.653885,0
590,"[0, -1, -1, 2052.77369360883, -2.5700565645605193, -3.6558885592179298]","[0.0, 0.0, 0.0]","[0.0, 0.0, 0.0]",9.304855,0
591,"[0, -1, -1, 2059.578549005821, -2.5700565645605193, -3.6558885592179298]","[0.0, 0.0, 0.0]","[0.0, 0.0, 0.0]",10.105823,0
592,"[0, -1, -1, 2067.1843718289933, -2.5700565645605193, -3.6558885592179298]","[0.0, 0.0, 0.0]","[0.0, 0.0, 0.0]",9.599600,0
593,"[0, -1, -1, 2074.283972296612, -2.5700565645605193, -3.6558885592179298]","[0.0, 0.0, 0.0]","[0.0, 0.0, 0.0]",9.104373,0
594,"[0, -1, -1, 2080.888345348592, -2.5700565645605193, -3.6558885592179298]","[0.0, 0.0, 0.0]","[0.0, 0.0, 0.0]",8.393215,0
595,"[0, -1, -1, 2086.781560033849, -2.5700565645605193, -3.6558885592179298]","[0.0, 0.0, 0.0]","[0.0, 0.0, 0.0]",10.254160,0
596,"[0, -1, -1, 2094.5357197697435, -2.5700565645605193, -3.6558885592179298]","[0.0, 0.0, 0.0]","[0.0, 0.0, 0.0]",8.639573,0
597,"[0, -1, -1, 2100.6752927087446, -2.5700565645605193, -3.6558885592179298]","[0.0, 0.0, 0.0]","[0.0, 0.0, 0.0]",11.197372,0
598,"[0, -1, -1, 2109.372665151732, -2.5700565645605193, -3.6558885592179298]","[0.0, 0.0, 0.0]","[0.0, 0.0, 0.0]",8.772466,0
599,"[0, -1, -1, 2115.6451306632916, -2.5700565645605193, -3.6558885592179298]","[0.0, 0.0, 0.0]","[0.0, 0.0, 0.0]",9.585869,0
600,"[0, -1, -1, 2122.730999266641, -2.5700565645605193, -3.6558885592179298]","[0.0, 0.0, 0.0]","[0.0, 0.0, 0.0]",10.800652,0
601,"[0, -1, -1, 2131.03165108171, -2.5700565645605193, -3.6558885592179298]","[0.0, 0.0, 0.0]","[0.0, 0.0, 0.0]",8.801705,0
602,"[0, -1, -1, 2137.3333559856273, -2.5700565645605193, -3.6558885592179298]","[0.0, 0.0, 0.0]","[0.0, 0.0, 0.0]",9.449187,0
603,"[0, -1, -1, 2144.282542695618, -2.5700565645605193, -3.6558885592179298]","[0.0, 0.0, 0.0]","[0.0, 0.0, 0.0]",9.500891,0
604,"[0, -1, -1, 2151.2834341361677, -2.5700565645605193, -3.6558885592179298]","[0.0, 0.0, 0.0]","[0.0, 0.0, 0.0]",9.252833,0
605,"[0, -1, -1, 2158.0362667610166, -2.5700565645605193, -3.6558885592179298]","[0.0, 0.0, 0.0]","[0.0, 0.0, 0.0]",9.712684,0
606,"[0, -1, -1, 2165.2489506817824, -2.5700565645605193, -3.6558885592179298]","[0.0, 0.0, 0.0]","[0.0, 0.0, 0.0]",11.012459,0
607,"[0, -1, -1, 2173.761409639462, -2.5700565645605193, -3.6558885592179298]","[0.0, 0.0, 0.0]","[0.0, 0.0, 0.0]",9.442290,0
608,"[0, -1, -1, 2180.703699871466, -2.5700565645605193, -3.6558885592179298]","[0.0, 0.0, 0.0]","[0.0, 0.0, 0.0]",8.899550,0
609,"[0, -1, -1, 2187.1032503362826, -2.5700565645605193, -3.6558885592179298]","[0.0, 0.0, 0.0]","[0.0, 0.0, 0.0]",10.829364,0
610,"[0, -1, -1, 2195.432613939934, -2.5700565645605193, -3.6558885592179298]","[0.0, 0.0, 0.0]","[0.0, 0.0, 0.0]",8.708969,0
611,"[0, -1, -1, 2201.6415834052445, -2.5700565645605193, -3.6558885592179298]","[0.0, 0.0, 0.0]","[0.0, 0.0, 0.0]",10.791648,0
612,"[2, -1, -1, 2209.9332318041734, -2.5700565645605193, -3.6558885592179298]","[0.0, 0.0, 0.0]","[0.0, 0.0, 0.0]",2.492969,0
613,"[0, -1, -1, 2209.926200454718, -2.5700565645605193, -3.6558885592179298]","[0.0, 0.0, 0.0]","[0.0, 0.0, 0.0]",10.859362,0
614,"[0, -1, -1, 2218.2855628501734, -2.5700565645605193, -3.6558885592179298]","[0.0, 0.0, 0.0]","[0.0, 0.0, 0.0]",9.298605,0
615,"[0, -1, -1, 2225.084167393034, -2.5700565645605193, -3.6558885592179298]","[0.0, 0.0, 0.0]","[0.0, 0.0, 0.0]",11.113232,0
616,"[0, -1, -1, 2233.697399273706, -2.5700565645605193, -3.6558885592179298]","[0.0, 0.0, 0.0]","[0.0, 0.0, 0.0]",9.728994,0
617,"[0, -1, -1, 2240.926392925531, -2.5700565645605193, -3.6558885592179298]","[0.0, 0.0, 0.0]","[0.0, 0.0, 0.0]",9.603020,0
618,"[0, -1, -1, 2248.0294126663, -2.5700565645605193, -3.6558885592179298]","[0.0, 0.0, 0.0]","[0.0, 0.0, 0.0]",8.845357,0
619,"[0, -1, -1, 2254.3747697556378, -2.5700565645605193, -3.6558885592179298]","[0.0, 0.0, 0.0]","[0.0, 0.0, 0.0]",10.635645,0
620,"[0, -1, -1, 2262.5104149734766, -2.5700565645605193, -3.6558885592179298]","[0.0, 0.0, 0.0]","[0.0, 0.0, 0.0]",9.859247,0
621,"[0, -1, -1, 2269.869662077764, -2.5700565645605193, -3.6558885592179298]","[0.0, 0.0, 0.0]","[0.0, 0.0, 0.0]",10.709110,0
622,"[0, -1, -1, 2278.0787716096957, -2.5700565645605193, -3.6558885592179298]","[0.0, 0.0, 0.0]","[0.0, 0.0, 0.0]",10.380806,0
623,"[0, -1, -1, 2285.959577686815, -2.5700565645605193, -3.6558885592179298]","[0.0, 0.0, 0.0]","[0.0, 0.0, 0.0]",10.855429,0
624,"[0, -1, -1, 2294.3150067064435, -2.5700565645605193, -3.6558885592179298]","[0.0, 0.0, 0.0]","[0.0, 0.0, 0.0]",10.920410,0
625,"[0, -1, -1, 2302.7354169612026, -2.5700565645605193, -3.6558885592179298]","[0.0, 0.0, 0.0]","[0.0, 0.0, 0.0]",10.113680,0
626,"[0, -1, -1, 2310.349097380045, -2.5700565645605193, -3.6558885592179298]","[0.0, 0.0, 0.0]","[0.0, 0.0, 0.0]",11.514111,0
627,"[0, -1, -1, 2319.3632087710366, -2.5700565645605193, -3.6558885592179298]","[0.0, 0.0, 0.0]","[0.0, 0.0, 0.0]",11.287205,0
628,"[0, -1, -1, 2328.150413839351, -2.5700565645605193, -3.6558885592179298]","[0.0, 0.0, 0.0]","[0.0, 0.0, 0.0]",10.436116,0
629,"[0, -1, -1, 2336.086530294125, -2.5700565645605193, -3.6558885592179298]","[0.0, 0.0, 0.0]","[0.0, 0.0, 0.0]",9.278963,0
630,"[0, -1, -1, 2342.8654930588996, -2.5700565645605193, -3.6558885592179298]","[0.0, 0.0, 0.0]","[0.0, 0.0, 0.0]",9.693842,0
631,"[0, -1, -1, 2350.059335062235, -2.5700565645605193, -3.6558885592179298]","[0.0, 0.0, 0.0]","[0.0, 0.0, 0.0]",9.634961,0
632,"[0, -1, -1, 2357.194296484739, -2.5700565645605193, -3.6558885592179298]","[0.0, 0.0, 0.0]","[0.0, 0.0, 0.0]",10.112828,0
633,"[0, -1, -1, 2364.8071240270383, -2.5700565645605193, -3.6558885592179298]","[0.0, 0.0, 0.0]","[0.0, 0.0, 0.0]",9.363723,0
634,"[2, -1, -1, 2371.6708465769107, -2.5700565645605193, -3.6558885592179298]","[0.0, 0.0, 0.0]","[0.0, 0.0, 0.0]",0.262997,0
635,"[0, -1, -1, 2369.433843602455, -2.5700565645605193, -3.6558885592179298]","[0.0, 0.0, 0.0]","[0.0, 0.0, 0.0]",10.268387,0
636,"[0, -1, -1, 2377.202230735869, -2.5700565645605193, -3.6558885592179298]","[0.0, 0.0, 0.0]","[0.0, 0.0, 0.0]",9.109164,0
637,"[0, -1, -1, 2383.8113946499693, -2.5700565645605193, -3.6558885592179298]","[0.0, 0.0, 0.0]","[0.0, 0.0, 0.0]",10.259859,0
638,"[0, -1, -1, 2391.5712540272057, -2.5700565645605193, -3.6558885592179298]","[0.0, 0.0, 0.0]","[0.0, 0.0, 0.0]",9.012620,0
639,"[1, -1, -1, 2398.0838744969387, -2.5700565645605193, -3.6558885592179298]","[0.0, 0.0, 0.0]","[0.0, 0.0, 0.0]",1.988992,0
640,"[0, -1, -1, 2397.57286632826, -2.5700565645605193, -3.6558885592179298]","[0.0, 0.0, 0.0]","[0.0, 0.0, 0.0]",9.740164,0
641,"[0, -1, -1, 2404.813030672982, -2.5700565645605193, -3.6558885592179298]","[0.0, 0.0, 0.0]","[0.0, 0.0, 0.0]",11.177957,0
642,"[1, -1, -1, 2413.4909877980713, -2.5700565645605193, -3.6558885592179298]","[0.0, 0.0, 0.0]","[0.0, 0.0, 0.0]",2.631365,0
643,"[0, -1, -1, 2413.622352721848, -2.5700565645605193, -3.6558885592179298]","[0.0, 0.0, 0.0]","[0.0, 0.0, 0.0]",9.741665,0
644,"[0, -1, -1, 2420.864017226569, -2.5700565645605193, -3.6558885592179298]","[0.0, 0.0, 0.0]","[0.0, 0.0, 0.0]",10.183718,0
645,"[0, -1, -1, 2428.5477350540896, -2.5700565645605193, -3.6558885592179298]","[0.0, 0.0, 0.0]","[0.0, 0.0, 0.0]",10.190363,0
646,"[0, -1, -1, 2436.2380984667134, -2.5700565645605193, -3.6558885592179298]","[0.0, 0.0, 0.0]","[0.0, 0.0, 0.0]",10.000026,0
647,"[0, -1, -1, 2443.7381246726036, -2.5700565645605193, -3.6558885592179298]","[0.0, 0.0, 0.0]","[0.0, 0.0, 0.0]",11.192653,0
648,"[1, -1, -1, 2452.4307774904823, -2.5700565645605193, -3.6558885592179298]","[0.0, 0.0, 0.0]","[0.0, 0.0, 0.0]",0.972523,0
649,"[0, -1, -1, 2450.9032999954807, -2.5700565645605193, -3.6558885592179298]","[0.0, 0.0, 0.0]","[0.0, 0.0, 0.0]",10.744216,0
650,"[0, -1, -1, 2459.1475157828763, -2.5700565645605193, -3.6558885592179298]","[0.0, 0.0, 0.0]","[0.0, 0.0, 0.0]",9.087228,0
651,"[0, -1, -1, 2465.7347441943234, -2.5700565645605193, -3.6558885592179298]","[0.0, 0.0, 0.0]","[0.0, 0.0, 0.0]",7.225623,0
652,"[0, -1, -1, 2470.460366755462, -2.5700565645605193, -3.6558885592179298]","[0.0, 0.0, 0.0]","[0.0, 0.0, 0.0]",8.450361,0
653,"[0, -1, -1, 2476.4107280744993, -2.5700565645605193, -3.6558885592179298]","[0.0, 0.0, 0.0]","[0.0, 0.0, 0.0]",10.004820,0
654,"[0, -1, -1, 2483.9155484069906, -2.5700565645605193, -3.6558885592179298]","[0.0, 0.0, 0.0]","[0.0, 0.0, 0.0]",9.304030,0
655,"[0, -1, -1, 2490.7195787615706, -2.5700565645605193, -3.6558885592179298]","[0.0, 0.0, 0.0]","[0.0, 0.0, 0.0]",10.458337,0
656,"[0, -1, -1, 2498.677915354369, -2.5700565645605193, -3.6558885592179298]","[0.0, 0.0, 0.0]","[0.0, 0.0, 0.0]",11.901260,0
657,"[0, -1, -1, 2508.079175134956, -2.5700565645605193, -3.6558885592179298]","[0.0, 0.0, 0.0]","[0.0, 0.0, 0.0]",8.202599,0
658,"[0, -1, -1, 2513.7817741235804, -2.5700565645605193, -3.6558885592179298]","[0.0, 0.0, 0.0]","[0.0, 0.0, 0.0]",9.327227,0
659,"[1, -1, -1, 2520.6090006372756, -2.5700565645605193, -3.6558885592179298]","[0.0, 0.0, 0.0]","[0.0, 0.0, 0.0]",1.789477,0
660,"[0, -1, -1, 2519.8984773452858, -2.5700565645605193, -3.6558885592179298]","[0.0, 0.0, 0.0]","[0.0, 0.0, 0.0]",11.935206,0
661,"[0, -1, -1, 2529.333683096648, -2.5700565645605193, -3.6558885592179298]","[0.0, 0.0, 0.0]","[0.0, 0.0, 0.0]",10.177119,0
662,"[0, -1, -1, 2537.0108019146787, -2.5700565645605193, -3.6558885592179298]","[0.0, 0.0, 0.0]","[0.0, 0.0, 0.0]",9.732736,0
663,"[0, -1, -1, 2544.2435379121284, -2.5700565645605193, -3.6558885592179298]","[0.0, 0.0, 0.0]","[0.0, 0.0, 0.0]",9.733423,0
664,"[0, -1, -1, 2551.476961082209, -2.5700565645605193, -3.6558885592179298]","[0.0, 0.0, 0.0]","[0.0, 0.0, 0.0]",10.121098,0
665,"[0, -1, -1, 2559.098059045906, -2.5700565645605193, -3.6558885592179298]","[0.0, 0.0, 0.0]","[0.0, 0.0, 0.0]",9.193406,0
666,"[0, -1, -1, 2565.79146538199, -2.5700565645605193, -3.6558885592179298]","[0.0, 0.0, 0.0]","[0.0, 0.0, 0.0]",10.856823,0
667,"[0, -1, -1, 2574.148288188118, -2.5700565645605193, -3.6558885592179298]","[0.0, 0.0, 0.0]","[0.0, 0.0, 0.0]",9.570816,0
668,"[1, -1, -1, 2581.2191042973823, -2.5700565645605193, -3.6558885592179298]","[0.0, 0.0, 0.0]","[0.0, 0.0, 0.0]",0.922110,0
669,"[0, -1, -1, 2579.641214393455, -2.5700565645605193, -3.6558885592179298]","[0.0, 0.0, 0.0]","[0.0, 0.0, 0.0]",9.984623,0
670,"[0, -1, -1, 2587.1258373094834, -2.5700565645605193, -3.6558885592179298]","[0.0, 0.0, 0.0]","[0.0, 0.0, 0.0]",7.915375,0
671,"[0, -1, -1, 2592.5412119998336, -2.5700565645605193, -3.6558885592179298]","[0.0, 0.0, 0.0]","[0.0, 0.0, 0.0]",9.601412,0
672,"[0, -1, -1, 2599.642623501743, -2.5700565645605193, -3.6558885592179298]","[0.0, 0.0, 0.0]","[0.0, 0.0, 0.0]",9.918519,0
673,"[0, -1, -1, 2607.061142947182, -2.5700565645605193, -3.6558885592179298]","[0.0, 0.0, 0.0]","[0.0, 0.0, 0.0]",12.331929,0
674,"[0, -1, -1, 2616.893072300018, -2.5700565645605193, -3.6558885592179298]","[0.0, 0.0, 0.0]","[0.0, 0.0, 0.0]",8.900914,0
675,"[0, -1, -1, 2623.293986156869, -2.5700565645605193, -3.6558885592179298]","[0.0, 0.0, 0.0]","[0.0, 0.0, 0.0]",10.749579,0
676,"[0, -1, -1, 2631.543565434887, -2.5700565645605193, -3.6558885592179298]","[0.0, 0.0, 0.0]","[0.0, 0.0, 0.0]",11.577677,0
677,"[0, -1, -1, 2640.6212427554683, -2.5700565645605193, -3.6558885592179298]","[0.0, 0.0, 0.0]","[0.0, 0.0, 0.0]",10.668376,0
678,"[0, -1, -1, 2648.7896191332047, -2.5700565645605193, -3.6558885592179298]","[0.0, 0.0, 0.0]","[0.0, 0.0, 0.0]",9.661534,0
679,"[0, -1, -1, 2655.951153550699, -2.5700565645605193, -3.6558885592179298]","[0.0, 0.0, 0.0]","[0.0, 0.0, 0.0]",11.192170,0
680,"[2, -1, -1, 2664.643323425387, -2.5700565645605193, -3.6558885592179298]","[0.0, 0.0, 0.0]","[0.0, 0.0, 0.0]",0.916555,0
681,"[0, -1, -1, 2663.0598781095414, -2.5700565645605193, -3.6558885592179298]","[0.0, 0.0, 0.0]","[0.0, 0.0, 0.0]",10.176970,0
682,"[0, -1, -1, 2670.7368480233945, -2.5700565645605193, -3.6558885592179298]","[0.0, 0.0, 0.0]","[0.0, 0.0, 0.0]",7.598868,0
683,"[0, -1, -1, 2675.835716087707, -2.5700565645605193, -3.6558885592179298]","[0.0, 0.0, 0.0]","[0.0, 0.0, 0.0]",10.210390,0
684,"[0, -1, -1, 2683.546105743287, -2.5700565645605193, -3.6558885592179298]","[0.0, 0.0, 0.0]","[0.0, 0.0, 0.0]",9.291921,0
685,"[0, -1, -1, 2690.3380264390853, -2.5700565645605193, -3.6558885592179298]","[0.0, 0.0, 0.0]","[0.0, 0.0, 0.0]",9.059688,0
686,"[0, -1, -1, 2696.8977142216563, -2.5700565645605193, -3.6558885592179298]","[0.0, 0.0, 0.0]","[0.0, 0.0, 0.0]",9.615901,0
687,"[0, -1, -1, 2704.013615587674, -2.5700565645605193, -3.6558885592179298]","[0.0, 0.0, 0.0]","[0.0, 0.0, 0.0]",10.094455,0
688,"[0, -1, -1, 2711.608070989669, -2.5700565645605193, -3.6558885592179298]","[0.0, 0.0, 0.0]","[0.0, 0.0, 0.0]",9.410960,0
689,"[0, -1, -1, 2718.519031014911, -2.5700565645605193, -3.6558885592179298]","[0.0, 0.0, 0.0]","[0.0, 0.0, 0.0]",10.330797,0
690,"[0, -1, -1, 2726.3498278823067, -2.5700565645605193, -3.6558885592179298]","[0.0, 0.0, 0.0]","[0.0, 0.0, 0.0]",11.261547,0
691,"[0, -1, -1, 2735.1113747070035, -2.5700565645605193, -3.6558885592179298]","[0.0, 0.0, 0.0]","[0.0, 0.0, 0.0]",8.882826,0
692,"[0, -1, -1, 2741.4942009962715, -2.5700565645605193, -3.6558885592179298]","[0.0, 0.0, 0.0]","[0.0, 0.0, 0.0]",9.356434,0
693,"[0, -1, -1, 2748.350635394709, -2.5700565645605193, -3.6558885592179298]","[0.0, 0.0, 0.0]","[0.0, 0.0, 0.0]",9.624552,0
694,"[0, -1, -1, 2755.475187850894, -2.5700565645605193, -3.6558885592179298]","[0.0, 0.0, 0.0]","[0.0, 0.0, 0.0]",8.966576,0
695,"[2, -1, -1, 2761.941764261953, -2.5700565645605193, -3.6558885592179298]","[0.0, 0.0, 0.0]","[0.0, 0.0, 0.0]",2.561356,0
696,"[0, -1, -1, 2762.003120300911, -2.5700565645605193, -3.6558885592179298]","[0.0, 0.0, 0.0]","[0.0, 0.0, 0.0]",9.743800,0
697,"[0, -1, -1, 2769.2469203797946, -2.5700565645605193, -3.6558885592179298]","[0.0, 0.0, 0.0]","[0.0, 0.0, 0.0]",10.512586,0
698,"[0, -1, -1, 2777.259506381813, -2.5700565645605193, -3.6558885592179298]","[0.0, 0.0, 0.0]","[0.0, 0.0, 0.0]",10.745501,0
699,"[0, -1, -1, 2785.50500741617, -2.5700565645605193, -3.6558885592179298]","[0.0, 0.0, 0.0]","[0.0, 0.0, 0.0]",8.715858,0
700,"[0, -1, -1, 2791.72086507472, -2.5700565645605193, -3.6558885592179298]","[0.0, 0.0, 0.0]","[0.0, 0.0, 0.0]",9.697331,0
701,"[0, -1, -1, 2798.918195927643, -2.5700565645605193, -3.6558885592179298]","[0.0, 0.0, 0.0]","[0.0, 0.0, 0.0]",10.896746,0
702,"[0, -1, -1, 2807.3149417112913, -2.5700565645605193, -3.6558885592179298]","[0.0, 0.0, 0.0]","[0.0, 0.0, 0.0]",10.603795,0
703,"[0, -1, -1, 2815.418736598066, -2.5700565645605193, -3.6558885592179298]","[0.0, 0.0, 0.0]","[0.0, 0.0, 0.0]",9.223796,0
704,"[1, -1, -1, 2822.142532960909, -2.5700565645605193, -3.6558885592179298]","[0.0, 0.0, 0.0]","[0.0, 0.0, 0.0]",2.189913,0
705,"[0, -1, -1, 2821.832446063379, -2.5700565645605193, -3.6558885592179298]","[0.0, 0.0, 0.0]","[0.0, 0.0, 0.0]",10.387206,0
706,"[0, -1, -1, 2829.719652131498, -2.5700565645605193, -3.6558885592179298]","[0.0, 0.0, 0.0]","[0.0, 0.0, 0.0]",10.760519,0
707,"[0, -1, -1, 2837.980170893067, -2.5700565645605193, -3.6558885592179298]","[0.0, 0.0, 0.0]","[0.0, 0.0, 0.0]",11.952256,0
708,"[0, -1, -1, 2847.432427159585, -2.5700565645605193, -3.6558885592179298]","[0.0, 0.0, 0.0]","[0.0, 0.0, 0.0]",10.789868,0
709,"[0, -1, -1, 2855.7222956426253, -2.5700565645605193, -3.6558885592179298]","[0.0, 0.0, 0.0]","[0.0, 0.0, 0.0]",10.470778,0
710,"[1, -1, -1, 2863.6930735386304, -2.5700565645605193, -3.6558885592179298]","[0.0, 0.0, 0.0]","[0.0, 0.0, 0.0]",2.091598,0
711,"[0, -1, -1, 2863.2846713666136, -2.5700565645605193, -3.6558885592179298]","[0.0, 0.0, 0.0]","[0.0, 0.0, 0.0]",10.770394,0
712,"[0, -1, -1, 2871.555065769088, -2.5700565645605193, -3.6558885592179298]","[0.0, 0.0, 0.0]","[0.0, 0.0, 0.0]",10.671976,0
713,"[0, -1, -1, 2879.7270420005807, -2.5700565645605193, -3.6558885592179298]","[0.0, 0.0, 0.0]","[0.0, 0.0, 0.0]",7.553911,0
714,"[2, -1, -1, 2884.78095283258, -2.5700565645605193, -3.6558885592179298]","[0.0, 0.0, 0.0]","[0.0, 0.0, 0.0]",1.510973,0
715,"[0, -1, -1, 2883.7919261269044, -2.5700565645605193, -3.6558885592179298]","[0.0, 0.0, 0.0]","[0.0, 0.0, 0.0]",10.774321,0
716,"[0, -1, -1, 2892.0662473904476, -2.5700565645605193, -3.6558885592179298]","[0.0, 0.0, 0.0]","[0.0, 0.0, 0.0]",9.257573,0
717,"[0, -1, -1, 2898.823820291764, -2.5700565645605193, -3.6558885592179298]","[0.0, 0.0, 0.0]","[0.0, 0.0, 0.0]",8.440611,0
718,"[0, -1, -1, 2904.7644308172435, -2.5700565645605193, -3.6558885592179298]","[0.0, 0.0, 0.0]","[0.0, 0.0, 0.0]",10.682431,0
719,"[0, -1, -1, 2912.9468620861708, -2.5700565645605193, -3.6558885592179298]","[0.0, 0.0, 0.0]","[0.0, 0.0, 0.0]",9.511986,0
720,"[0, -1, -1, 2919.9588475949263, -2.5700565645605193, -3.6558885592179298]","[0.0, 0.0, 0.0]","[0.0, 0.0, 0.0]",9.694355,0
721,"[0, -1, -1, 2927.1532024656876, -2.5700565645605193, -3.6558885592179298]","[0.0, 0.0, 0.0]","[0.0, 0.0, 0.0]",10.237673,0
722,"[2, -1, -1, 2934.890875036056, -2.5700565645605193, -3.6558885592179298]","[0.0, 0.0, 0.0]","[0.0, 0.0, 0.0]",-1.133043,0
723,"[0, -1, -1, 2931.25783196993, -2.5700565645605193, -3.6558885592179298]","[0.0, 0.0, 0.0]","[0.0, 0.0, 0.0]",10.809831,0
724,"[0, -1, -1, 2939.56766330993, -2.5700565645605193, -3.6558885592179298]","[0.0, 0.0, 0.0]","[0.0, 0.0, 0.0]",9.319931,0
725,"[0, -1, -1, 2946.3875947984407, -2.5700565645605193, -3.6558885592179298]","[0.0, 0.0, 0.0]","[0.0, 0.0, 0.0]",10.298058,0
726,"[0, -1, -1, 2954.185653020171, -2.5700565645605193, -3.6558885592179298]","[0.0, 0.0, 0.0]","[0.0, 0.0, 0.0]",10.134157,0
727,"[0, -1, -1, 2961.8198101503613, -2.5700565645605193, -3.6558885592179298]","[0.0, 0.0, 0.0]","[0.0, 0.0, 0.0]",11.593702,0
728,"[0, -1, -1, 2970.913511761197, -2.5700565645605193, -3.6558885592179298]","[0.0, 0.0, 0.0]","[0.0, 0.0, 0.0]",9.312617,0
729,"[0, -1, -1, 2977.7261287482124, -2.5700565645605193, -3.6558885592179298]","[0.0, 0.0, 0.0]","[0.0, 0.0, 0.0]",9.229328,0
730,"[0, -1, -1, 2984.4554568924978, -2.5700565645605193, -3.6558885592179298]","[0.0, 0.0, 0.0]","[0.0, 0.0, 0.0]",10.542744,0
731,"[0, -1, -1, 2992.4982008776365, -2.5700565645605193, -3.6558885592179298]","[0.0, 0.0, 0.0]","[0.0, 0.0, 0.0]",9.632490,0
732,"[0, -1, -1, 2999.630690796365, -2.5700565645605193, -3.6558885592179298]","[0.0, 0.0, 0.0]","[0.0, 0.0, 0.0]",8.560462,0
733,"[0, -1, -1, 3005.691152685971, -2.5700565645605193, -3.6558885592179298]","[0.0, 0.0, 0.0]","[0.0, 0.0, 0.0]",10.756647,0
734,"[0, -1, -1, 3013.9477992221414, -2.5700565645605193, -3.6558885592179298]","[0.0, 0.0, 0.0]","[0.0, 0.0, 0.0]",9.153713,0
735,"[0, -1, -1, 3020.601512412203, -2.5700565645605193, -3.6558885592179298]","[0.0, 0.0, 0.0]","[0.0, 0.0, 0.0]",10.988337,0
736,"[0, -1, -1, 3029.089849475116, -2.5700565645605193, -3.6558885592179298]","[0.0, 0.0, 0.0]","[0.0, 0.0, 0.0]",10.905182,0
737,"[0, -1, -1, 3037.49503182651, -2.5700565645605193, -3.6558885592179298]","[0.0, 0.0, 0.0]","[0.0, 0.0, 0.0]",10.159098,0
738,"[0, -1, -1, 3045.1541298651828, -2.5700565645605193, -3.6558885592179298]","[0.0, 0.0, 0.0]","[0.0, 0.0, 0.0]",10.176405,0
739,"[0, -1, -1, 3052.830535011637, -2.5700565645605193, -3.6558885592179298]","[0.0, 0.0, 0.0]","[0.0, 0.0, 0.0]",10.011479,0
740,"[0, -1, -1, 3060.342013611319, -2.5700565645605193, -3.6558885592179298]","[0.0, 0.0, 0.0]","[0.0, 0.0, 0.0]",9.388130,0
741,"[0, -1, -1, 3067.2301435259874, -2.5700565645605193, -3.6558885592179298]","[0.0, 0.0, 0.0]","[0.0, 0.0, 0.0]",8.299819,0
742,"[0, -1, -1, 3073.0299621219115, -2.5700565645605193, -3.6558885592179298]","[0.0, 0.0, 0.0]","[0.0, 0.0, 0.0]",10.275683,0
743,"[1, -1, -1, 3080.8056449766564, -2.5700565645605193, -3.6558885592179298]","[0.0, 0.0, 0.0]","[0.0, 0.0, 0.0]",1.417461,0
744,"[0, -1, -1, 3079.7231056564087, -2.5700565645605193, -3.6558885592179298]","[0.0, 0.0, 0.0]","[0.0, 0.0, 0.0]",11.295854,0
745,"[1, -1, -1, 3088.518959515999, -2.5700565645605193, -3.6558885592179298]","[0.0, 0.0, 0.0]","[0.0, 0.0, 0.0]",3.267756,0
746,"[1, -1, -1, 3089.286715356964, -2.5700565645605193, -3.6558885592179298]","[0.0, 0.0, 0.0]","[0.0, 0.0, 0.0]",4.113419,0
747,"[0, -1, -1, 3090.90013398993, -2.5700565645605193, -3.6558885592179298]","[0.0, 0.0, 0.0]","[0.0, 0.0, 0.0]",9.630220,0
748,"[0, -1, -1, 3098.0303536098263, -2.5700565645605193, -3.6558885592179298]","[0.0, 0.0, 0.0]","[0.0, 0.0, 0.0]",10.976901,0
749,"[2, -1, -1, 3106.507254379865, -2.5700565645605193, -3.6558885592179298]","[0.0, 0.0, 0.0]","[0.0, 0.0, 0.0]",3.035215,0
750,"[0, -1, -1, 3107.0424691906123, -2.5700565645605193, -3.6558885592179298]","[0.0, 0.0, 0.0]","[0.0, 0.0, 0.0]",11.357586,0
751,"[0, -1, -1, 3115.9000556457795, -2.5700565645605193, -3.6558885592179298]","[0.0, 0.0, 0.0]","[0.0, 0.0, 0.0]",10.939216,0
752,"[0, -1, -1, 3124.3392718226955, -2.5700565645605193, -3.6558885592179298]","[0.0, 0.0, 0.0]","[0.0, 0.0, 0.0]",8.757355,0
753,"[0, -1, -1, 3130.596626618376, -2.5700565645605193, -3.6558885592179298]","[0.0, 0.0, 0.0]","[0.0, 0.0, 0.0]",10.073871,0
754,"[0, -1, -1, 3138.170497906806, -2.5700565645605193, -3.6558885592179298]","[0.0, 0.0, 0.0]","[0.0, 0.0, 0.0]",9.743673,0
755,"[0, -1, -1, 3145.4141704186013, -2.5700565645605193, -3.6558885592179298]","[0.0, 0.0, 0.0]","[0.0, 0.0, 0.0]",11.978632,0
756,"[0, -1, -1, 3154.892802551426, -2.5700565645605193, -3.6558885592179298]","[0.0, 0.0, 0.0]","[0.0, 0.0, 0.0]",11.435466,0
757,"[2, -1, -1, 3163.8282680965353, -2.5700565645605193, -3.6558885592179298]","[0.0, 0.0, 0.0]","[0.0, 0.0, 0.0]",1.143021,0
758,"[0, -1, -1, 3162.4712893584096, -2.5700565645605193, -3.6558885592179298]","[0.0, 0.0, 0.0]","[0.0, 0.0, 0.0]",9.808457,0
759,"[0, -1, -1, 3169.779746199779, -2.5700565645605193, -3.6558885592179298]","[0.0, 0.0, 0.0]","[0.0, 0.0, 0.0]",8.466355,0
760,"[0, -1, -1, 3175.74610092047, -2.5700565645605193, -3.6558885592179298]","[0.0, 0.0, 0.0]","[0.0, 0.0, 0.0]",11.244607,0
761,"[0, -1, -1, 3184.4907082930445, -2.5700565645605193, -3.6558885592179298]","[0.0, 0.0, 0.0]","[0.0, 0.0, 0.0]",9.610018,0
762,"[0, -1, -1, 3191.600726430254, -2.5700565645605193, -3.6558885592179298]","[0.0, 0.0, 0.0]","[0.0, 0.0, 0.0]",9.991531,0
763,"[0, -1, -1, 3199.0922571146693, -2.5700565645605193, -3.6558885592179298]","[0.0, 0.0, 0.0]","[0.0, 0.0, 0.0]",9.317181,0
764,"[0, -1, -1, 3205.909438567128, -2.5700565645605193, -3.6558885592179298]","[0.0, 0.0, 0.0]","[0.0, 0.0, 0.0]",11.152592,0
765,"[0, -1, -1, 3214.5620307555323, -2.5700565645605193, -3.6558885592179298]","[0.0, 0.0, 0.0]","[0.0, 0.0, 0.0]",11.724903,0
766,"[0, -1, -1, 3223.7869334232996, -2.5700565645605193, -3.6558885592179298]","[0.0, 0.0, 0.0]","[0.0, 0.0, 0.0]",10.923773,0
767,"[0, -1, -1, 3232.210706080621, -2.5700565645605193, -3.6558885592179298]","[0.0, 0.0, 0.0]","[0.0, 0.0, 0.0]",9.875819,0
768,"[0, -1, -1, 3239.5865250647057, -2.5700565645605193, -3.6558885592179298]","[0.0, 0.0, 0.0]","[0.0, 0.0, 0.0]",9.558282,0
769,"[2, -1, -1, 3246.6448065880845, -2.5700565645605193, -3.6558885592179298]","[0.0, 0.0, 0.0]","[0.0, 0.0, 0.0]",0.657407,0
770,"[0, -1, -1, 3244.8022136562254, -2.5700565645605193, -3.6558885592179298]","[0.0, 0.0, 0.0]","[0.0, 0.0, 0.0]",7.282123,0
771,"[0, -1, -1, 3249.584336938564, -2.5700565645605193, -3.6558885592179298]","[0.0, 0.0, 0.0]","[0.0, 0.0, 0.0]",9.920901,0
772,"[0, -1, -1, 3257.005237534208, -2.5700565645605193, -3.6558885592179298]","[0.0, 0.0, 0.0]","[0.0, 0.0, 0.0]",8.894340,0
773,"[0, -1, -1, 3263.399577071445, -2.5700565645605193, -3.6558885592179298]","[0.0, 0.0, 0.0]","[0.0, 0.0, 0.0]",12.134577,0
774,"[0, -1, -1, 3273.0341545149095, -2.5700565645605193, -3.6558885592179298]","[0.0, 0.0, 0.0]","[0.0, 0.0, 0.0]",7.747561,0
775,"[0, -1, -1, 3278.281715242484, -2.5700565645605193, -3.6558885592179298]","[0.0, 0.0, 0.0]","[0.0, 0.0, 0.0]",11.272165,0
776,"[0, -1, -1, 3287.0538800967424, -2.5700565645605193, -3.6558885592179298]","[0.0, 0.0, 0.0]","[0.0, 0.0, 0.0]",8.515094,0
777,"[0, -1, -1, 3293.0689736441327, -2.5700565645605193, -3.6558885592179298]","[0.0, 0.0, 0.0]","[0.0, 0.0, 0.0]",10.405590,0
778,"[0, -1, -1, 3300.974563295927, -2.5700565645605193, -3.6558885592179298]","[0.0, 0.0, 0.0]","[0.0, 0.0, 0.0]",10.310573,0
779,"[0, -1, -1, 3308.785136201866, -2.5700565645605193, -3.6558885592179298]","[0.0, 0.0, 0.0]","[0.0, 0.0, 0.0]",8.645636,0
780,"[0, -1, -1, 3314.930772233126, -2.5700565645605193, -3.6558885592179298]","[0.0, 0.0, 0.0]","[0.0, 0.0, 0.0]",9.933291,0
781,"[0, -1, -1, 3322.3640637183858, -2.5700565645605193, -3.6558885592179298]","[0.0, 0.0, 0.0]","[0.0, 0.0, 0.0]",10.019902,0
782,"[0, -1, -1, 3329.8839655798406, -2.5700565645605193, -3.6558885592179298]","[0.0, 0.0, 0.0]","[0.0, 0.0, 0.0]",8.628943,0
783,"[0, -1, -1, 3336.012908285587, -2.5700565645605193, -3.6558885592179298]","[0.0, 0.0, 0.0]","[0.0, 0.0, 0.0]",9.901773,0
784,"[0, -1, -1, 3343.4146814163682, -2.5700565645605193, -3.6558885592179298]","[0.0, 0.0, 0.0]","[0.0, 0.0, 0.0]",9.426956,0
785,"[0, -1, -1, 3350.341637205243, -2.5700565645605193, -3.6558885592179298]","[0.0, 0.0, 0.0]","[0.0, 0.0, 0.0]",12.133044,0
786,"[0, -1, -1, 3359.974681093533, -2.5700565645605193, -3.6558885592179298]","[0.0, 0.0, 0.0]","[0.0, 0.0, 0.0]",8.226071,0
787,"[0, -1, -1, 3365.7007518534665, -2.5700565645605193, -3.6558885592179298]","[0.0, 0.0, 0.0]","[0.0, 0.0, 0.0]",9.968171,0
788,"[0, -1, -1, 3373.1689230258194, -2.5700565645605193, -3.6558885592179298]","[0.0, 0.0, 0.0]","[0.0, 0.0, 0.0]",9.828210,0
789,"[0, -1, -1, 3380.497132633523, -2.5700565645605193, -3.6558885592179298]","[0.0, 0.0, 0.0]","[0.0, 0.0, 0.0]",9.129878,0
790,"[0, -1, -1, 3387.1270110302844, -2.5700565645605193, -3.6558885592179298]","[0.0, 0.0, 0.0]","[0.0, 0.0, 0.0]",10.644260,0
791,"[0, -1, -1, 3395.2712708129734, -2.5700565645605193, -3.6558885592179298]","[0.0, 0.0, 0.0]","[0.0, 0.0, 0.0]",8.840442,0
792,"[0, -1, -1, 3401.6117130552416, -2.5700565645605193, -3.6558885592179298]","[0.0, 0.0, 0.0]","[0.0, 0.0, 0.0]",7.262709,0
793,"[0, -1, -1, 3406.3744222710684, -2.5700565645605193, -3.6558885592179298]","[0.0, 0.0, 0.0]","[0.0, 0.0, 0.0]",10.195385,0
794,"[2, -1, -1, 3414.0698072646933, -2.5700565645605193, -3.6558885592179298]","[0.0, 0.0, 0.0]","[0.0, 0.0, 0.0]",2.036956,0
795,"[0, -1, -1, 3413.6067633102643, -2.5700565645605193, -3.6558885592179298]","[0.0, 0.0, 0.0]","[0.0, 0.0, 0.0]",8.963383,0
796,"[0, -1, -1, 3420.0701462103607, -2.5700565645605193, -3.6558885592179298]","[0.0, 0.0, 0.0]","[0.0, 0.0, 0.0]",9.608817,0
797,"[0, -1, -1, 3427.178963582631, -2.5700565645605193, -3.6558885592179298]","[0.0, 0.0, 0.0]","[0.0, 0.0, 0.0]",7.648035,0
798,"[0, -1, -1, 3432.326998627799, -2.5700565645605193, -3.6558885592179298]","[0.0, 0.0, 0.0]","[0.0, 0.0, 0.0]",8.419585,0
799,"[0, -1, -1, 3438.2465838673907, -2.5700565645605193, -3.6558885592179298]","[0.0, 0.0, 0.0]","[0.0, 0.0, 0.0]",9.058931,0
800,"[0, -1, -1, 3444.80551502844, -2.5700565645605193, -3.6558885592179298]","[0.0, 0.0, 0.0]","[0.0, 0.0, 0.0]",10.422612,0
801,"[0, -1, -1, 3452.728127005939, -2.5700565645605193, -3.6558885592179298]","[0.0, 0.0, 0.0]","[0.0, 0.0, 0.0]",11.854538,0
802,"[0, -1, -1, 3462.0826653442064, -2.5700565645605193, -3.6558885592179298]","[0.0, 0.0, 0.0]","[0.0, 0.0, 0.0]",9.830647,0
803,"[0, -1, -1, 3469.4133122965063, -2.5700565645605193, -3.6558885592179298]","[0.0, 0.0, 0.0]","[0.0, 0.0, 0.0]",10.834430,0
804,"[0, -1, -1, 3477.7477419803263, -2.5700565645605193, -3.6558885592179298]","[0.0, 0.0, 0.0]","[0.0, 0.0, 0.0]",10.280457,0
805,"[0, -1, -1, 3485.5281985424567, -2.5700565645605193, -3.6558885592179298]","[0.0, 0.0, 0.0]","[0.0, 0.0, 0.0]",9.061184,0
806,"[0, -1, -1, 3492.0893823952956, -2.5700565645605193, -3.6558885592179298]","[0.0, 0.0, 0.0]","[0.0, 0.0, 0.0]",10.314923,0
807,"[0, -1, -1, 3499.9043053502046, -2.5700565645605193, -3.6558885592179298]","[0.0, 0.0, 0.0]","[0.0, 0.0, 0.0]",10.483658,0
808,"[0, -1, -1, 3507.887963171954, -2.5700565645605193, -3.6558885592179298]","[0.0, 0.0, 0.0]","[0.0, 0.0, 0.0]",9.687281,0
809,"[2, -1, -1, 3515.0752436992207, -2.5700565645605193, -3.6558885592179298]","[0.0, 0.0, 0.0]","[0.0, 0.0, 0.0]",0.612618,0
810,"[0, -1, -1, 3513.1878612357073, -2.5700565645605193, -3.6558885592179298]","[0.0, 0.0, 0.0]","[0.0, 0.0, 0.0]",10.272539,0
811,"[0, -1, -1, 3520.9604000226986, -2.5700565645605193, -3.6558885592179298]","[0.0, 0.0, 0.0]","[0.0, 0.0, 0.0]",10.896692,0
812,"[0, -1, -1, 3529.3570921254654, -2.5700565645605193, -3.6558885592179298]","[0.0, 0.0, 0.0]","[0.0, 0.0, 0.0]",8.850722,0
813,"[0, -1, -1, 3535.7078141588454, -2.5700565645605193, -3.6558885592179298]","[0.0, 0.0, 0.0]","[0.0, 0.0, 0.0]",9.635089,0
814,"[0, -1, -1, 3542.842903155096, -2.5700565645605193, -3.6558885592179298]","[0.0, 0.0, 0.0]","[0.0, 0.0, 0.0]",11.039364,0
815,"[0, -1, -1, 3551.382267375582, -2.5700565645605193, -3.6558885592179298]","[0.0, 0.0, 0.0]","[0.0, 0.0, 0.0]",11.817225,0
816,"[0, -1, -1, 3560.6994925473186, -2.5700565645605193, -3.6558885592179298]","[0.0, 0.0, 0.0]","[0.0, 0.0, 0.0]",8.008494,0
817,"[0, -1, -1, 3566.2079864980205, -2.5700565645605193, -3.6558885592179298]","[0.0, 0.0, 0.0]","[0.0, 0.0, 0.0]",10.317607,0
818,"[0, -1, -1, 3574.025593950851, -2.5700565645605193, -3.6558885592179298]","[0.0, 0.0, 0.0]","[0.0, 0.0, 0.0]",10.212161,0
819,"[0, -1, -1, 3581.7377551812956, -2.5700565645605193, -3.6558885592179298]","[0.0, 0.0, 0.0]","[0.0, 0.0, 0.0]",8.669230,0
820,"[0, -1, -1, 3587.9069847960413, -2.5700565645605193, -3.6558885592179298]","[0.0, 0.0, 0.0]","[0.0, 0.0, 0.0]",11.684105,0
821,"[0, -1, -1, 3597.091089880111, -2.5700565645605193, -3.6558885592179298]","[0.0, 0.0, 0.0]","[0.0, 0.0, 0.0]",7.935034,0
822,"[0, -1, -1, 3602.5261235975454, -2.5700565645605193, -3.6558885592179298]","[0.0, 0.0, 0.0]","[0.0, 0.0, 0.0]",9.529148,0
823,"[0, -1, -1, 3609.5552720737487, -2.5700565645605193, -3.6558885592179298]","[0.0, 0.0, 0.0]","[0.0, 0.0, 0.0]",9.342636,0
824,"[1, -1, -1, 3616.397907629549, -2.5700565645605193, -3.6558885592179298]","[0.0, 0.0, 0.0]","[0.0, 0.0, 0.0]",3.380119,0
825,"[0, -1, -1, 3617.2780268004894, -2.5700565645605193, -3.6558885592179298]","[0.0, 0.0, 0.0]","[0.0, 0.0, 0.0]",8.451560,0
826,"[0, -1, -1, 3623.229587221122, -2.5700565645605193, -3.6558885592179298]","[0.0, 0.0, 0.0]","[0.0, 0.0, 0.0]",8.166518,0
827,"[0, -1, -1, 3628.8961048196566, -2.5700565645605193, -3.6558885592179298]","[0.0, 0.0, 0.0]","[0.0, 0.0, 0.0]",9.620890,0
828,"[0, -1, -1, 3636.0169952900733, -2.5700565645605193, -3.6558885592179298]","[0.0, 0.0, 0.0]","[0.0, 0.0, 0.0]",7.652395,0
829,"[0, -1, -1, 3641.1693905201246, -2.5700565645605193, -3.6558885592179298]","[0.0, 0.0, 0.0]","[0.0, 0.0, 0.0]",10.032269,0
830,"[0, -1, -1, 3648.701659953758, -2.5700565645605193, -3.6558885592179298]","[0.0, 0.0, 0.0]","[0.0, 0.0, 0.0]",8.560008,0
831,"[0, -1, -1, 3654.7616681735685, -2.5700565645605193, -3.6558885592179298]","[0.0, 0.0, 0.0]","[0.0, 0.0, 0.0]",12.220847,0
832,"[0, -1, -1, 3664.4825148898985, -2.5700565645605193, -3.6558885592179298]","[0.0, 0.0, 0.0]","[0.0, 0.0, 0.0]",10.881262,0
833,"[0, -1, -1, 3672.863777353991, -2.5700565645605193, -3.6558885592179298]","[0.0, 0.0, 0.0]","[0.0, 0.0, 0.0]",10.054348,0
834,"[0, -1, -1, 3680.418125553656, -2.5700565645605193, -3.6558885592179298]","[0.0, 0.0, 0.0]","[0.0, 0.0, 0.0]",9.979706,0
835,"[0, -1, -1, 3687.8978318030768, -2.5700565645605193, -3.6558885592179298]","[0.0, 0.0, 0.0]","[0.0, 0.0, 0.0]",8.822194,0
836,"[0, -1, -1, 3694.220025342681, -2.5700565645605193, -3.6558885592179298]","[0.0, 0.0, 0.0]","[0.0, 0.0, 0.0]",10.643665,0
837,"[0, -1, -1, 3702.363690679797, -2.5700565645605193, -3.6558885592179298]","[0.0, 0.0, 0.0]","[0.0, 0.0, 0.0]",10.021861,0
838,"[0, -1, -1, 3709.885551870937, -2.5700565645605193, -3.6558885592179298]","[0.0, 0.0, 0.0]","[0.0, 0.0, 0.0]",7.994902,0
839,"[0, -1, -1, 3715.3804542436174, -2.5700565645605193, -3.6558885592179298]","[0.0, 0.0, 0.0]","[0.0, 0.0, 0.0]",10.613584,0
840,"[0, -1, -1, 3723.4940379611853, -2.5700565645605193, -3.6558885592179298]","[0.0, 0.0, 0.0]","[0.0, 0.0, 0.0]",9.865881,0
841,"[0, -1, -1, 3730.8599193325645, -2.5700565645605193, -3.6558885592179298]","[0.0, 0.0, 0.0]","[0.0, 0.0, 0.0]",10.442573,0
842,"[0, -1, -1, 3738.802492029265, -2.5700565645605193, -3.6558885592179298]","[0.0, 0.0, 0.0]","[0.0, 0.0, 0.0]",10.677039,0
843,"[2, -1, -1, 3746.9795307709614, -2.5700565645605193, -3.6558885592179298]","[0.0, 0.0, 0.0]","[0.0, 0.0, 0.0]",1.543364,0
844,"[1, -1, -1, 3746.0228949053608, -2.5700565645605193, -3.6558885592179298]","[0.0, 0.0, 0.0]","[0.0, 0.0, 0.0]",2.527246,0
845,"[0, -1, -1, 3746.0501405196487, -2.5700565645605193, -3.6558885592179298]","[0.0, 0.0, 0.0]","[0.0, 0.0, 0.0]",10.328483,0
846,"[0, -1, -1, 3753.878623173787, -2.5700565645605193, -3.6558885592179298]","[0.0, 0.0, 0.0]","[0.0, 0.0, 0.0]",10.703832,0
847,"[0, -1, -1, 3762.0824555386725, -2.5700565645605193, -3.6558885592179298]","[0.0, 0.0, 0.0]","[0.0, 0.0, 0.0]",10.111640,0
848,"[0, -1, -1, 3769.694095380223, -2.5700565645605193, -3.6558885592179298]","[0.0, 0.0, 0.0]","[0.0, 0.0, 0.0]",9.359392,0
849,"[0, -1, -1, 3776.5534874255786, -2.5700565645605193, -3.6558885592179298]","[0.0, 0.0, 0.0]","[0.0, 0.0, 0.0]",10.181028,0
850,"[0, -1, -1, 3784.2345150682922, -2.5700565645605193, -3.6558885592179298]","[0.0, 0.0, 0.0]","[0.0, 0.0, 0.0]",10.276879,0
851,"[0, -1, -1, 3792.0113944994564, -2.5700565645605193, -3.6558885592179298]","[0.0, 0.0, 0.0]","[0.0, 0.0, 0.0]",9.713079,0
852,"[0, -1, -1, 3799.2244732407794, -2.5700565645605193, -3.6558885592179298]","[0.0, 0.0, 0.0]","[0.0, 0.0, 0.0]",10.515121,0
853,"[0, -1, -1, 3807.239594014529, -2.5700565645605193, -3.6558885592179298]","[0.0, 0.0, 0.0]","[0.0, 0.0, 0.0]",8.700858,0
854,"[0, -1, -1, 3813.4404522106265, -2.5700565645605193, -3.6558885592179298]","[0.0, 0.0, 0.0]","[0.0, 0.0, 0.0]",10.358988,0
855,"[0, -1, -1, 3821.299440611097, -2.5700565645605193, -3.6558885592179298]","[0.0, 0.0, 0.0]","[0.0, 0.0, 0.0]",9.774407,0
856,"[0, -1, -1, 3828.573847459812, -2.5700565645605193, -3.6558885592179298]","[0.0, 0.0, 0.0]","[0.0, 0.0, 0.0]",9.200629,0
857,"[0, -1, -1, 3835.2744760160203, -2.5700565645605193, -3.6558885592179298]","[0.0, 0.0, 0.0]","[0.0, 0.0, 0.0]",11.897806,0
858,"[0, -1, -1, 3844.6722816568445, -2.5700565645605193, -3.6558885592179298]","[0.0, 0.0, 0.0]","[0.0, 0.0, 0.0]",10.351596,0
859,"[0, -1, -1, 3852.52387794889, -2.5700565645605193, -3.6558885592179298]","[0.0, 0.0, 0.0]","[0.0, 0.0, 0.0]",9.328569,0
860,"[0, -1, -1, 3859.3524470490524, -2.5700565645605193, -3.6558885592179298]","[0.0, 0.0, 0.0]","[0.0, 0.0, 0.0]",9.111803,0
861,"[0, -1, -1, 3865.9642495753396, -2.5700565645605193, -3.6558885592179298]","[0.0, 0.0, 0.0]","[0.0, 0.0, 0.0]",11.382606,0
862,"[0, -1, -1, 3874.846855230813, -2.5700565645605193, -3.6558885592179298]","[0.0, 0.0, 0.0]","[0.0, 0.0, 0.0]",10.289229,0
863,"[0, -1, -1, 3882.6360840914203, -2.5700565645605193, -3.6558885592179298]","[0.0, 0.0, 0.0]","[0.0, 0.0, 0.0]",8.927779,0
864,"[0, -1, -1, 3889.0638631274246, -2.5700565645605193, -3.6558885592179298]","[0.0, 0.0, 0.0]","[0.0, 0.0, 0.0]",10.451629,0
865,"[0, -1, -1, 3897.015491732107, -2.5700565645605193, -3.6558885592179298]","[0.0, 0.0, 0.0]","[0.0, 0.0, 0.0]",10.052191,0
866,"[0, -1, -1, 3904.5676825015153, -2.5700565645605193, -3.6558885592179298]","[0.0, 0.0, 0.0]","[0.0, 0.0, 0.0]",10.955142,0
867,"[0, -1, -1, 3913.0228249774614, -2.5700565645605193, -3.6558885592179298]","[0.0, 0.0, 0.0]","[0.0, 0.0, 0.0]",9.787595,0
868,"[0, -1, -1, 3920.310420042289, -2.5700565645605193, -3.6558885592179298]","[0.0, 0.0, 0.0]","[0.0, 0.0, 0.0]",9.925363,0
869,"[0, -1, -1, 3927.7357830761657, -2.5700565645605193, -3.6558885592179298]","[0.0, 0.0, 0.0]","[0.0, 0.0, 0.0]",10.784109,0
870,"[0, -1, -1, 3936.019891917949, -2.5700565645605193, -3.6558885592179298]","[0.0, 0.0, 0.0]","[0.0, 0.0, 0.0]",11.355744,0
871,"[0, -1, -1, 3944.875636026822, -2.5700565645605193, -3.6558885592179298]","[0.0, 0.0, 0.0]","[0.0, 0.0, 0.0]",9.647383,0
872,"[0, -1, -1, 3952.023019230971, -2.5700565645605193, -3.6558885592179298]","[0.0, 0.0, 0.0]","[0.0, 0.0, 0.0]",8.631390,0
873,"[0, -1, -1, 3958.15440940869, -2.5700565645605193, -3.6558885592179298]","[0.0, 0.0, 0.0]","[0.0, 0.0, 0.0]",9.535619,0
874,"[0, -1, -1, 3965.19002874888, -2.5700565645605193, -3.6558885592179298]","[0.0, 0.0, 0.0]","[0.0, 0.0, 0.0]",9.331567,0
875,"[0, -1, -1, 3972.0215959359266, -2.5700565645605193, -3.6558885592179298]","[0.0, 0.0, 0.0]","[0.0, 0.0, 0.0]",7.799459,0
876,"[0, -1, -1, 3977.3210549499995, -2.5700565645605193, -3.6558885592179298]","[0.0, 0.0, 0.0]","[0.0, 0.0, 0.0]",8.827365,0
877,"[1, -1, -1, 3983.6484200300715, -2.5700565645605193, -3.6558885592179298]","[0.0, 0.0, 0.0]","[0.0, 0.0, 0.0]",1.823826,0
878,"[0, -1, -1, 3982.9722465286413, -2.5700565645605193, -3.6558885592179298]","[0.0, 0.0, 0.0]","[0.0, 0.0, 0.0]",11.076591,0
879,"[0, -1, -1, 3991.5488373613684, -2.5700565645605193, -3.6558885592179298]","[0.0, 0.0, 0.0]","[0.0, 0.0, 0.0]",10.681447,0
880,"[0, -1, -1, 3999.7302844309047, -2.5700565645605193, -3.6558885592179298]","[0.0, 0.0, 0.0]","[0.0, 0.0, 0.0]",9.694457,0
881,"[0, -1, -1, 4006.9247416629323, -2.5700565645605193, -3.6558885592179298]","[0.0, 0.0, 0.0]","[0.0, 0.0, 0.0]",10.192316,0
882,"[0, -1, -1, 4014.6170576694685, -2.5700565645605193, -3.6558885592179298]","[0.0, 0.0, 0.0]","[0.0, 0.0, 0.0]",11.509797,0
883,"[0, -1, -1, 4023.6268550812038, -2.5700565645605193, -3.6558885592179298]","[0.0, 0.0, 0.0]","[0.0, 0.0, 0.0]",9.493773,0
884,"[0, -1, -1, 4030.62062767273, -2.5700565645605193, -3.6558885592179298]","[0.0, 0.0, 0.0]","[0.0, 0.0, 0.0]",9.981445,0
885,"[1, -1, -1, 4038.102072247035, -2.5700565645605193, -3.6558885592179298]","[0.0, 0.0, 0.0]","[0.0, 0.0, 0.0]",0.162005,0
886,"[0, -1, -1, 4035.764076810702, -2.5700565645605193, -3.6558885592179298]","[0.0, 0.0, 0.0]","[0.0, 0.0, 0.0]",10.977637,0
887,"[0, -1, -1, 4044.2417137415846, -2.5700565645605193, -3.6558885592179298]","[0.0, 0.0, 0.0]","[0.0, 0.0, 0.0]",11.048715,0
888,"[1, -1, -1, 4052.7904283912826, -2.5700565645605193, -3.6558885592179298]","[0.0, 0.0, 0.0]","[0.0, 0.0, 0.0]",2.757573,0
889,"[0, -1, -1, 4053.048001386381, -2.5700565645605193, -3.6558885592179298]","[0.0, 0.0, 0.0]","[0.0, 0.0, 0.0]",9.036204,0
890,"[0, -1, -1, 4059.584205772046, -2.5700565645605193, -3.6558885592179298]","[0.0, 0.0, 0.0]","[0.0, 0.0, 0.0]",9.570762,0
891,"[0, -1, -1, 4066.6549681998326, -2.5700565645605193, -3.6558885592179298]","[0.0, 0.0, 0.0]","[0.0, 0.0, 0.0]",8.021241,0
892,"[0, -1, -1, 4072.176209478534, -2.5700565645605193, -3.6558885592179298]","[0.0, 0.0, 0.0]","[0.0, 0.0, 0.0]",9.743040,0
893,"[0, -1, -1, 4079.4192499414253, -2.5700565645605193, -3.6558885592179298]","[0.0, 0.0, 0.0]","[0.0, 0.0, 0.0]",8.880638,0
894,"[0, -1, -1, 4085.799887696247, -2.5700565645605193, -3.6558885592179298]","[0.0, 0.0, 0.0]","[0.0, 0.0, 0.0]",11.087477,0
895,"[2, -1, -1, 4094.3873646823295, -2.5700565645605193, -3.6558885592179298]","[0.0, 0.0, 0.0]","[0.0, 0.0, 0.0]",0.257024,0
896,"[0, -1, -1, 4092.144388207629, -2.5700565645605193, -3.6558885592179298]","[0.0, 0.0, 0.0]","[0.0, 0.0, 0.0]",9.359904,0
897,"[2, -1, -1, 4099.004292243912, -2.5700565645605193, -3.6558885592179298]","[0.0, 0.0, 0.0]","[0.0, 0.0, 0.0]",0.392484,0
898,"[0, -1, -1, 4096.896776442964, -2.5700565645605193, -3.6558885592179298]","[0.0, 0.0, 0.0]","[0.0, 0.0, 0.0]",9.032179,0
899,"[0, -1, -1, 4103.428955924027, -2.5700565645605193, -3.6558885592179298]","[0.0, 0.0, 0.0]","[0.0, 0.0, 0.0]",8.939867,0
900,"[0, -1, -1, 4109.868822535645, -2.5700565645605193, -3.6558885592179298]","[0.0, 0.0, 0.0]","[0.0, 0.0, 0.0]",8.683382,0
901,"[0, -1, -1, 4116.052204324384, -2.5700565645605193, -3.6558885592179298]","[0.0, 0.0, 0.0]","[0.0, 0.0, 0.0]",11.182635,0
902,"[0, -1, -1, 4124.734839251269, -2.5700565645605193, -3.6558885592179298]","[0.0, 0.0, 0.0]","[0.0, 0.0, 0.0]",9.669691,0
903,"[0, -1, -1, 4131.904530606972, -2.5700565645605193, -3.6558885592179298]","[0.0, 0.0, 0.0]","[0.0, 0.0, 0.0]",9.023489,0
904,"[0, -1, -1, 4138.428019599298, -2.5700565645605193, -3.6558885592179298]","[0.0, 0.0, 0.0]","[0.0, 0.0, 0.0]",10.051063,0
905,"[0, -1, -1, 4145.979082138961, -2.5700565645605193, -3.6558885592179298]","[0.0, 0.0, 0.0]","[0.0, 0.0, 0.0]",12.254623,0
906,"[0, -1, -1, 4155.733705286288, -2.5700565645605193, -3.6558885592179298]","[0.0, 0.0, 0.0]","[0.0, 0.0, 0.0]",10.103603,0
907,"[0, -1, -1, 4163.33730824365, -2.5700565645605193, -3.6558885592179298]","[0.0, 0.0, 0.0]","[0.0, 0.0, 0.0]",10.546354,0
908,"[0, -1, -1, 4171.383662261186, -2.5700565645605193, -3.6558885592179298]","[0.0, 0.0, 0.0]","[0.0, 0.0, 0.0]",10.305311,0
909,"[0, -1, -1, 4179.188973046877, -2.5700565645605193, -3.6558885592179298]","[0.0, 0.0, 0.0]","[0.0, 0.0, 0.0]",10.526698,0
910,"[0, -1, -1, 4187.215670989403, -2.5700565645605193, -3.6558885592179298]","[0.0, 0.0, 0.0]","[0.0, 0.0, 0.0]",10.985503,0
911,"[0, -1, -1, 4195.701173777721, -2.5700565645605193, -3.6558885592179298]","[0.0, 0.0, 0.0]","[0.0, 0.0, 0.0]",9.979584,0
912,"[0, -1, -1, 4203.180757706199, -2.5700565645605193, -3.6558885592179298]","[0.0, 0.0, 0.0]","[0.0, 0.0, 0.0]",8.905453,0
913,"[0, -1, -1, 4209.586210690372, -2.5700565645605193, -3.6558885592179298]","[0.0, 0.0, 0.0]","[0.0, 0.0, 0.0]",10.754292,0
914,"[0, -1, -1, 4217.840503006574, -2.5700565645605193, -3.6558885592179298]","[0.0, 0.0, 0.0]","[0.0, 0.0, 0.0]",9.236105,0
915,"[0, -1, -1, 4224.576607709536, -2.5700565645605193, -3.6558885592179298]","[0.0, 0.0, 0.0]","[0.0, 0.0, 0.0]",9.481110,0
916,"[2, -1, -1, 4231.557717454334, -2.5700565645605193, -3.6558885592179298]","[0.0, 0.0, 0.0]","[0.0, 0.0, 0.0]",0.672488,0
917,"[0, -1, -1, 4229.730205033327, -2.5700565645605193, -3.6558885592179298]","[0.0, 0.0, 0.0]","[0.0, 0.0, 0.0]",13.136592,0
918,"[0, -1, -1, 4240.3667968588115, -2.5700565645605193, -3.6558885592179298]","[0.0, 0.0, 0.0]","[0.0, 0.0, 0.0]",11.027055,0
919,"[0, -1, -1, 4248.893852253011, -2.5700565645605193, -3.6558885592179298]","[0.0, 0.0, 0.0]","[0.0, 0.0, 0.0]",10.595997,0
920,"[0, -1, -1, 4256.989849692034, -2.5700565645605193, -3.6558885592179298]","[0.0, 0.0, 0.0]","[0.0, 0.0, 0.0]",8.922662,0
921,"[0, -1, -1, 4263.412511589607, -2.5700565645605193, -3.6558885592179298]","[0.0, 0.0, 0.0]","[0.0, 0.0, 0.0]",11.129560,0
922,"[0, -1, -1, 4272.042071268134, -2.5700565645605193, -3.6558885592179298]","[0.0, 0.0, 0.0]","[0.0, 0.0, 0.0]",10.722818,0
923,"[0, -1, -1, 4280.264889509429, -2.5700565645605193, -3.6558885592179298]","[0.0, 0.0, 0.0]","[0.0, 0.0, 0.0]",10.379031,0
924,"[0, -1, -1, 4288.143920884396, -2.5700565645605193, -3.6558885592179298]","[0.0, 0.0, 0.0]","[0.0, 0.0, 0.0]",8.760184,0
925,"[0, -1, -1, 4294.404104803421, -2.5700565645605193, -3.6558885592179298]","[0.0, 0.0, 0.0]","[0.0, 0.0, 0.0]",10.610261,0
926,"[0, -1, -1, 4302.51436546285, -2.5700565645605193, -3.6558885592179298]","[0.0, 0.0, 0.0]","[0.0, 0.0, 0.0]",9.542978,0
927,"[0, -1, -1, 4309.557343780068, -2.5700565645605193, -3.6558885592179298]","[0.0, 0.0, 0.0]","[0.0, 0.0, 0.0]",8.927894,0
928,"[0, -1, -1, 4315.9852380506445, -2.5700565645605193, -3.6558885592179298]","[0.0, 0.0, 0.0]","[0.0, 0.0, 0.0]",9.144179,0
929,"[0, -1, -1, 4322.629416684918, -2.5700565645605193, -3.6558885592179298]","[0.0, 0.0, 0.0]","[0.0, 0.0, 0.0]",10.194022,0
930,"[0, -1, -1, 4330.323438836233, -2.5700565645605193, -3.6558885592179298]","[0.0, 0.0, 0.0]","[0.0, 0.0, 0.0]",11.462079,0
931,"[0, -1, -1, 4339.285517535558, -2.5700565645605193, -3.6558885592179298]","[0.0, 0.0, 0.0]","[0.0, 0.0, 0.0]",10.939310,0
932,"[0, -1, -1, 4347.724827640133, -2.5700565645605193, -3.6558885592179298]","[0.0, 0.0, 0.0]","[0.0, 0.0, 0.0]",10.347112,0
933,"[1, -1, -1, 4355.571939420309, -2.5700565645605193, -3.6558885592179298]","[0.0, 0.0, 0.0]","[0.0, 0.0, 0.0]",1.872605,0
934,"[0, -1, -1, 4354.944544168198, -2.5700565645605193, -3.6558885592179298]","[0.0, 0.0, 0.0]","[0.0, 0.0, 0.0]",10.465009,0
935,"[0, -1, -1, 4362.909552754301, -2.5700565645605193, -3.6558885592179298]","[0.0, 0.0, 0.0]","[0.0, 0.0, 0.0]",8.810073,0
936,"[0, -1, -1, 4369.219625510168, -2.5700565645605193, -3.6558885592179298]","[0.0, 0.0, 0.0]","[0.0, 0.0, 0.0]",10.105989,0
937,"[0, -1, -1, 4376.825614161012, -2.5700565645605193, -3.6558885592179298]","[0.0, 0.0, 0.0]","[0.0, 0.0, 0.0]",10.799421,0
938,"[0, -1, -1, 4385.125034944165, -2.5700565645605193, -3.6558885592179298]","[0.0, 0.0, 0.0]","[0.0, 0.0, 0.0]",9.262284,0
939,"[2, -1, -1, 4391.887318969114, -2.5700565645605193, -3.6558885592179298]","[0.0, 0.0, 0.0]","[0.0, 0.0, 0.0]",0.303855,0
940,"[0, -1, -1, 4389.691174080249, -2.5700565645605193, -3.6558885592179298]","[0.0, 0.0, 0.0]","[0.0, 0.0, 0.0]",11.446219,0
941,"[0, -1, -1, 4398.637393563345, -2.5700565645605193, -3.6558885592179298]","[0.0, 0.0, 0.0]","[0.0, 0.0, 0.0]",9.430748,0
942,"[0, -1, -1, 4405.568141406237, -2.5700565645605193, -3.6558885592179298]","[0.0, 0.0, 0.0]","[0.0, 0.0, 0.0]",12.211341,0
943,"[0, -1, -1, 4415.279482845364, -2.5700565645605193, -3.6558885592179298]","[0.0, 0.0, 0.0]","[0.0, 0.0, 0.0]",10.191452,0
944,"[0, -1, -1, 4422.970934440799, -2.5700565645605193, -3.6558885592179298]","[0.0, 0.0, 0.0]","[0.0, 0.0, 0.0]",8.046506,0
945,"[0, -1, -1, 4428.517440247523, -2.5700565645605193, -3.6558885592179298]","[0.0, 0.0, 0.0]","[0.0, 0.0, 0.0]",8.959957,0
946,"[0, -1, -1, 4434.977397338341, -2.5700565645605193, -3.6558885592179298]","[0.0, 0.0, 0.0]","[0.0, 0.0, 0.0]",8.985605,0
947,"[0, -1, -1, 4441.4630022707815, -2.5700565645605193, -3.6558885592179298]","[0.0, 0.0, 0.0]","[0.0, 0.0, 0.0]",10.469160,0
948,"[0, -1, -1, 4449.432161962461, -2.5700565645605193, -3.6558885592179298]","[0.0, 0.0, 0.0]","[0.0, 0.0, 0.0]",9.856277,0
949,"[0, -1, -1, 4456.788439243316, -2.5700565645605193, -3.6558885592179298]","[0.0, 0.0, 0.0]","[0.0, 0.0, 0.0]",9.492531,0
950,"[0, -1, -1, 4463.780970200294, -2.5700565645605193, -3.6558885592179298]","[0.0, 0.0, 0.0]","[0.0, 0.0, 0.0]",9.309338,0
951,"[0, -1, -1, 4470.590307766529, -2.5700565645605193, -3.6558885592179298]","[0.0, 0.0, 0.0]","[0.0, 0.0, 0.0]",9.595643,0
952,"[0, -1, -1, 4477.685950495345, -2.5700565645605193, -3.6558885592179298]","[0.0, 0.0, 0.0]","[0.0, 0.0, 0.0]",9.951001,0
953,"[0, -1, -1, 4485.136951594816, -2.5700565645605193, -3.6558885592179298]","[0.0, 0.0, 0.0]","[0.0, 0.0, 0.0]",10.271581,0
954,"[0, -1, -1, 4492.908532129684, -2.5700565645605193, -3.6558885592179298]","[0.0, 0.0, 0.0]","[0.0, 0.0, 0.0]",10.643849,0
955,"[0, -1, -1, 4501.052381519174, -2.5700565645605193, -3.6558885592179298]","[0.0, 0.0, 0.0]","[0.0, 0.0, 0.0]",9.012151,0
956,"[1, -1, -1, 4507.5645326851545, -2.5700565645605193, -3.6558885592179298]","[0.0, 0.0, 0.0]","[0.0, 0.0, 0.0]",2.271070,0
957,"[0, -1, -1, 4507.335602710893, -2.5700565645605193, -3.6558885592179298]","[0.0, 0.0, 0.0]","[0.0, 0.0, 0.0]",10.350580,0
958,"[0, -1, -1, 4515.18618287453, -2.5700565645605193, -3.6558885592179298]","[0.0, 0.0, 0.0]","[0.0, 0.0, 0.0]",9.029439,0
959,"[0, -1, -1, 4521.715622204565, -2.5700565645605193, -3.6558885592179298]","[0.0, 0.0, 0.0]","[0.0, 0.0, 0.0]",10.765259,0
960,"[0, -1, -1, 4529.980881677197, -2.5700565645605193, -3.6558885592179298]","[0.0, 0.0, 0.0]","[0.0, 0.0, 0.0]",7.708272,0
961,"[0, -1, -1, 4535.189153774437, -2.5700565645605193, -3.6558885592179298]","[0.0, 0.0, 0.0]","[0.0, 0.0, 0.0]",8.457782,0
962,"[2, -1, -1, 4541.146935425956, -2.5700565645605193, -3.6558885592179298]","[0.0, 0.0, 0.0]","[0.0, 0.0, 0.0]",2.912235,0
963,"[0, -1, -1, 4541.559169976663, -2.5700565645605193, -3.6558885592179298]","[0.0, 0.0, 0.0]","[0.0, 0.0, 0.0]",11.724176,0
964,"[0, -1, -1, 4550.783346408607, -2.5700565645605193, -3.6558885592179298]","[0.0, 0.0, 0.0]","[0.0, 0.0, 0.0]",10.454792,0
965,"[0, -1, -1, 4558.738138321657, -2.5700565645605193, -3.6558885592179298]","[0.0, 0.0, 0.0]","[0.0, 0.0, 0.0]",10.377012,0
966,"[0, -1, -1, 4566.61514993135, -2.5700565645605193, -3.6558885592179298]","[0.0, 0.0, 0.0]","[0.0, 0.0, 0.0]",7.465199,0
967,"[0, -1, -1, 4571.580349253875, -2.5700565645605193, -3.6558885592179298]","[0.0, 0.0, 0.0]","[0.0, 0.0, 0.0]",10.787096,0
968,"[0, -1, -1, 4579.867444815052, -2.5700565645605193, -3.6558885592179298]","[0.0, 0.0, 0.0]","[0.0, 0.0, 0.0]",10.449566,0
969,"[0, -1, -1, 4587.81701100658, -2.5700565645605193, -3.6558885592179298]","[0.0, 0.0, 0.0]","[0.0, 0.0, 0.0]",10.554220,0
970,"[0, -1, -1, 4595.871230962513, -2.5700565645605193, -3.6558885592179298]","[0.0, 0.0, 0.0]","[0.0, 0.0, 0.0]",8.325632,0
971,"[0, -1, -1, 4601.696862667361, -2.5700565645605193, -3.6558885592179298]","[0.0, 0.0, 0.0]","[0.0, 0.0, 0.0]",12.331594,0
972,"[0, -1, -1, 4611.528457009675, -2.5700565645605193, -3.6558885592179298]","[0.0, 0.0, 0.0]","[0.0, 0.0, 0.0]",9.965575,0
973,"[0, -1, -1, 4618.994031649931, -2.5700565645605193, -3.6558885592179298]","[0.0, 0.0, 0.0]","[0.0, 0.0, 0.0]",10.357040,0
974,"[0, -1, -1, 4626.851071754971, -2.5700565645605193, -3.6558885592179298]","[0.0, 0.0, 0.0]","[0.0, 0.0, 0.0]",9.585871,0
975,"[1, -1, -1, 4633.936943015435, -2.5700565645605193, -3.6558885592179298]","[0.0, 0.0, 0.0]","[0.0, 0.0, 0.0]",3.008909,0
976,"[0, -1, -1, 4634.445851894258, -2.5700565645605193, -3.6558885592179298]","[0.0, 0.0, 0.0]","[0.0, 0.0, 0.0]",9.393552,0
977,"[0, -1, -1, 4641.339403553074, -2.5700565645605193, -3.6558885592179298]","[0.0, 0.0, 0.0]","[0.0, 0.0, 0.0]",10.839834,0
978,"[0, -1, -1, 4649.67923770742, -2.5700565645605193, -3.6558885592179298]","[0.0, 0.0, 0.0]","[0.0, 0.0, 0.0]",11.064651,0
979,"[0, -1, -1, 4658.243889031542, -2.5700565645605193, -3.6558885592179298]","[0.0, 0.0, 0.0]","[0.0, 0.0, 0.0]",10.586903,0
980,"[1, -1, -1, 4666.330791604048, -2.5700565645605193, -3.6558885592179298]","[0.0, 0.0, 0.0]","[0.0, 0.0, 0.0]",0.633662,0
981,"[1, -1, -1, 4664.464453571283, -2.5700565645605193, -3.6558885592179298]","[0.0, 0.0, 0.0]","[0.0, 0.0, 0.0]",1.642804,0
982,"[0, -1, -1, 4663.607257906257, -2.5700565645605193, -3.6558885592179298]","[0.0, 0.0, 0.0]","[0.0, 0.0, 0.0]",11.305508,0
983,"[0, -1, -1, 4672.412765890731, -2.5700565645605193, -3.6558885592179298]","[0.0, 0.0, 0.0]","[0.0, 0.0, 0.0]",10.103124,0
984,"[0, -1, -1, 4680.0158901298955, -2.5700565645605193, -3.6558885592179298]","[0.0, 0.0, 0.0]","[0.0, 0.0, 0.0]",10.055592,0
985,"[0, -1, -1, 4687.571481937589, -2.5700565645605193, -3.6558885592179298]","[0.0, 0.0, 0.0]","[0.0, 0.0, 0.0]",11.251869,0
986,"[0, -1, -1, 4696.323351054843, -2.5700565645605193, -3.6558885592179298]","[0.0, 0.0, 0.0]","[0.0, 0.0, 0.0]",11.987886,0
987,"[0, -1, -1, 4705.811236875688, -2.5700565645605193, -3.6558885592179298]","[0.0, 0.0, 0.0]","[0.0, 0.0, 0.0]",9.947451,0
988,"[0, -1, -1, 4713.258687875054, -2.5700565645605193, -3.6558885592179298]","[0.0, 0.0, 0.0]","[0.0, 0.0, 0.0]",10.363914,0
989,"[0, -1, -1, 4721.122601421362, -2.5700565645605193, -3.6558885592179298]","[0.0, 0.0, 0.0]","[0.0, 0.0, 0.0]",10.840593,0
990,"[0, -1, -1, 4729.463193972708, -2.5700565645605193, -3.6558885592179298]","[0.0, 0.0, 0.0]","[0.0, 0.0, 0.0]",9.223655,0
991,"[0, -1, -1, 4736.186849324538, -2.5700565645605193, -3.6558885592179298]","[0.0, 0.0, 0.0]","[0.0, 0.0, 0.0]",11.406443,0
992,"[0, -1, -1, 4745.093292501954, -2.5700565645605193, -3.6558885592179298]","[0.0, 0.0, 0.0]","[0.0, 0.0, 0.0]",12.471197,0
993,"[0, -1, -1, 4755.064489545734, -2.5700565645605193, -3.6558885592179298]","[0.0, 0.0, 0.0]","[0.0, 0.0, 0.0]",10.790579,0
994,"[0, -1, -1, 4763.355068537925, -2.5700565645605193, -3.6558885592179298]","[0.0, 0.0, 0.0]","[0.0, 0.0, 0.0]",10.325118,0
995,"[0, -1, -1, 4771.180186870033, -2.5700565645605193, -3.6558885592179298]","[0.0, 0.0, 0.0]","[0.0, 0.0, 0.0]",9.153233,0
996,"[0, -1, -1, 4777.833419768441, -2.5700565645605193, -3.6558885592179298]","[0.0, 0.0, 0.0]","[0.0, 0.0, 0.0]",11.018132,0
997,"[0, -1, -1, 4786.351551347285, -2.5700565645605193, -3.6558885592179298]","[0.0, 0.0, 0.0]","[0.0, 0.0, 0.0]",9.681446,0
998,"[0, -1, -1, 4793.532997215116, -2.5700565645605193, -3.6558885592179298]","[0.0, 0.0, 0.0]","[0.0, 0.0, 0.0]",11.399163,0
999,"[0, -1, -1, 4802.432160412179, -2.5700565645605193, -3.6558885592179298]","[0.0, 0.0, 0.0]","[0.0, 0.0, 0.0]",9.844876,0
1000,"[0, -1, -1, 4809.777036188259, -2.5700565645605193, -3.6558885592179298]","[0.0, 0.0, 0.0]","[0.0, 0.0, 0.0]",11.259178,0
