agent_0,agent_1,agent_2,agent_3,agent_4,agent_5,agent_6,agent_7,agent_8,agent_9,agent_10,agent_11,agent_12,agent_13,agent_14,agent_15,agent_16,agent_17,agent_18,agent_19,agent_20,agent_21,agent_22,agent_23,agent_24,agent_25,agent_26,agent_27,agent_28,agent_29
0.3242776078561665,0.3242776078561665,0.3242776078561665,0.3242776078561665,0.3242776078561665,0.3242776078561665,0.3242776078561665,0.3242776078561665,0.3242776078561665,0.3242776078561665,0.3242776078561665,0.3242776078561665,0.3242776078561665,0.3242776078561665,0.3242776078561665,0.3242776078561665,0.3242776078561665,0.3242776078561665,0.3242776078561665,0.3242776078561665,0.3242776078561665,0.3242776078561665,0.3242776078561665,0.3242776078561665,1.3130663433032466,0.3242776078561665,0.3242776078561665,0.3242776078561665,0.3242776078561665,0.3242776078561665
0.32756894738427506,1.8316328567231293,0.32756894738427506,0.32756894738427506,0.32756894738427506,0.32756894738427506,0.32756894738427506,0.32756894738427506,0.32756894738427506,0.32756894738427506,0.32756894738427506,0.32756894738427506,0.32756894738427506,0.32756894738427506,0.32756894738427506,0.32756894738427506,0.32756894738427506,0.32756894738427506,0.32756894738427506,0.32756894738427506,0.32756894738427506,0.32756894738427506,0.32756894738427506,0.32756894738427506,1.106404295714965,0.32756894738427506,0.32756894738427506,0.32756894738427506,1.106404295714965,0.32756894738427506
0.3361528695051235,0.45604434586647935,0.3361528695051235,0.3361528695051235,0.3361528695051235,0.3361528695051235,0.3361528695051235,1.540251015993138,0.3361528695051235,0.3361528695051235,0.3361528695051235,0.3361528695051235,0.3361528695051235,0.3361528695051235,0.3361528695051235,0.3361528695051235,0.3361528695051235,0.3361528695051235,0.3361528695051235,1.126422364560535,0.3361528695051235,0.3361528695051235,0.3361528695051235,0.3361528695051235,2.165175225842225,0.3361528695051235,0.3361528695051235,0.3361528695051235,-1.2870168994645155,1.0509891167502248
0.2427009082059108,3.689966763197899,0.2427009082059108,0.2427009082059108,0.2427009082059108,0.2427009082059108,0.2427009082059108,3.4688883846685803,0.2427009082059108,0.2427009082059108,0.2427009082059108,0.3866796126537999,0.2427009082059108,0.5386688972208704,0.2427009082059108,0.2427009082059108,0.2427009082059108,0.2427009082059108,0.2427009082059108,0.8097802895222228,0.2427009082059108,0.2427009082059108,0.2427009082059108,0.2427009082059108,0.5386688972208704,0.2427009082059108,0.2427009082059108,0.2427009082059108,0.5386688972208704,0.8097802895222228
-0.44920821642649145,4.3837396654434295,2.2366853306300443,0.2192700396735117,-0.44920821642649145,0.2192700396735117,0.2192700396735117,3.225550074615877,1.3685295925283514,1.3685295925283514,0.2192700396735117,8.068982741254235,0.2192700396735117,0.7371193884465232,0.2192700396735117,0.2192700396735117,0.2192700396735117,0.2192700396735117,0.2192700396735117,-3.190912310412806,0.2192700396735117,10.65840049416538,0.2192700396735117,0.2192700396735117,0.7371193884465232,0.2192700396735117,0.2192700396735117,0.2192700396735117,0.7371193884465232,1.0623466165177426
0.13787830255895622,4.861962690821173,0.7031628780030055,0.13787830255895622,0.13787830255895622,0.4346045040607364,0.13787830255895622,2.7219631253026444,2.1286841068305247,2.1286841068305247,0.13787830255895622,5.435052108297652,0.13787830255895622,0.4346045040607364,0.13787830255895622,0.13787830255895622,0.13787830255895622,0.13787830255895622,0.13787830255895622,0.7031628780030055,0.13787830255895622,7.20418883442227,0.13787830255895622,0.13787830255895622,5.338057663346948,0.13787830255895622,0.13787830255895622,0.13787830255895622,0.4346045040607364,0.457337041060909
0.06441098479118697,3.262633025493064,1.646195240633727,0.06441098479118697,0.06441098479118697,0.39414953082316284,1.646195240633727,1.789871867397336,1.7027483301197355,1.7027483301197355,0.06441098479118697,7.213115009095728,0.06441098479118697,0.39414953082316284,0.06441098479118697,0.06441098479118697,0.06441098479118697,0.06441098479118697,0.06441098479118697,1.1090608913328104,0.5152142568397191,7.79147527165962,0.06441098479118697,8.842607223119792,1.5233329614289222,0.06441098479118697,0.06441098479118697,0.06441098479118697,0.39414953082316284,0.6845941809395236
0.09313996081030242,2.588956252494324,0.5677304860559867,0.09313996081030242,0.09313996081030242,0.24848114127993084,0.5677304860559867,2.0399706732571627,1.7736256018729792,1.049412710663396,0.09313996081030242,4.009500560114639,0.09313996081030242,0.24848114127993084,0.09313996081030242,0.24848114127993084,0.09313996081030242,0.09313996081030242,0.09313996081030242,-0.05485663980271467,2.6288858415088137,0.09313996081030242,6.254884787841306,8.392901127077987,4.940017278381195,0.09313996081030242,4.009500560114639,0.09313996081030242,2.423954682560882,1.049412710663396
0.7732978523002934,2.6694297768625344,1.1235233841564063,0.10767489700378535,0.10767489700378535,0.058816075962351694,0.7890142395591178,0.4590490600329358,0.7732978523002934,0.7732978523002934,0.10767489700378535,6.6863451217938845,0.10767489700378535,0.058816075962351694,0.10767489700378535,0.058816075962351694,0.10767489700378535,0.10767489700378535,0.10767489700378535,0.31630212641525296,2.56952660925225,8.77451372476918,5.6136876534831055,0.04730245674890865,4.773463187380506,0.4590490600329358,0.7890142395591178,0.10767489700378535,2.559016835232393,0.31630212641525296
3.116893545249915,3.63606818251982,0.6450194655489754,0.11524976732467765,0.11524976732467765,0.11524976732467765,0.26638480272875564,1.4050375805023854,1.117955599512994,1.117955599512994,0.11524976732467765,3.8096780652076188,0.11524976732467765,0.3261387658311097,0.11524976732467765,0.6450194655489754,4.756450147197623,0.11524976732467765,0.11524976732467765,0.564317494165907,-0.4124779475713338,7.507885293893023,3.116893545249915,8.675420900498123,5.554847758540067,1.4050375805023854,6.644503846005673,0.564317494165907,1.6054385181556128,0.26638480272875564
2.0381838202931997,3.2429031494289506,0.21293043679736504,0.15272853476901255,0.15272853476901255,0.22951519381951058,0.7949356482868896,0.7351380408137237,0.835731413874018,0.835731413874018,0.15272853476901255,2.333739705815811,0.15272853476901255,0.22951519381951058,0.15272853476901255,0.9314773479079776,5.335916428414669,0.15272853476901255,0.15272853476901255,0.21293043679736504,1.098857824132772,6.896329768975789,2.0381838202931997,5.767496420688512,2.333739705815811,0.7351380408137237,2.333739705815811,0.21293043679736504,0.24051843797315908,1.4033039068059656
2.330045616512716,4.0448593786214255,0.0751850516640931,0.1440326533248145,0.1440326533248145,0.0751850516640931,-1.6600076457666368,0.596622056545619,0.21024983939385813,0.21024983939385813,0.1440326533248145,2.78665758547699,0.1440326533248145,0.0751850516640931,0.1440326533248145,1.245673757978301,4.611343495178916,0.1440326533248145,0.1440326533248145,0.6279519917263899,0.17974198976626599,8.712611001752702,2.330045616512716,8.996698747353483,5.110164228292233,0.596622056545619,2.78665758547699,0.6279519917263899,0.3453720751586711,0.8997931267597159
1.1031670918917835,4.909584443613543,0.22202182244968513,0.13581470687361893,0.13581470687361893,0.13581470687361893,0.22202182244968513,-0.8252170859467116,0.21123421138369017,0.21123421138369017,0.13581470687361893,4.026934557432317,0.13581470687361893,0.3714972526550147,0.13581470687361893,2.1672024215170214,2.1672024215170214,0.13581470687361893,2.387067336063217,0.8244078505091694,1.85695566884658,7.706882472688363,1.1031670918917835,6.963544005489429,2.387067336063217,1.4583272084819878,3.972773034867721,0.8244078505091694,1.8449724726244652,0.5075218808308336
0.8902167776637097,3.146777855014,0.16657304401925396,0.16657304401925396,2.5545725851768672,0.16657304401925396,1.5171960644953117,0.4873301653297528,0.557013529503488,1.0971203094982693,2.7406676862754287,0.8902167776637097,0.16657304401925396,0.025048482813919675,0.16657304401925396,2.0229944494348464,2.0229944494348464,0.16657304401925396,1.8181836914811347,0.25049272375192433,0.918131589507826,7.542689009073987,0.8902167776637097,8.178636339372323,1.8181836914811347,0.4873301653297528,5.334717833658037,0.25049272375192433,3.3472684720534307,1.3584811004833275
0.8141839292282924,3.8943523831714466,0.031475516084933056,0.21957465661731035,0.8839153391936032,0.6653931587944175,1.3249837484351221,0.16720354641968446,0.031475516084933056,2.5838801691700453,1.926140741255595,5.522083404632668,-0.44729504460870617,0.21957465661731035,0.21957465661731035,4.382827739473669,-0.44729504460870617,0.21957465661731035,1.9006208765492194,0.031475516084933056,1.2536083780025493,6.996744799983015,0.8141839292282924,8.219075319992092,1.9006208765492194,0.16720354641968446,4.215216853714534,0.031475516084933056,2.9625864602470635,0.8839153391936032
0.9175741209790962,1.6012042615559194,1.6012042615559194,0.23653598680341253,1.2179548432532297,0.29358015228366935,0.9295746402515116,0.3175484706917999,0.8141436492532996,1.1404211172981362,3.4956046977240147,5.532159969272003,0.23653598680341253,0.29358015228366935,0.23653598680341253,3.487851716811435,3.601307300893569,0.23653598680341253,0.8141436492532996,1.1404211172981362,0.8824878069920027,6.808832109108909,0.3333897297598928,8.129741920060104,0.8141436492532996,0.3175484706917999,5.208162761882965,0.19069336534200895,2.7877297248415935,0.9295746402515116
0.41764013137211814,1.1164378263142059,1.1164378263142059,0.26735991011997723,-0.62171478360369,0.7313695016786453,0.7313695016786453,1.6299216721665788,1.1992558558758797,0.004938923084394004,3.4429080605900366,4.964811857505136,0.26735991011997723,0.22495329287028484,0.26735991011997723,3.1592313837452224,2.642714352148643,0.26735991011997723,0.8970047549357714,0.004938923084394004,1.7661507855703376,7.650212348406127,0.41764013137211814,8.14364122445356,0.8970047549357714,0.3347708757398471,5.447216935339998,0.4385292990068304,2.3614134844678345,-0.8820356898386029
0.2703210241027364,0.40651420479600375,0.40651420479600375,0.3475373677559665,0.4686546676344459,1.4679810372429967,0.3797604314009999,1.4679810372429967,1.1919241443300441,0.010609458280668156,3.299144631217726,0.010609458280668156,1.2167842576807937,0.3387975828930228,0.3475373677559665,3.0855928826886037,3.841040508745658,0.3475373677559665,0.42050112843986304,0.010609458280668156,1.4232713768623708,6.998092764376606,0.2703210241027364,9.62871464795796,0.42050112843986304,1.4232713768623708,3.801939415824279,0.6434031109120184,1.2167842576807937,0.4686546676344459
0.22313692231225937,0.761366435898876,0.761366435898876,0.41800663501694235,0.5733791690520401,0.3077228257713525,0.6950356747159258,0.3077228257713525,0.5748368568346871,0.5748368568346871,4.226433402744743,6.4766320050401776,-0.20985285871592527,-0.014249866798696598,0.5733791690520401,2.128317992547726,5.981615862651175,0.41800663501694235,0.25392731377251204,0.2099440285866365,1.3679460131785641,7.182030166508507,0.22313692231225937,8.61907121995081,0.25392731377251204,1.3679460131785641,2.1442641688243773,0.2099440285866365,-0.20985285871592527,0.6950356747159258
0.2771641430006027,0.462538891459094,0.462538891459094,0.3250576386132648,1.1137798181785652,-0.13192018856915858,0.5634438567366972,0.9398695644387629,0.9418858393428988,0.5099609920176906,3.654303609222368,6.496008467354186,0.5099609920176906,0.3250576386132648,0.5552631176525842,5.453482485431869,4.085264432050925,0.3250576386132648,0.30752654437455784,0.15854754710091418,0.0713398154866431,5.386179538387076,0.2771641430006027,8.258222580700833,0.30752654437455784,0.0713398154866431,4.55447313530608,0.15854754710091418,0.5099609920176906,0.5552631176525842
0.27412248393064576,0.3927962763203055,0.3927962763203055,0.23342756835388576,0.9834067007431188,0.2484478351898635,0.2484478351898635,0.7417953875818916,0.496574810267883,0.496574810267883,0.8990854228272358,7.669184233942089,0.5359869679505836,0.23342756835388576,0.1589974572381863,2.5026567963278157,4.79437108094544,0.23342756835388576,0.2621836941488564,0.10328791288915556,0.1874400396103595,7.462997178758151,0.27412248393064576,9.173479208228434,0.2621836941488564,0.1874400396103595,2.931743426384343,0.10328791288915556,0.5359869679505836,0.23342756835388576
0.1771200548475049,0.8049028865197834,0.10599325047400132,0.33541150083304366,1.3391857212369667,0.5234720519797071,1.76986917734599,1.0726738486945024,0.3553367570293413,0.1711992879944678,4.416174959593654,6.464772138102356,0.4283515746315863,0.33541150083304366,2.2124739927528876,3.073605578708754,4.819752761433078,0.33541150083304366,0.23859224947452257,0.1711992879944678,0.19103047720128713,0.9402920684127178,0.1771200548475049,7.3543343355672,0.23859224947452257,0.19103047720128713,3.216241462220018,0.10599325047400132,0.4283515746315863,3.4978713106133945
0.23684883898427206,0.5760619112713848,0.25407600600832136,0.3256122520060436,0.691335297400316,3.7662263594063163,0.6341705488681277,0.4901489911338126,0.32283675242960486,0.32283675242960486,2.8121844849443303,3.0280463224809484,0.32239025403208554,0.3256122520060436,-1.0236251134875272,3.4003317623099685,3.04200729273542,0.3256122520060436,0.41417404241231215,0.09223045992543787,0.4514946532622336,7.970417556602885,0.23684883898427206,7.120729378125897,3.0280463224809484,0.4901489911338126,3.3142565617567703,0.09223045992543787,0.32239025403208554,2.1741220884495167
0.24826270467654094,0.28260822197654645,0.28260822197654645,0.30727303581147236,1.342357670686925,3.4848859236282093,1.158280506398657,0.6146832747995824,0.23642867384024877,0.23642867384024877,3.21706821662408,1.7647340826800173,0.1047259007806155,0.30727303581147236,-0.10382426827178391,4.70680667742138,3.1649395038703325,0.30727303581147236,0.756147508370224,0.042962468254003315,0.14964668298053055,7.62830217008459,0.24826270467654094,6.830975474872579,1.7647340826800173,0.14964668298053055,2.6744893847766624,0.042962468254003315,0.1047259007806155,1.7647340826800173
0.6357821491142657,0.3992393350495671,0.10857234893287973,0.3288112624110606,1.039913429998101,0.6357821491142657,1.9451908871738004,0.5278814573615997,0.24215980151853442,0.23172517241362456,2.4880900442557037,1.1341964590488454,0.1162716110560153,0.3288112624110606,1.2624126994641183,3.393501111461297,4.892249552962302,0.3288112624110606,1.0958674832847188,0.23172517241362456,0.12288069480087425,0.6357821491142657,0.48688543084318153,9.369713163132474,1.1341964590488454,0.5278814573615997,1.1341964590488454,0.10857234893287973,0.1162716110560153,1.1341964590488454
0.7365447384615144,0.2090799985001705,0.2090799985001705,0.2793160768864844,2.5299699769721036,0.5379656580286492,0.8192928374639313,0.5379656580286492,0.28774315647477383,0.28774315647477383,1.8909818883495366,3.258533192771545,0.1352031488642462,0.2793160768864844,0.7332722880541321,3.4378438918358536,5.447855405101548,0.2793160768864844,0.5428372791766386,0.1401871653580619,0.11208272152673489,7.387470948322343,0.11208272152673489,7.726335995598819,0.5428372791766386,0.21273938389136868,3.470709784368411,0.1401871653580619,8.730698128328514,1.6152380984040327
0.03630328302972062,0.2731511884362132,0.020599950144150107,0.3068929567535761,0.5909062834424851,0.5433792901666319,0.5263653671470542,0.42741653897156484,0.15975897917428586,0.15975897917428586,2.0668960177612603,4.0898041241730025,-0.005178848687294013,0.3068929567535761,2.6212924089007617,2.64821348692159,4.2678482363417185,0.3068929567535761,7.546358258319373,0.17669743095407328,0.03630328302972062,7.911546687339898,0.8223035928838061,0.3068929567535761,0.43561985699935557,0.42741653897156484,3.5314594746155468,0.17669743095407328,7.910168729510776,0.8337318096188919
0.33981939723391025,0.20988611575169674,0.20988611575169674,0.49585543499237095,2.1555352880254777,1.3937256093682449,0.9231170746792142,0.08179075264284302,0.3408708895546682,-0.3736436932073428,4.628239854346459,2.2072727587865804,0.1991684262792034,0.49585543499237095,-0.9619242063803606,3.8678430210071975,0.33981939723391025,5.067445949098179,3.8036917055044186,0.08446825393598807,0.17022914945320675,6.663478617366207,0.33981939723391025,3.8036917055044186,0.3408708895546682,0.08179075264284302,3.897564158807762,0.08446825393598807,5.067445949098179,2.2072727587865804
0.26652240382261533,0.19004773793814603,0.11819746674517694,0.48736195300938806,0.6268957832308764,3.001545250205954,0.25824143045273795,0.1408487987655603,0.3378087439484567,0.3378087439484567,3.600356886512408,1.5407842329321397,0.06457682259562364,0.48736195300938806,1.805267845109127,3.3869339229081246,6.013001129590094,3.668119094315203,3.4180922887343446,0.7631701699028964,0.15379443178591784,8.254171615770074,0.26652240382261533,3.4180922887343446,1.5407842329321397,0.15379443178591784,1.486855224505676,0.11819746674517694,3.668119094315203,2.8479490867624078
0.3143382729940904,0.5087872030219237,1.845589866859984,0.535915409575708,1.194479703906042,-0.2294288152789017,1.3102096988494694,3.0336321698160402,0.17581876311963118,0.17581876311963118,1.41827237070133,0.9818729982181181,0.47272019897330897,0.535915409575708,0.17581876311963118,3.8306176273790844,3.0336321698160402,3.5730510725835285,3.1861398581977336,1.41827237070133,0.23428350360093422,9.033897756772106,0.3143382729940904,3.1861398581977336,0.736416429359737,0.23566122889948593,2.2424618032225334,0.1440821365487502,3.5730510725835285,0.9818729982181181
0.23305112422374996,0.44826080416981323,1.488161280404399,0.4881109586347163,-0.2941379809925251,-0.14175346210204132,0.6363984216632629,3.431332923309688,0.2683384690830438,0.2683384690830438,1.7861435988050318,0.46296814625160926,1.0280151890454328,0.4881109586347163,1.4544034804146377,4.148170077417346,3.431332923309688,1.9057584527203142,2.2486188219219745,1.7861435988050318,0.27143430614477304,7.204087622238947,0.6499557613718655,2.2486188219219745,0.46296814625160926,1.2659921213652694,4.2644505611159325,0.23305112422374996,1.9057584527203142,0.36285088966204027
0.4651810635967589,0.46913931169044004,0.46913931169044004,0.53434021910848,0.4889495532368612,3.355708463006332,0.44118353041463626,1.9250210656675217,0.5200256145476402,0.535656752911159,0.9330052700902136,0.3803493536091831,0.6088562781354748,0.53434021910848,2.1671297032127343,2.078540200471477,1.9250210656675217,1.5893348426734955,1.3531641303896962,0.9330052700902136,4.595883747367959,6.692893561317345,0.4651810635967589,1.3531641303896962,0.535656752911159,1.0337076930677205,4.978409530478377,0.21911916047991398,1.5893348426734955,0.3803493536091831
0.6565320482572734,0.9282974959887634,0.6565320482572734,0.31895930071520734,1.074777322645903,2.297890065112104,0.26387073820536655,2.2950115267386577,0.26728656962307984,0.26728656962307984,0.26728656962307984,0.5405738289304326,0.3244895593593706,0.31895930071520734,0.31895930071520734,1.519557200103513,2.725804194768339,0.9556101867775878,1.1112784710891352,1.5019797687355525,1.5248719689320276,7.488267125505809,0.5515669335947694,1.1112784710891352,0.571544857834738,1.0720304192294219,0.3244895593593706,0.20649734414296972,0.9556101867775878,1.519557200103513
0.2371113264114902,1.288152064253324,1.2549241602048744,0.5150675690290125,1.8211389286398467,0.8182325301805162,0.5471321336409024,1.2342396399406863,0.2371113264114902,0.4428242728724452,1.101349604290855,0.4866977477276471,0.0805672144620163,0.5150675690290125,2.5254319851131406,4.589906654611422,1.2342396399406863,0.3408585125843064,0.8314424589746768,1.101349604290855,1.8928390800486263,7.51032580345684,0.49927395317918816,0.3408585125843064,0.6795809046020189,0.6303908400454925,0.4866977477276471,0.21057173647873018,0.3408585125843064,0.49927395317918816
0.3275294012412524,1.2999656685481602,0.4966415358681067,0.5439218486996613,0.6718930452002015,-0.3787068701164966,1.43427069334204,1.0016159760396006,0.20865201918795037,0.20865201918795037,1.0278237271757558,0.659901568296159,0.6996057868179795,0.5439218486996613,0.38874184850427373,1.2434004727039067,1.94160427589417,0.5193948483009722,0.7771853978443772,1.0278237271757558,6.011242148154948,8.113935652448692,0.3275294012412524,-0.3787068701164966,0.9279474330629823,1.7219088564426581,0.7533932645095154,0.37959228220413577,0.5193948483009722,1.2434004727039067
1.3512158268860688,1.0007967506951532,0.0980307900399427,0.21604382846152395,2.2546146534467444,0.17945913103005864,1.6551261117618903,1.2600146139555992,0.4752765080502263,-0.7193152288681335,0.17945913103005864,1.4412543570681398,1.1791198656531563,1.1268648536076875,1.3512158268860688,1.0673088395698624,1.2600146139555992,0.4184105878484067,0.8078838842788774,0.17945913103005864,3.9703991868833803,9.083299324105278,0.21604382846152395,0.8078838842788774,1.3232803224115064,1.511808452595255,1.4412543570681398,0.7530808508722281,0.4184105878484067,1.5257968663498072
1.3205409030880662,1.2106117735179849,-0.03169396869296829,0.8119276218328569,1.665940299374807,1.014032977799893,1.014032977799893,1.0966538319417891,0.2477206129503147,0.2477206129503147,0.20860693576462289,0.5631370334625985,0.24390422779041793,0.8119276218328569,1.3205409030880662,1.8855305599341745,1.0966538319417891,0.3261153575334598,0.441367206384809,0.20860693576462289,4.379654858329296,7.75833363935129,0.4769734094716113,0.441367206384809,0.5631370334625985,1.9547506538909367,3.8882670297067192,0.4769734094716113,0.3261153575334598,1.1492621557235523
0.28038268018200024,1.8122861658297738,0.2896419665365968,0.39085909853647677,0.5717442891027196,0.35122793084087817,0.35122793084087817,0.3757334077013131,0.5031208963563855,1.3108185400366579,0.26287127937126037,0.6777968886417245,1.5224039430595677,0.39085909853647677,0.28038268018200024,2.9991613460176207,0.3757334077013131,0.2896419665365968,0.3744810929998267,0.26287127937126037,3.452670160381061,6.526992715800857,0.9829777560929024,0.3744810929998267,1.5766660978301161,0.8838258535029303,4.589182186278877,0.3080132131613977,0.2896419665365968,0.39085909853647677
0.6324257710345546,1.2674378996458044,0.5307345886584913,0.4873011952928469,0.09300401283790105,0.628778160349291,0.628778160349291,0.19556164419126779,0.7255168124394574,0.232041619711348,0.1011787923745182,0.6002125210232131,0.9055329024937521,0.4873011952928469,0.6324257710345546,3.980258428540702,0.19556164419126779,0.7440248809132264,0.8912885843073163,0.1011787923745182,3.183275567373038,0.19556164419126779,1.7921246364165795,0.346370460049302,1.2414095363287936,0.06327891203123204,4.679915195441775,0.5612191337711748,0.20707597029914138,0.346370460049302
0.3643606038998695,1.3245223119998863,0.3811790268561338,0.43337124295462104,2.7021149992764935,0.3401485116213976,0.3401485116213976,0.9418552441070419,0.8007217352107511,-0.6191577101724226,0.1963962895996162,1.483924739514297,1.577387990126804,0.43337124295462104,0.3643606038998695,4.192385855584617,0.3803135383814243,0.6266116285249296,0.6051837911112101,0.1963962895996162,3.4928918311248376,4.192385855584617,1.39848053348996,0.6051837911112101,2.5595749704789124,2.0114136809491847,4.757661923507348,0.6260804708905603,0.6266116285249296,3.730097901259472
0.17396842272832624,0.8765410612755802,2.508170930033184,0.6929669550467201,-0.8013046656158813,0.2516330960352666,0.8422348940074454,0.4443653198960985,0.6958560562472658,0.6958560562472658,0.10298826280999543,2.1358745828452763,1.1901466479320273,1.1072373937772386,0.17396842272832624,3.3135356941944516,0.4443653198960985,0.9472980434204665,0.8765410612755802,0.10298826280999543,2.6850674260167495,3.3135356941944516,1.2177837872915225,0.7698804922108912,1.651063516873173,0.15564587424062926,2.6257971039126433,1.1982923436309085,0.17396842272832624,4.158661645631162
1.3332881764721223,1.972534709350131,0.6966910587994284,-0.3846608892361728,1.6120879999080735,0.16525518818254498,2.174825235945538,0.9379740469612748,0.17341850638827355,0.17341850638827355,0.11124304737229598,0.9379740469612748,1.613859116542943,1.3861047167773946,0.07970874746484762,2.5747238201958598,0.16525518818254498,0.7465264269458494,0.5859696229339076,0.11124304737229598,2.1935132412626555,2.5747238201958598,2.02360775764848,0.5859696229339076,2.596915192611849,0.8217696469275885,4.559586099792692,0.3636207449753579,0.7465264269458494,1.3861047167773946
1.8449357678761233,0.8991323533194944,2.0579941544182576,0.9435200528488443,1.9272577840257576,0.09058221319636278,0.8991323533194944,0.6794426076285399,0.36170514401975823,0.9435200528488443,0.146781859146476,1.1392616874721415,0.9796906100999399,0.801860557388142,2.208165549257738,2.012984075841286,0.09058221319636278,0.4369092416712736,0.46458274850073517,0.146781859146476,2.208165549257738,2.012984075841286,3.7769835068037514,0.46458274850073517,2.7608455034042954,2.3409536677782654,5.965209799910412,0.6203355450822137,0.4369092416712736,0.801860557388142
1.260777073613049,0.7557913648084775,2.6319989646893553,0.9402768674720113,1.376470686779522,1.6277623720247123,-1.7630961773443172,1.260777073613049,0.11645441604764428,0.8871489630780727,0.11645441604764428,1.5069326894391946,2.1766941207848807,0.9741024574521884,2.2396417953937187,0.9741024574521884,0.8600469465288193,0.44803127923122665,0.3553218997005945,0.11645441604764428,2.2396417953937187,3.2132320786956137,1.943664322406135,0.3553218997005945,1.6277623720247123,1.5748317824212887,0.5946870764280607,0.9617939297080349,0.44803127923122665,0.9741024574521884
1.8574982829150775,2.536082633064184,0.21186498532363862,0.7497048104266978,1.3930460246166363,1.5557776722901004,0.7497048104266978,0.584835075610094,0.43232350598073355,0.43232350598073355,0.5203464594553976,1.9437935447706136,1.5663388422296238,0.9181044156260897,1.578890098410998,1.9583382949247565,0.584835075610094,0.9908419228203791,0.48696531794132547,0.11499777082849194,1.578890098410998,3.771659384178386,1.9583382949247565,0.48696531794132547,1.5557776722901004,0.24545724821249826,4.278972716122684,0.522225479257059,0.24545724821249826,0.9181044156260897
1.8983106896940947,0.7975374748706517,1.1929404521276306,0.8088437037485904,2.2781605248915224,0.8081001673257385,0.7975374748706517,0.27200039278557386,0.21930284049661453,0.21930284049661453,0.1522985145558575,2.5294472685768397,1.4353248629597821,0.43753860911389414,1.323506972156644,0.43753860911389414,0.27200039278557386,0.6609554078198319,0.3338500116863875,0.1522985145558575,1.323506972156644,4.554445239658583,2.9206165324531774,0.3338500116863875,0.8081001673257385,0.1522985145558575,3.280430463658428,0.7375089695962999,0.6609554078198319,0.43753860911389414
1.316769054222891,0.385560707887783,0.2646181535927945,1.3810886727189333,0.834506798084739,0.4769408277321849,0.385560707887783,1.316769054222891,0.3026481700822516,0.3026481700822516,0.747831591675721,1.0576965500585058,0.6669331700778623,0.19207083499111163,0.597727919081171,2.0243040887356876,0.5045942564860276,0.46317314918608177,0.35998517549526776,0.28665354157096357,0.597727919081171,2.0243040887356876,1.2438029472939032,0.35998517549526776,0.4769408277321849,2.402817618541873,2.81437172018362,1.3251217500045567,0.46317314918608177,0.19207083499111163
0.6876622819913466,0.6617807445988675,-1.2876675320227022,1.58899541629185,1.9870340702294351,0.22719502586534307,2.4796344287871417,0.6876622819913466,0.18315986102490409,0.18315986102490409,0.20433415435806523,3.3783599362805843,1.705699805564034,0.10449338741477,0.43096229121033197,0.10449338741477,0.8217226299152446,1.0243234875650504,0.4050723062648149,0.20433415435806523,0.43096229121033197,3.4186153337876184,1.5352979706196643,0.4050723062648149,0.22719502586534307,3.2789623572013786,2.4796344287871417,1.3574948011582004,1.5352979706196643,0.10449338741477
0.6416790280892757,0.3736252395405419,0.3736252395405419,2.787510775486719,-0.4800041799727057,1.369052442047725,1.4376637191698494,0.3123464400462103,0.22441099004871712,0.22441099004871712,0.09449027667698115,1.369052442047725,1.2050179640440095,1.2360342218714309,0.24213260094083525,0.3123464400462103,0.3123464400462103,0.6526834445338604,0.40402190781593106,0.09449027667698115,0.24213260094083525,3.676541164974689,2.800266930312528,0.40402190781593106,0.43472259283223846,3.093654515140855,1.4376637191698494,1.2446723930224837,0.6526834445338604,0.3693539735303648
0.928617694969661,0.9166374966253878,0.5214661843279311,2.8663807695416144,0.5875140817163997,1.082342727013955,1.2312502214719623,0.19757348643682293,0.23083492708338357,0.23083492708338357,0.14769389792954687,1.082342727013955,3.38528807185468,0.16648355670133314,0.16875824286712965,0.4453104070259656,0.19757348643682293,0.37840051402603425,0.37372653315474597,0.14769389792954687,0.16875824286712965,3.051712113054721,1.752615627620036,0.37372653315474597,0.9559049972717372,1.3607341452849484,1.2312502214719623,0.19757348643682293,0.37840051402603425,2.9471785672905364
0.9456937727027608,0.6531548736516903,0.5074288400877885,1.4487397971480274,0.9838067073022385,0.6034776682151398,1.1541339248632727,0.1611572866832733,0.44540941236728293,0.2880525479203951,0.15187537421075706,0.6034776682151398,2.04495991121404,0.1611572866832733,0.28195964967750037,2.2042274547412624,0.6535443208998661,0.28195964967750037,1.275306324154223,0.15187537421075706,0.41848494464030433,2.2042274547412624,1.4612652651524054,0.956459974210206,0.2880525479203951,2.150226133769724,1.1541339248632727,2.371646046176594,0.28195964967750037,0.9838067073022385
0.4781482607395957,2.071627281938495,-0.26409522399192864,0.8763840272366665,1.7528393069113155,0.4781482607395957,0.5974126966599272,0.4781482607395957,0.24757665798836417,0.7231616661361454,0.15912502818645716,0.49674342695882284,1.2682033853159989,0.4507311864731368,0.22633147540424914,0.4507311864731368,0.8246374367823736,0.41615636077131635,0.6203252017353575,0.15912502818645716,0.22633147540424914,2.859391954215397,2.6448578327663372,0.6203252017353575,0.24757665798836417,-0.5166047654364498,0.5974126966599272,2.248482316093355,0.41615636077131635,1.0321494823628936
0.535059806872441,1.3015409889240557,0.9027499694892354,-0.1744628620070512,1.9542409048546001,0.18425220287167235,1.1227617362289994,0.09554217064157067,0.19575560973331926,0.19575560973331926,0.14917487378859204,0.9556277715996221,2.285236153043914,0.19575560973331926,0.1286904338605696,2.0509117036981332,0.9390983014291431,0.4505240674780048,0.38318524359961126,0.14917487378859204,0.1286904338605696,2.0509117036981332,2.692103220555704,0.38318524359961126,0.5228434237747343,3.621318307199005,2.076262024461583,1.7201214386163115,0.4505240674780048,0.41818152282887333
0.653188318567643,1.2179414373410578,1.3923124914474743,1.5414749259947542,3.280968962421415,0.4301741589978263,1.2716614086236844,0.6918351643803208,0.1744291834322678,0.1744291834322678,0.03776587294456355,0.4301741589978263,1.540310662163145,1.4449188941624556,0.1335464359074148,0.27399578303758376,0.6918351643803208,0.3594052721991088,0.4494569071065181,0.03776587294456355,0.1335464359074148,0.1744291834322678,1.014029927668055,0.4494569071065181,0.4301741589978263,0.27399578303758376,1.2179414373410578,3.6147285981143327,0.3594052721991088,1.4162014644098815
0.9893342167815101,1.4991758256993208,0.23590449914737793,1.0143135316444958,0.09409783253964477,0.8186824070791983,0.6880599753575654,1.948141124585502,0.46238256758576357,0.43666201669219823,0.27512809589454273,0.7449524273799574,0.9122789521767167,-0.18339364293772553,0.4937313403285969,1.0143135316444958,0.09409783253964477,0.32521610759295916,0.23590449914737793,0.43666201669219823,0.32521610759295916,1.0143135316444958,1.948141124585502,0.8943544922876255,0.9310831228857208,2.8774394496184956,0.6880599753575654,2.9356969880997204,0.32521610759295916,1.0609502999456566
0.18100860911586605,2.3402764842312846,1.0782691647988587,0.8128815152768374,1.3012780881195285,1.269443630101065,0.18100860911586605,0.6361954998694911,0.2618924925954733,0.2618924925954733,0.9181294065988177,1.0583454511370813,1.492681489725576,0.13935062824194777,0.27882584380136416,0.13935062824194777,0.8368360937886671,0.4386556958521505,0.5405527279359285,-0.3606631799043974,0.27882584380136416,0.8128815152768374,0.6361954998694911,0.5405527279359285,0.13935062824194777,0.18100860911586605,0.18100860911586605,0.5655635875620424,0.4386556958521505,0.2552206461499097
1.5897446208752541,0.6712786873433293,0.9979695500114257,0.29604372579215216,0.6428392464069518,0.9164018172436119,0.17623421908607687,0.4401382062054935,0.39957529776622797,1.4584347167330591,0.34951370667418213,1.3651718757737976,1.4584347167330591,-0.17145411453344406,0.6800696468202269,0.1832234286649752,0.9246656602775878,0.40932659013291106,0.4291742789010769,0.34951370667418213,0.48673078874665976,0.29604372579215216,0.4401382062054935,0.4291742789010769,0.17623421908607687,4.331966862766613,0.17623421908607687,0.6800696468202269,0.40932659013291106,0.1832234286649752
1.9975750164979502,6.192777669196698,0.4716030195666722,0.33890519988315226,0.9375456217991988,1.1459741827479761,0.2136682564487382,-0.3617473381684878,0.6244832041324628,1.1113382011626975,0.19663872243911631,1.880389049829241,1.1113382011626975,0.773385585556348,-0.12206565039102171,0.34243615300952873,1.2688426183477755,1.5105700179662471,0.5083586155707526,0.19663872243911631,0.36149961599994507,0.33890519988315226,0.6375612864215663,0.5083586155707526,1.7536969132450761,1.2928240580434613,0.2136682564487382,-0.12206565039102171,0.6375612864215663,0.773385585556348
1.8581060678654946,3.773655493081906,0.7834560582677054,1.5971196488292885,-0.18029087220071416,1.0953491506103399,0.20999960315703892,-0.16799028683286027,1.638330588190691,0.41909952254725424,0.19542923949018243,0.7834560582677054,0.41909952254725424,0.9259376988869943,0.7615755321452753,0.3786087155548797,1.3340529611293994,0.19803522336691526,0.42863816542765343,0.19542923949018243,1.062065639164013,0.3786087155548797,-0.16799028683286027,0.42863816542765343,3.773655493081906,1.638330588190691,0.20999960315703892,1.062065639164013,1.364972625066474,2.672646487554687
2.578746278331356,3.558405745520118,2.615082628272633,-0.1088849687263731,1.7026512781186138,1.2061861199828794,0.23806494486334168,0.8570985714293526,1.0459380159555605,0.3962642466379431,0.15233717263227817,1.2073980960665034,0.3962642466379431,-0.5820077902565881,0.6336840706181498,1.0077320900529136,0.8570985714293526,1.9401001585090534,0.46598889707259306,0.15233717263227817,0.6336840706181498,0.8582684533444142,0.3539460274502736,0.46598889707259306,3.558405745520118,1.0459380159555605,0.23806494486334168,0.7733598909456184,1.1864066133639148,1.2073980960665034
2.319270686520297,1.3618872329488652,1.8492545542458063,0.35517194182011214,2.1067392221954444,1.7758244514355301,0.2037979879626438,1.3618872329488652,0.38539747768927035,0.11311667649058592,0.2358681154366555,0.6200131287237626,0.11311667649058592,0.3189424712011127,1.2394157759131184,0.3189424712011127,0.9114156486644925,0.9513238982804175,0.5103827050788386,0.9513238982804175,0.47467028432796265,1.3262675910871637,0.809459184292983,0.5103827050788386,1.3618872329488652,0.38539747768927035,0.2037979879626438,1.1074494547693439,2.1752611017373984,0.6200131287237626
0.8330117306649217,1.3935024793131257,2.690978279508546,-1.4745644179886366,2.1818266318632524,1.5354325333799579,0.021300711399844907,0.6533810115842664,0.18781922839874027,0.13704886566564156,0.021300711399844907,0.221453376143581,1.547759580112829,0.13507457460411604,1.1930814022934266,0.13507457460411604,0.6533810115842664,0.8330117306649217,0.36360538192689357,0.8330117306649217,0.536952204350792,1.449228312711519,1.05588714304988,0.36360538192689357,1.3935024793131257,0.18781922839874027,0.411381155622367,-0.9243350244265645,3.21261483741432,0.411381155622367
3.5445164472886113,0.8508786686513726,0.7751935819324184,0.8116768225054859,2.428449885540726,1.3422467358308423,1.9878993876813322,0.18629843294318615,0.2436433044012804,1.1377968585296507,1.0659710132116749,0.6608763547572603,1.8611386058777877,0.32475872821589885,1.0659710132116749,0.18629843294318615,0.18629843294318615,0.4444719052658822,0.4505847009013172,0.4444719052658822,0.6922604207705324,0.8116768225054859,1.3440259271148636,0.4505847009013172,0.8508786686513726,0.2436433044012804,0.33790291083904933,1.8771717421108498,3.537179716381478,0.9722105380634889
3.239212463641998,0.5264347294834602,0.40137530301696955,0.40604199102698896,-0.37600039800743645,0.5115531425740898,0.7313463970921743,0.6313934481322702,0.30147896093686544,0.7313463970921743,0.18513189146046732,0.4472552714086892,1.4888752970499175,0.5115531425740898,0.9719366238374633,0.4972355313803215,0.36772862412126034,0.19162607853839783,0.44061137987816035,0.19162607853839783,0.18513189146046732,0.40604199102698896,0.6313934481322702,0.44061137987816035,0.5264347294834602,0.30147896093686544,0.8906808155737708,2.0971473385083463,3.7151533900822087,0.4472552714086892
4.571666136360127,1.276028333257245,0.7418647053707877,0.20623932462889388,2.578434534264047,1.2837788264672132,0.7418647053707877,0.42799495416979366,0.017347439083044675,0.20623932462889388,0.2711952413102962,0.5383979538169303,2.866468174964559,1.1627375962331723,1.6302082433952272,0.20623932462889388,0.7561115076214944,1.2837788264672132,0.4816276627028129,0.3213440675027943,0.7695120553504526,0.20623932462889388,0.42799495416979366,0.4816276627028129,0.017347439083044675,0.017347439083044675,0.9368240233928778,1.276028333257245,1.2837788264672132,0.7418647053707877
4.091015547473119,0.7185870415689142,1.0068025477945266,0.34799965016590023,1.9297223744163676,0.8575953163584941,3.216472165792566,0.20750349329919432,0.1539671301640242,0.7087520551025489,0.5066454489746415,0.9612969198607544,-0.4052297673117137,0.9868951355770932,-0.07951909741582877,0.7087520551025489,1.0224330786258455,0.8575953163584941,0.31983972755263457,-0.13599674044178256,1.6324410711606798,0.34799965016590023,0.20750349329919432,0.31983972755263457,0.7185870415689142,0.1539671301640242,0.6536434843893489,0.6384378340866461,0.8575953163584941,1.0068025477945266
4.894148709540888,0.40674773243876816,1.352332190320726,0.4565719300054565,1.9335232544799168,0.39369168201232957,0.9970686658294061,0.5307384647505106,1.5880641504915827,0.9970686658294061,0.28993946437687224,2.015245808001055,1.5880641504915827,1.4765129713088136,0.6355220818042011,0.14094886398664164,0.5307384647505106,0.39369168201232957,0.28993946437687224,0.6072173740733172,1.7135890731627006,0.4565719300054565,0.2981912955633847,1.0803846363050462,0.40674773243876816,0.09437389907937964,1.5400421861100266,-0.6877464596386446,0.39369168201232957,0.14094886398664164
5.0816980192553265,0.35764639746503796,-0.3768669203969116,0.35764639746503796,1.2275752390614958,0.6662540222783998,0.23791626332962246,0.8266176941569433,1.1631169765197253,0.23791626332962246,0.459288707992552,0.20891698792635893,1.1631169765197253,0.6662540222783998,2.0428680335792846,0.09339003884896288,0.5489953863231615,0.4968212538832042,0.5597515312788608,0.09339003884896288,1.4497208537994717,0.8266176941569433,0.5056712270531496,0.5597515312788608,0.35764639746503796,0.45409120503957195,1.4916090707832106,3.040640665013851,0.4968212538832042,-0.3768669203969116
6.355461046988504,1.0165353103709553,0.3638285871494499,0.5083197591681924,1.4364801014352708,0.2481685531033466,0.7007078354776147,0.15564704790255662,0.36429213819019673,0.20720499479731985,0.4895668418203557,0.49655809970921916,0.36429213819019673,0.2481685531033466,1.3412464308320713,0.20720499479731985,1.0115962893550763,0.4018911953941053,0.37117060986568223,0.8503179741342162,2.324073376401526,0.5083197591681924,0.15564704790255662,0.37117060986568223,1.3226847333286507,0.44555087870301213,0.9295183657483015,1.9850336654566103,0.4018911953941053,0.36429213819019673
5.1975161819325235,0.6123517323303269,0.7950847255727657,0.6123517323303269,0.9626039631300702,0.45044024614408196,0.2930842827718258,0.707555666366655,0.3825234814882202,1.8394279443239987,0.25256171328882254,0.46998042784371885,0.3825234814882202,0.45044024614408196,1.222449003794346,0.37354980866984794,2.090636353550179,0.5146844288818517,0.3912974847353013,0.7678570052771976,1.7348699500840459,0.37354980866984794,0.29836664723353656,0.3912974847353013,1.140757005354367,0.7092153658645506,0.7678570052771976,0.42037292905203105,0.5146844288818517,0.46998042784371885
7.968226832549419,1.0101118548666175,0.9236626956136055,0.5232175139227622,1.1797819132358507,0.6449389335747245,1.535166095454619,1.999243419944956,0.20505582632358657,-0.12796949914687225,0.46795368007130117,0.5997642635452037,0.20505582632358657,0.6449389335747245,1.711627070895944,0.4556978249264722,0.6017711239629291,0.4425938027383869,0.37062005786633917,0.5232175139227622,2.62933933482113,0.7536647365533771,0.26700170927750383,0.37062005786633917,-0.18647621108998214,1.1542663740620172,0.5232175139227622,1.7551648339424688,0.4425938027383869,0.9236626956136055
3.0869020897303745,3.3952341654925524,0.4850565569252795,0.5147621901615189,1.5013337900014798,0.10354634962470506,0.2117850433097923,0.8964560240410092,3.0869020897303745,0.5115244966027104,0.8032501295700755,0.6368310966793358,0.46679183058776347,0.10354634962470506,-1.148996926296566,0.2485206390461534,1.3237288855532787,0.391384221861925,0.5135461503443411,0.5115244966027104,1.7125976436480892,1.1325420791696799,0.2485206390461534,0.5135461503443411,2.176665840038876,1.030842956004408,0.6368310966793358,1.0648175825529176,0.391384221861925,0.2117850433097923
1.1433476254970167,1.6784692844990874,0.057589682106618974,2.0575765473964243,2.4196342818603274,0.14152801349307392,0.7586633028259169,1.0648757617651823,4.513425403847219,0.7709954584990714,1.0347882997660796,0.6201551427072531,0.44958966665916883,0.14152801349307392,2.3565810008139136,0.4917980547421209,1.8889133470200208,0.22643066135344558,0.42603980493523635,0.7709954584990714,1.2410263722650832,1.5572369030995157,-0.39929931802603325,0.42603980493523635,1.1433476254970167,0.7832956838291868,0.4917980547421209,-0.39929931802603325,0.9264778818650886,0.057589682106618974
2.285665584286716,0.9098104642010789,0.09752898535322402,2.3463456350635874,1.3487661811438518,0.95777585820327,0.9098104642010789,1.173677620371401,2.285665584286716,0.2516873617032567,1.5746521220296017,0.5275465672392813,0.8435277424912786,0.14853732711283932,2.0506867522871532,0.49502350880218454,0.09752898535322402,0.7986766095828391,0.4371626668207717,0.2516873617032567,1.9898321024378913,1.6610366125524496,0.4129534901293647,0.4371626668207717,0.95777585820327,-0.3655981742081423,0.40120436537753124,1.511719043515963,0.7986766095828391,0.5275465672392813
2.3323968580902337,3.175452292119548,1.5214514792235019,2.9667288362860456,0.239975984591122,0.37283643290935115,0.7330366643948858,-0.6018131079931668,2.3323968580902337,0.29143954467762323,1.492579393007021,0.4366262305324349,1.4609219062036107,0.09236148322161318,-0.6236203105296849,0.7939509477989062,2.5575524951506132,0.29143954467762323,0.239975984591122,0.3261957348514076,2.6577730777125623,2.8177394224320285,0.498141993938454,0.239975984591122,0.37283643290935115,0.7330366643948858,0.3261957348514076,1.5788326328699047,0.29143954467762323,0.7990575017733732
1.6466142326673046,2.83440447186755,2.8264008590028125,3.7472154346031203,0.45366131154827116,1.4472479763339212,0.6312524441879246,0.26656939281865155,1.6466142326673046,0.26167647206178773,0.4521410066996208,1.0933369718232366,1.1569424497842502,0.26656939281865155,1.4480360946367201,0.4521410066996208,2.448123420165136,0.41689531346375974,0.349945552599885,0.26167647206178773,2.60080348286656,2.502911901972494,0.360665142209418,0.349945552599885,0.3909723692250604,0.6312524441879246,0.37773421411900443,1.2279274383690006,0.41689531346375974,0.940295481112555
1.6334355647172765,4.255807362339298,2.4167130960366707,2.9944409503149436,3.062526747534814,0.22090670524733658,0.2779845195197706,1.2137337565064732,1.2137337565064732,0.2779845195197706,0.7004795334924627,1.6231220320685573,0.5724116582164266,0.04583482551856697,0.2779845195197706,0.5724116582164266,1.8095732820199542,0.2966392123307917,0.3529688070963185,0.2966392123307917,5.442372146947904,1.6334355647172765,0.3541594542012279,0.3529688070963185,0.2946810221545754,1.5497439197253269,0.3351744723722857,-0.8588360915517466,0.7853182704392394,0.2946810221545754
0.5564283480547714,1.888616635660226,3.0643824942560425,4.452150428952253,0.8613893991086001,0.041091094479708205,0.44758182403345065,0.5564283480547714,0.5564283480547714,0.08716537870841819,1.131227027840538,2.235403693142184,1.5971428141338426,0.2165277268071418,0.6793937140328028,0.2165277268071418,2.7221763323750947,0.7465066193063711,0.890157984380368,0.08716537870841819,0.5564283480547714,3.4933928425736513,0.9070900667428509,1.5990043851598605,0.533213236103237,-0.9399194444122012,1.061456494108162,1.3320889745541422,0.7465066193063711,0.2165277268071418
0.7035178352200882,3.646037730145877,0.44284730254103066,2.134136225204623,0.5883457777410774,0.23551545967574736,-0.11252585803592736,1.9433302856298733,0.5883457777410774,0.21108850634536805,1.1916811562494631,0.5883457777410774,1.0266034645535542,0.23551545967574736,2.082588408463392,2.1315110312250587,1.9433302856298733,0.5145419438687219,0.7082829037246219,1.0266034645535542,3.864205515106222,2.1315110312250587,0.44284730254103066,0.7082829037246219,2.134136225204623,-0.11252585803592736,1.1745550616564828,0.6858324827086415,0.5145419438687219,0.5883457777410774
0.6042519240413458,-0.20430023658076646,1.4967012467959329,1.9471854626793381,0.32846221209347504,-0.07997344426281844,0.32846221209347504,1.3375496533827687,0.6042519240413458,0.24597454643955316,0.9056474971652541,0.5503596737308546,0.8265405490984852,0.21815695532641938,1.296410442591812,1.3487602868595743,1.3375496533827687,0.5181175457197339,0.21815695532641938,0.8265405490984852,3.392458081007588,1.3487602868595743,0.2698121212069601,0.7830288885026393,1.9471854626793381,1.9394483603869068,0.5503596737308546,1.9581869265027252,0.5181175457197339,1.1036263217994418
0.5272658973527118,1.3672743016700948,1.015602851665132,0.8041151762025966,1.3672743016700948,0.03405280076317076,0.0891565219086683,0.7210853618784987,-0.1644283616820903,0.0891565219086683,1.3460672293405318,0.6069680693547045,0.27149744465760656,0.03405280076317076,1.7933455739292752,0.7182898632544509,0.7210853618784987,-0.404843742640812,0.5130192614355961,0.27149744465760656,2.7247467034189308,0.7182898632544509,0.8159139826406309,0.5130192614355961,0.8041151762025966,0.8159139826406309,1.4793107016792315,-0.4904036736237758,1.1998095452303774,0.15326348616864202
0.4723616236643008,0.9374093729452299,0.9295352441099645,0.53497274489122,0.9374093729452299,0.523247422632757,0.05972127451846605,0.627426702920657,0.4723616236643008,0.0735570749206666,1.3094674816197,0.523247422632757,0.20311959810728714,0.2731345785746852,0.2146939477729053,0.2731345785746852,0.627426702920657,0.6797712254491223,0.9374093729452299,0.20311959810728714,1.6984748843432242,0.7905772550139991,0.8580778968522196,0.9295352441099645,0.53497274489122,-0.28840102601509054,2.1254442516730805,1.7608120485029919,0.6797712254491223,0.304360591968993
0.36304675351119664,0.7848875874388194,1.5719722695247331,0.8446952636707256,0.7726486204264,0.9445181358504627,0.9464622844877031,0.1178315210419384,0.5031735980525206,0.801999503252304,1.668517850248303,0.36304675351119664,0.6638293533408762,1.9342617741818033,0.40599297600158946,0.1178315210419384,0.1178315210419384,0.45305475797845374,0.7848875874388194,0.39766370599628137,3.6200645450721045,1.445194730467573,0.6638293533408762,1.4059960305681576,0.9445181358504627,0.4500850842775975,0.9464622844877031,1.9342617741818033,0.45305475797845374,0.2755709046518877
0.28428292765868457,2.3248726191019173,0.7509359771220332,1.6256500222831927,1.00047136788452,0.41689591334548054,0.535273258976141,0.4467586279346679,0.28428292765868457,0.5935246866843029,1.4801669335638208,0.2561098474412393,0.2858418218872835,1.002867392827412,1.6372711460104294,0.5205656574807982,0.2858418218872835,0.45974728940410686,0.7069908654606538,0.24211788068791434,0.24211788068791434,1.6436110852479668,0.6645143100901676,0.7069908654606538,0.41689591334548054,0.8719179862067836,0.535273258976141,1.002867392827412,0.45974728940410686,0.524391778234738
0.2653029198730063,2.001348008254032,1.6859998992701999,0.290730210183239,2.163324495402785,0.11224835293105336,0.11224835293105336,0.3193132417739642,0.2653029198730063,0.7245804984304445,2.166567448367366,0.9302935317197282,0.36786646060021455,0.290730210183239,1.3768722416365928,0.3353463881038121,0.3193132417739642,0.9901076534520586,0.4498712728581996,0.4078590309364523,4.210915372988986,1.6785125399500358,1.0052534984128876,0.4498712728581996,1.5936538214582452,1.573377740764884,0.4078590309364523,0.290730210183239,0.7245804984304445,0.11224835293105336
0.31344570805478766,0.9658018733619019,3.0099587860717048,1.1868195428809425,0.345096973594913,0.4111545301666735,0.28709665741543755,1.5245059540903487,0.31344570805478766,0.7637436524752191,2.659471465372098,1.2876535973315362,0.8458560350154983,0.5752685707252001,0.787165444193009,0.7491510189518001,0.3811701794164489,0.4111545301666735,0.9658018733619019,0.779413012050995,4.423086153214404,0.7491510189518001,0.7491510189518001,0.9097384092842792,1.1868195428809425,2.218443968471458,0.28709665741543755,0.5752685707252001,0.4111545301666735,-0.557918647886093
0.3186012905484982,0.3381335556274048,2.14694491392775,1.0430368302898,0.43450402338292704,0.026663875411366847,0.3065271639929041,0.5352794399604857,0.3186012905484982,0.7444128217654026,3.3824143022693036,0.9273376743233185,0.7965116318706752,0.1021222461197061,1.836095162265705,0.5758734448430098,0.8371322331864937,0.5758734448430098,0.3381335556274048,0.8947337443567337,3.8027757485919524,1.4491135395183332,0.5352794399604857,0.7726070324213831,0.7726070324213831,2.9790605834465755,0.3908922021199077,0.1021222461197061,0.8865272158550328,0.9273376743233185
0.4249151526848053,0.9528087697486674,1.6301428788288779,0.7996063357167884,1.8139165203606464,0.534599042432455,0.534599042432455,0.4431144421361641,0.4827457714134177,0.38584205649803205,0.7814146980481516,0.6894324414982935,0.7078737353528257,0.24709943186739913,2.1587910550499676,0.25309176157449076,1.2105523020144986,0.6487134780255183,0.2609823254992697,0.2609823254992697,2.7768230445254756,0.7814146980481516,0.4431144421361641,1.9240787925389997,0.7996063357167884,0.2609823254992697,0.48548517965912635,0.24709943186739913,0.6487134780255183,0.25309176157449076
0.41798453552847836,1.1048120489128241,1.2801103397775302,1.0884358017911637,2.5092230350946947,0.10032775085338207,0.6471382487492473,1.0598641780555047,0.1379940193104322,0.21373975500406936,2.1687828089464807,0.46332960021837677,1.6916157090344281,0.1158583618955599,0.7668443281948203,0.10032775085338207,1.6096326218237769,0.1379940193104322,0.6010349564294393,0.2327975385879904,5.128965191874663,0.7544132237823198,0.2602763799504763,0.6010349564294393,0.2327975385879904,2.14027478619799,0.1379940193104322,0.1158583618955599,0.21373975500406936,0.46332960021837677
0.275387637929922,1.6839421143423012,1.358548016504651,1.3382956955564584,0.09991749106216946,0.43944662921094235,0.9890257320223237,0.275387637929922,0.275387637929922,0.5664483836375632,2.449312490963666,0.2392827516017134,1.3900280429748164,0.27460522307064666,1.1567494758614372,0.38599706594441496,1.963543912656494,0.8158611351295433,0.35232168288534393,0.47481966639244655,5.376576880549084,1.2086903199260344,0.275387637929922,0.35232168288534393,0.2392827516017134,1.8340863729535817,0.2392827516017134,0.09991749106216946,1.5318506375207481,2.454967112501554
0.2838200220265091,0.8500042694146988,1.927548293880808,2.047459313576469,0.6799089962274497,0.5675873971557555,0.6124214847279335,0.4590555561104598,0.2838200220265091,0.5880939747899958,2.8293461204446446,0.7829537099039987,2.0659026358848442,0.09658794521272136,1.4849436165932308,0.6972559497479046,1.5724917322206027,0.9343935841766435,0.37133755756973263,0.3468621081492337,2.3101024516338997,0.6972559497479046,0.4590555561104598,0.37133755756973263,0.3468621081492337,0.899118044136332,0.6505688476565905,0.09658794521272136,0.9343935841766435,3.454209613426107
0.30337871595681754,0.3348707793075507,1.437591934792099,2.3874901292121735,0.20454328265109012,-0.08974703876228017,1.7633863242400158,1.037723763279171,0.30337871595681754,2.0001360968746393,3.5710212147198135,1.0307154587897545,1.56712137581015,0.0622327135435512,3.0936658131958956,0.88003540900938,1.037723763279171,0.4811057182554268,-0.08974703876228017,0.7272157159362109,3.826116418662068,0.8632435634702574,0.15346043566696602,0.8642332381998558,0.40351970269473647,0.7867858180053084,1.3918288791495095,0.0622327135435512,0.4811057182554268,1.4197586822521617
0.5567938782207776,0.808846632499154,1.4839519962516257,1.6884205865753201,0.25976308648211155,0.6237673679956359,3.0359087672801364,0.6220952585120418,0.25976308648211155,0.808846632499154,1.8989048052932573,0.6237673679956359,2.251092949861723,0.14561507510633206,1.9009366463827537,0.5887612215443434,0.6220952585120418,0.40008216991228746,0.6321272460749928,0.300199105089539,3.0463448274611418,1.2518983473769256,0.300199105089539,0.6321272460749928,1.6884205865753201,1.4552661365848762,0.300199105089539,0.5887612215443434,0.40008216991228746,-0.29929219125250883
0.22114143218919324,0.8524668577555358,1.5473860003261444,0.6773998586494635,-0.26351439262635507,0.06504302899747755,0.8590261852082416,1.0293665252169097,0.22114143218919324,0.8524668577555358,2.615271647171478,0.8862657812555373,2.0361626911580943,0.06504302899747755,0.7075998553419178,0.6672537392561321,0.45328912761706325,1.1280022305659063,0.42016659873568174,0.0,4.566673106107609,1.1969040082783509,0.22114143218919324,0.42016659873568174,0.6773998586494635,3.3850175931832798,0.29093292247852376,0.26731015234005595,0.39567142225232116,0.39567142225232116
0.3278025461055554,1.08874339050035,0.8960201984698043,0.9626977388518414,0.8521233971097515,0.6189695557612164,0.4532594964406088,0.27765270557232813,0.3278025461055554,0.4786535395391598,2.7440200587897117,1.296660095781966,2.566388805115796,0.6431426220095786,1.0838759834074991,1.066172185820616,0.5656773794088922,-0.031116213140789273,0.34007911583587314,0.0,3.4887388993959103,1.066172185820616,0.9669285672181598,0.34007911583587314,0.6189695557612164,0.4786535395391598,0.44341142754669366,0.39471513230874883,0.8989887755302228,0.37269109758926855
0.2988619468296888,0.18095913769388358,1.4951719802303602,0.24382774643023697,1.0628999396220737,0.6783104829583827,-0.17356287285218053,0.24382774643023697,0.2988619468296888,0.18095913769388358,4.188451207380011,0.6783104829583827,2.6174715844753087,0.6197283786030312,0.6596968757698964,0.6197283786030312,0.24382774643023697,1.1954168223014834,0.7684579895236072,0.0,3.671165328899452,0.5202203433214766,0.7613984078689533,0.5202203433214766,0.3841056948214143,1.5108304258727414,0.24382774643023697,0.6704196515368481,0.6177320150847855,0.6596968757698964
0.3107246652968743,0.21627971301754423,2.186905190335176,0.9074674249907982,1.0164597299475748,0.1999088088178903,0.5284410323424303,0.404937881146283,0.3107246652968743,0.21627971301754423,3.506708402694626,-0.03896650266441747,4.057569861919325,0.0,0.5284410323424303,0.18037671164975813,0.3072334429487088,0.8055583013207803,0.8136276810012343,0.0,2.359345720599548,0.6944416060150868,0.404937881146283,1.3977403652085023,0.9074674249907982,1.6260125990875474,0.8980838244016159,0.505890999723789,0.8055583013207803,-0.03896650266441747
0.30186824562741865,0.08444082302108848,0.971423684348105,0.5659662349937683,2.2668518900452246,0.5659662349937683,2.9720407714192456,0.29314852161932864,0.6250669917738939,0.08444082302108848,2.6145335322386103,0.8005572815864581,3.171705831193509,0.0,1.1762394715652906,1.2496952827454766,0.42274749950830204,0.30186824562741865,0.5964522157451592,0.0,4.3967301865341915,0.42274749950830204,0.29314852161932864,1.388946245359483,0.5964522157451592,2.1796968859699253,0.9620651732207065,0.8635383233916103,0.30186824562741865,0.07427365514078334
0.2489953485552039,0.13328020498762652,1.2955212046532822,0.902519171170728,-1.0385879113032597,0.2442089840933438,1.6015742231468801,0.27197694054971566,0.2489953485552039,0.13328020498762652,0.9351558672557277,0.9503157755723791,3.7726457147726835,0.0,0.8625906197360377,0.8829113001447824,0.27197694054971566,0.40754270515671714,0.3164318380256822,0.0,5.736022826266123,0.8829113001447824,0.2489953485552039,2.009311762592605,0.2442089840933438,1.230840600676069,0.13328020498762652,1.2944440541620053,0.40754270515671714,1.117657198025459
0.23293250951010802,0.37524287273544465,-0.1911333199180678,0.6479167168313185,2.236634976127961,-0.19508102878594188,2.3144855424611745,0.8383415284236098,0.23293250951010802,0.25304785846114686,2.803061983073272,0.8383415284236098,5.0543903670327985,0.0,0.36439247756487025,0.37524287273544465,0.5325288663228517,0.7765397928522382,0.9025448945476519,0.0,3.6577120767543896,0.711722460055709,0.3681714388858595,0.9025448945476519,0.6479167168313185,0.9025448945476519,1.4695775775412117,0.6984678096127898,1.5518241807761006,2.0554561462834324
0.21778528300534017,0.5063740804314347,2.2474114229763007,0.5063740804314347,2.530931534903401,0.3672965569432543,1.7712280667099718,0.5302284699756091,0.21778528300534017,0.0,3.9831611667274966,0.3672965569432543,2.542472624834624,0.0,0.718549524862606,0.27617341802478096,0.7959063291798919,0.718549524862606,0.65650307635153,0.0,3.1984034267996586,0.9839677508063712,0.21778528300534017,0.65650307635153,0.8616744420246574,1.37846466758286,0.7959063291798919,0.9451678930749335,1.7346580279389532,1.3254236970249509
0.2773868355849511,0.2609758788362265,2.311082188593915,1.1369405853890953,1.7065950830285095,0.3214714042535675,3.0322773621620627,0.3881604502854318,0.2773868355849511,0.0,3.4877639245486933,0.3881604502854318,4.33244548684907,0.0,0.9395068067878216,0.9034612853864705,1.1867803700768553,1.4104151280900594,0.7210608243924841,0.0,2.907995632441909,0.9034612853864705,0.9164719202853753,0.11583137062408744,0.2609758788362265,1.8625465333708449,1.1588296420526267,0.3214714042535675,0.9216175941054223,0.8919298358467808
0.25611275703025715,0.16032738190331108,1.8142319554073405,1.3119799320768295,1.6663851144717472,0.6274444272032458,1.3650971285980877,0.7044011003341029,0.25611275703025715,0.0,4.206209250276768,0.35186151269837795,3.981983837442543,0.0,0.6916471032789028,0.6274444272032458,0.7044011003341029,1.3865720761024285,0.5274268334051092,0.0,4.163342358706093,0.35186151269837795,0.7759114260040861,0.5274268334051092,1.0079443247679236,2.5884582452625433,1.1777536861758702,1.3594603796108953,1.6474500008346888,0.8301662422165412
0.34020095128843464,0.4664621554009936,1.7249634503430942,1.104895890345221,0.8094934980038682,-0.08428949421575815,1.1033380873494827,0.4013257852759607,0.34020095128843464,0.0,3.1984325669483176,1.1658347083928788,5.6293723407743546,0.0,0.49457222534382383,0.8003446345224506,0.35914227037130514,1.5702932325998429,0.4664621554009936,0.0,2.0078296728863725,1.3487003059014842,0.4748094641120303,0.2744483489055372,1.104895890345221,0.8126327535108802,1.6346009255418568,0.4013257852759607,2.4707677817128335,1.3246947721754205
0.23366875255872022,2.363095987304551,1.5772843620271289,1.191138453709076,0.850871750864204,0.061606184901038294,2.0981464925583477,0.785070433631392,0.0,0.0,0.7937171689869097,0.7937171689869097,4.245649158048758,0.0,1.8800905923789732,0.5862586222378072,0.7841695134096894,0.95302513877911,0.850871750864204,0.0,3.2802323037530763,1.0273025786994239,0.8991648258966746,0.7723999516344945,0.7841695134096894,3.3786686034656617,0.7937171689869097,0.9704427596909252,2.380427192117722,2.6991041698730736
0.5915419448881082,0.4026631491896828,2.1539676749064123,1.4460495303175047,0.6273096033963654,0.5946908085550283,1.0528633475245455,0.5488252285180788,0.0,0.0,2.2125841698275113,0.8136770211406555,3.1085283382127735,0.0,1.1095858144523234,0.7913371818999158,1.0051508149897561,0.49634821418379177,0.6273096033963654,0.0,4.9949881596068515,0.49634821418379177,0.5488252285180788,0.49634821418379177,0.5946908085550283,2.3742979615182547,0.8136770211406555,1.1270887315996512,1.1887962661903186,2.246750327498245
0.5040436770033244,0.8100200083501038,0.8582979670775732,0.4508258702013398,0.599008601420627,0.0,1.1416294448599493,1.630960137002253,0.0,0.0,2.564165820173368,0.5704773404501609,2.564165820173368,0.0,2.1193189082169575,1.3304894546602137,0.5040436770033244,-0.3684228939493892,0.3317318238098948,0.0,2.7776961038451393,0.7055501718850492,0.5155632311306606,0.7889243274890345,2.017274658914738,0.39428323665617326,1.6269969861294096,1.4491955296519825,0.7889243274890345,-0.3684228939493892
0.27812691245032145,0.31781033501298656,-0.6805010027509208,1.2075820114758156,0.6309140456508611,0.0,0.31781033501298656,0.5433575472546306,0.0,0.0,2.8302981370244598,0.9965739178321323,3.4957041251108993,0.0,0.8910709909013117,0.5433575472546306,1.975413514724141,0.0,0.5461381369031666,0.0,2.6433240073099395,0.5461381369031666,0.27812691245032145,0.8910709909013117,1.2075820114758156,1.960993756450178,2.1527834284431613,1.0114870056789314,0.6861335760927425,1.0780908929472504
0.4850756697763716,0.3427123936872412,2.369127823878852,0.3427123936872412,0.38533560989194343,0.0,2.0199926444115177,0.9057564939615498,0.0,0.0,4.080463689089955,0.8687008734113638,3.0349012225619103,0.0,0.3468527451297361,0.3021668420933494,0.9057564939615498,0.0,0.3468527451297361,0.0,4.189089078410071,0.3021668420933494,1.8976113440945996,0.3468527451297361,0.3427123936872412,-0.12184236382939773,0.8687008734113638,0.5698931565151947,1.6275415217602636,1.5426593664190054
0.671187171972305,4.358066704096451,2.111638390285333,1.1675766566289119,-0.1268604397369592,0.0,2.1471332076787992,0.5276080088526123,0.0,0.0,2.7397329252790525,0.6456826598379036,2.8060477367774252,0.0,0.31841145094188134,0.3330010004691869,0.5276080088526123,0.0,0.31841145094188134,0.0,3.352588188655733,0.3330010004691869,1.2470478761563213,0.31841145094188134,0.6456826598379036,0.17777859886275982,1.6865552020622052,-0.1268604397369592,2.8060477367774252,1.1946721278531964
1.1494793981999398,4.266483543269384,0.8530591904659092,1.31076398847868,0.7382176528172195,0.0,1.6797684531579353,0.2669460893759215,0.0,0.0,2.7666987831739585,0.6669073875822522,2.3205562061244307,0.0,1.6577159189570636,1.444317573515384,0.2669460893759215,0.0,0.0,0.0,0.7382176528172195,0.7084930426744381,0.8530591904659092,0.4256775232927232,1.212514259170607,2.00984329034998,1.767430966750411,0.0,2.3205562061244307,1.5208369190615951
0.7221102269116737,1.458690649545649,2.102417535106846,2.1265225580855254,1.434632660239925,0.0,0.540601098093157,0.7221102269116737,0.0,0.0,3.7670725630132083,0.983187290951424,1.3573212656535758,0.0,3.0238354495920836,1.0531307866976982,0.43494089159941185,0.0,0.0,0.0,4.03624482404691,0.849815418151056,0.7187838971458865,0.720501084838006,1.2959632003413197,0.6536176192937704,2.3967175577151725,0.0,1.3573212656535758,0.6006644823515258
0.5857225690003274,5.714212823396076,1.7422984818875231,2.4698831856479413,1.311803000223272,0.0,1.3079269916300051,0.6548437039807444,0.0,0.0,2.679158605492722,1.3766717605512646,1.0277646613853135,0.0,2.2563856080081655,1.4996908361983314,0.8068667123718061,0.0,0.0,0.0,1.0345803515562502,1.249789536541303,1.3079269916300051,1.194416712793179,0.9972456446963118,0.31959872963574565,1.9852984995711402,0.0,1.0277646613853135,0.8068667123718061
0.7744194846963897,6.714652465397456,0.7920781753030558,1.8534453931003512,3.074588253743748,0.0,-0.12664239168613692,1.3049150980942463,0.0,0.0,0.8324241047726654,1.364423788503251,0.8449543471033107,0.0,0.570371257461494,0.7927097478171321,0.923476951963492,0.0,0.0,0.0,4.484152617623682,0.8324241047726654,-0.12664239168613692,1.5318848545507442,1.8534453931003512,1.9470638552210318,3.4808977904307774,0.0,0.8449543471033107,1.2845801835645043
1.2142014188041916,4.858408011110314,0.9700902946934542,0.8902138472234773,1.0828752812541425,0.0,0.7707084963582613,0.6312614695396588,0.0,0.0,3.266880948251497,1.157466352915175,0.5041433460877167,0.0,0.7104653666635073,2.0634449291631363,1.157466352915175,0.0,0.0,0.0,1.5702709269610373,0.648361916476625,0.6312614695396588,2.363828912253922,0.8902138472234773,1.5702709269610373,3.066346595096122,0.0,0.5041433460877167,1.51094300711604
1.6522107392101928,1.3069887451631859,1.4818289395295494,0.4443936833913827,1.910042995515106,0.0,0.8156623819168066,0.17748094707884784,0.0,0.0,1.4036635895799001,1.1838318809499313,0.27171684718714245,0.0,1.135206682071906,1.9032160106790894,1.5044087017769552,0.0,0.0,0.0,1.4384613255904415,0.9637854159017749,0.17748094707884784,2.5521001668694083,0.4443936833913827,1.4384613255904415,2.8934271552018567,0.0,0.27171684718714245,-0.04507280827351822
1.5040865138156927,5.516234910419492,0.620257452016695,3.7029981511755325,0.46846297275910165,0.0,0.9926221865823346,0.7252727419437957,0.0,0.0,3.4592994934644237,0.620257452016695,0.5395370557464869,0.0,1.4434302121645592,0.9926221865823346,0.7252727419437957,0.0,0.0,0.0,0.9351744453794159,1.239132234914079,0.8585057015425605,2.69949103341218,1.4668863901025395,1.4668863901025395,2.5411033691405875,0.0,0.9042668920735552,0.0013360288201176296
2.110194734459122,-0.008647498050773916,1.0191678171404164,2.1751233501976146,0.36474059246980184,0.0,3.1488422015667465,0.0,0.0,0.0,4.147274710748627,1.8451021087989912,0.36374359378638815,0.0,0.9093098662214004,1.427756766752357,0.8720441707374893,0.0,0.0,0.0,1.7950324642544355,1.8868180073861562,0.9093098662214004,3.0087830073566377,1.6218291951360615,1.7950324642544355,2.786483974209821,0.0,0.36374359378638815,-0.2195062793373468
2.063791876868363,8.474918461137479,2.42992113773734,0.7994185158394372,1.7719252733698108,0.0,1.2305354205126529,0.0,0.0,0.0,2.7896178083247705,1.5774725030089478,0.3764902821514552,0.0,2.5062321911022813,1.5169565714757924,2.3442343467129887,0.0,0.0,0.0,2.1499429420157763,2.2486829797256336,1.4021954993377685,3.8686592425960424,1.7578607989628183,1.9723109303954593,0.7244323015501497,0.0,2.7943277649038807,1.2184618518489998
2.6104230320575197,0.8891378297035254,2.2321037345507344,0.8891378297035254,2.1592322006080096,0.0,1.5667795078374742,0.0,0.0,0.0,1.6911299643393494,2.6405619624562675,0.5981199572624315,0.0,0.8134897053082036,0.43730626206107265,1.1633958734865344,0.0,0.0,0.0,1.3431919838205435,2.5484848708983034,1.1209390661063523,3.3711081018727618,2.6669046106896284,1.3431919838205435,3.765359051331521,0.0,0.5373978413989178,2.4099562629769773
2.89862254356073,8.66954543498735,0.4177051082515013,1.603905100843162,0.5630408841404867,0.0,1.2810367914952703,0.0,0.0,0.0,1.720552837611351,2.786853920589539,0.44710537791665345,0.0,1.513342979147786,2.1795630044581733,1.5481497026829156,0.0,0.0,0.0,1.4160372800331125,3.2421505981135543,1.4140923787453819,5.721916630648517,2.3504161909659858,1.4160372800331125,3.82019141851054,0.0,1.6368480185843,1.3141486500769384
3.324658257878398,8.676266531023716,2.754636659123075,3.6475742858279387,-0.24694480145939335,0.0,0.7387847251321437,0.0,0.0,0.0,3.24279073950622,3.2190753626537125,1.054665622224694,0.0,2.643347206237757,2.4175389215065257,2.4965876770472284,0.0,0.0,0.0,0.6913218195414701,3.4829706685620336,0.9268446580363655,5.8668359391390394,1.045702627009829,0.6913218195414701,5.733998747341532,0.0,1.045702627009829,2.222461547987776
1.4910317265737845,10.288599380917429,1.4910317265737845,1.1020918144014489,1.3181477233222,0.0,2.2485261549772853,0.0,0.0,0.0,1.9147759453458764,4.152869930912132,1.3537576798410902,0.0,2.7700780535662757,1.5774628063548919,1.9707722879635352,0.0,0.0,0.0,0.4499564250927874,3.2863563223773187,1.2914731179655858,5.536131067404131,1.4087245505429733,0.4499564250927874,4.019518396281528,0.0,1.537794520563561,1.3319998653690033
2.5320737860243336,9.080311349306866,2.1463951022403642,1.815369962243442,0.3116505415538786,0.0,0.0,0.0,0.0,0.0,2.568302294462684,2.420677398214335,1.537850482753925,0.0,-0.31618393096346087,0.8826991229157116,1.972196590203233,0.0,0.0,0.0,0.16628126719844877,3.064477651017887,0.0,0.8826991229157116,4.915030877982446,0.16628126719844877,4.608794577238,0.0,1.8304862226935612,1.0877790930609905
3.0029501032783323,2.139435630042348,1.329398758145187,1.8378435053026578,1.8401105854180062,0.0,0.0,0.0,0.0,0.0,1.0431869624191377,4.540925727011729,1.3581461203780607,0.0,1.2465551728784112,1.904224876482062,2.5175061948465025,0.0,0.0,0.0,0.2683160702839155,5.090253495070117,0.0,6.970593864343923,2.0104686855583687,3.729903801760381,4.824824574717846,0.0,1.7986369501707726,-0.19853292057909167
3.6211132213316395,8.333451140344625,0.3649988077573773,0.3649988077573773,2.3337549059311335,0.0,0.0,0.0,0.0,0.0,6.133177472832801,3.075529254388929,2.0900790644197693,0.0,0.0,1.728859409361762,2.323776317668975,0.0,0.0,0.0,0.7330025043924915,5.094153405836545,0.0,6.262642535616282,2.017211072021118,3.1180436817113737,4.191484389203156,0.0,1.5978459658543291,2.66950805968449
3.375281301121572,0.34878087126604784,2.788206990891979,0.0,1.3636443115081638,0.0,0.0,0.0,0.0,0.0,4.367527640757098,4.069034557403958,1.5958974149098777,0.0,0.0,1.4814054937875563,3.8925596867076546,0.0,0.0,0.0,0.48956247002518616,6.440850194963885,0.0,8.106237573224577,1.4814054937875563,3.9156548343693576,3.632133668765358,0.0,0.18047374854585485,1.4931881210111784
2.6310189628548537,7.567442051094177,0.13568209513357343,0.0,0.24463448246949837,0.0,0.0,0.0,0.0,0.0,2.239988693973231,3.3581892553266743,2.437494872799569,0.0,0.0,3.622202640186861,3.810856507335024,0.0,0.0,0.0,1.1016358002748805,7.184011070535513,0.0,7.873684757712638,0.4827150639026939,3.7918620465093156,5.034068225349318,0.0,0.13568209513357343,3.960334195524626
2.931793508092705,10.759728737460028,0.915969401412859,0.0,0.31999815534987563,0.0,0.0,0.0,0.0,0.0,2.0299069119661706,3.034757585978212,2.3773975412512733,0.0,0.0,1.5730855269456387,4.732512869227839,0.0,0.0,0.0,1.1229034566705607,6.330086068236647,0.0,7.877815027569026,1.5488560582396085,1.1670073284268552,3.6033000339554766,0.0,0.4304829103964373,5.306984163627606
1.5796213067192144,8.89328670384546,1.5609596167044388,0.0,0.29918475546615864,0.0,0.0,0.0,0.0,0.0,3.6933391719691593,3.966244708102419,2.9287237538498707,0.0,0.0,1.8441614363853307,3.7159446762874104,0.0,0.0,0.0,1.176025909363422,7.027689036705358,0.0,8.579240836658638,2.7735132573490198,1.5796213067192144,4.824519323388421,0.0,1.7317425670742739,6.540030988000121
0.7574218360174353,7.691678873015448,1.0269466637305786,0.0,-0.736756557316927,0.0,0.0,0.0,0.0,0.0,3.214778780242667,2.7579650598212835,3.0523783748323106,0.0,0.0,3.4629259019439416,2.994299839981515,0.0,0.0,0.0,1.1186091982965833,9.099400754245526,0.0,7.70180303612715,1.5144501927805005,2.550683943492622,4.8098028280046865,0.0,3.536829257307149,4.791862673228489
1.7205053467392228,9.135454639625955,0.6824176099153568,0.0,0.027202141939231428,0.0,0.0,0.0,0.0,0.0,3.403128354079563,1.6462609801019048,2.1575355659184994,0.0,0.0,3.3600955738005736,4.594928802638058,0.0,0.0,0.0,1.6567281980619495,8.249527441121101,0.0,2.1575355659184994,1.870955885774334,1.7205053467392228,3.306018712718872,0.0,0.33135624322503093,6.56212739647114
1.4508392791322102,10.220572475622374,-0.24145929074760075,0.0,0.7600211451669948,0.0,0.0,0.0,0.0,0.0,3.449540867790255,1.4640080886391924,2.875367873829225,0.0,0.0,2.9925435746222884,6.215852444528547,0.0,0.0,0.0,1.628436635544907,7.5203700527960455,0.0,7.182117508607978,0.9025495368807178,1.4508392791322102,3.5707101998190205,0.0,0.7600211451669948,5.121861596603846
1.3914195913416583,8.976627716843614,3.481227640071735,0.0,1.1790448850679993,0.0,0.0,0.0,0.0,0.0,3.325786629641765,1.1790448850679993,3.0615711784646855,0.0,0.0,2.902515120214127,6.094456813746057,0.0,0.0,0.0,2.2781855091112013,0.8894761431854379,0.0,9.583534807240303,0.8849256817984821,1.3914195913416583,4.1993280990845285,0.0,1.0513240639407475,6.554653329212121
0.6484174482852396,9.358642411773879,0.10373309428566824,0.0,0.0,0.0,0.0,0.0,0.0,0.0,3.359787092143664,1.2598084171613568,2.3960561602545467,0.0,0.0,2.585960876978805,4.574870802410452,0.0,0.0,0.0,2.2038310139401687,8.334651008646011,0.0,7.345765541480644,1.7410947768319591,0.6484174482852396,4.16252954507897,0.0,1.6176615963933287,7.228542474805814
0.22474889944555376,7.694827592231288,1.6966856311047378,0.0,0.0,0.0,0.0,0.0,0.0,0.0,-0.34138885014195464,1.1975762119218212,-0.11965375430404229,0.0,0.0,3.7380047887447345,4.317003517679199,0.0,0.0,0.0,1.6966856311047378,7.378900896402579,0.0,-0.11965375430404229,0.4703107612026203,0.22474889944555376,4.516549539767036,0.0,2.042417873284975,6.297113388201808
-0.20300518261618072,9.131241572495846,1.3613758532508808,0.0,0.0,0.0,0.0,0.0,0.0,0.0,5.342166612098916,2.6063641005899894,3.3384427145016913,0.0,0.0,3.874859400338715,5.775891057629216,0.0,0.0,0.0,1.3613758532508808,7.68087762357924,0.0,1.6369406678635208,2.398140979279116,2.0240895932701175,2.521332089567331,0.0,2.798926641030814,7.306806055789112
0.5987083809375789,7.7183469420825705,0.0,0.0,0.0,0.0,0.0,0.0,0.0,0.0,3.427832967241296,3.1322818782431328,2.9587489914343257,0.0,0.0,3.775295103366461,4.533138312241373,0.0,0.0,0.0,0.5496538010609006,9.386319452859029,0.0,9.027295293118263,2.849938899504993,3.543235616958709,4.635180982452971,0.0,1.3695832048963095,5.756668316718296
3.066251715038292,8.558234792633952,0.0,0.0,0.0,0.0,0.0,0.0,0.0,0.0,3.143691163845366,2.6908318577758887,2.4677677770369417,0.0,0.0,4.214431245621599,4.031401900587902,0.0,0.0,0.0,0.9208348142132408,6.730719918347155,0.0,2.4677677770369417,1.0711837424909487,2.2390144769480202,5.04974731246492,0.0,2.15595527070644,8.259367527476519
1.059145354792615,9.155985079861535,0.0,0.0,0.0,0.0,0.0,0.0,0.0,0.0,2.9080588269104544,3.547755128471818,3.8699367421229494,0.0,0.0,2.6180959361515526,4.638517465525425,0.0,0.0,0.0,10.419242708312856,7.221094964897638,0.0,7.95165831981505,1.209092174289086,1.059145354792615,0.912942779849192,0.0,0.7569654896724389,7.858391998203594
-0.19096985813816195,8.0250619219178,0.0,0.0,0.0,0.0,0.0,0.0,0.0,0.0,3.360075170306353,2.882274192417315,3.0426987632704168,0.0,0.0,4.070443914211877,7.014357081501565,0.0,0.0,0.0,1.4459640169346066,6.49805137903868,0.0,0.4341860055523837,1.707236056637805,-0.19096985813816195,4.10440136500766,0.0,2.1939718151803893,7.002059809065809
2.877341151268715,4.132965092049946,0.0,0.0,0.0,0.0,0.0,0.0,0.0,0.0,3.312954765903892,3.331591919983272,3.696555936222835,0.0,0.0,1.1429137815822843,4.857398210322221,0.0,0.0,0.0,1.301690591133752,0.8836160503324854,0.0,8.966072610928828,2.6413116965905017,0.8836160503324854,4.132965092049946,0.0,3.7966466045204266,6.703509750477267
2.2301719905265056,4.537825482354993,0.0,0.0,0.0,0.0,0.0,0.0,0.0,0.0,3.673054907831401,3.324533819236461,3.9770498486693837,0.0,0.0,2.122963729462616,4.6005495321527485,0.0,0.0,0.0,0.749681494123958,6.251136883535156,0.0,8.966368729938788,2.407994856048279,0.8772366576504658,4.537825482354993,0.0,0.24408101491881173,6.182444481358358
2.096149398205959,11.091490819629492,0.0,0.0,0.0,0.0,0.0,0.0,0.0,0.0,2.3329607177395886,3.3014321105823368,2.322205715171875,0.0,0.0,3.8297559986206338,5.230262931176608,0.0,0.0,0.0,0.8681083036994084,3.9090774388683527,0.0,6.654345969915113,1.5247895915202732,0.8681083036994084,5.56001824534162,0.0,2.606842037854076,6.455858952154667
2.703258650260525,3.080285374175749,0.0,0.0,0.0,0.0,0.0,0.0,0.0,0.0,2.9055196765683338,1.0120021855950283,4.379045153591685,0.0,0.0,2.480817097469609,3.1524647115785864,0.0,0.0,0.0,0.7332661915161499,9.30724497975775,0.0,9.2518259858902,0.7332661915161499,1.5241259280312829,3.080285374175749,0.0,2.403758520901183,6.259262812019945
3.109963908661547,2.0045973980344334,0.0,0.0,0.0,0.0,0.0,0.0,0.0,0.0,1.8741362845446192,3.7726367903991056,3.6914802246157286,0.0,0.0,0.4407228800453672,0.4407228800453672,0.0,0.0,0.0,0.5794264536122796,6.741516400757626,0.0,8.57744488082155,0.8965061432867323,0.9876141267423736,2.0045973980344334,0.0,2.1449028503893657,0.5794264536122796
1.1116802861304773,2.049243117331233,0.0,0.0,0.0,0.0,0.0,0.0,0.0,0.0,3.771010287477866,2.7904174053782627,4.831116919870749,0.0,0.0,3.591386410281294,4.146692683287654,0.0,0.0,0.0,0.5444494187251592,8.055782806017367,0.0,0.8584446550093605,0.6650223526679973,0.0,2.049243117331233,0.0,2.2796414588366374,7.261359602568909
3.274647872745347,1.3438637726847673,0.0,0.0,0.0,0.0,0.0,0.0,0.0,0.0,2.999766721315999,3.3151684708766433,4.971678885536282,0.0,0.0,4.896926488352113,2.2367713152830864,0.0,0.0,0.0,0.5874056936484269,7.666263035994605,0.0,0.3964354245623145,3.050569007912834,0.0,1.3438637726847673,0.0,0.34311595712961873,6.295915943323867
3.477558799069163,0.5667796879391391,0.0,0.0,0.0,0.0,0.0,0.0,0.0,0.0,2.9542101557884877,4.720064811645177,3.5405532915077664,0.0,0.0,2.6363992166544477,0.5833086054529285,0.0,0.0,0.0,0.5532928745100032,7.428466015011068,0.0,10.1444038290375,2.685255599762913,0.0,0.5667796879391391,0.0,1.1933657885262758,7.06900217786291
4.905348870230941,0.3565819304315492,0.0,0.0,0.0,0.0,0.0,0.0,0.0,0.0,3.2637352718835797,2.867106402431775,4.114693016691304,0.0,0.0,2.9965201768734953,4.894804568094667,0.0,0.0,0.0,1.021277966489177,6.566153325165624,0.0,7.439916078429437,1.5188331169253548,0.0,0.3565819304315492,0.0,1.0404745924767145,6.480188848284878
3.9621704772680575,0.3975946496076202,0.0,0.0,0.0,0.0,0.0,0.0,0.0,0.0,1.4870125318310232,2.899004199019993,4.217218683041141,0.0,0.0,2.5719098792213955,7.708945443562857,0.0,0.0,0.0,1.3220025919196858,7.801271635503658,0.0,7.75071972866077,1.9142119068023509,0.0,0.3975946496076202,0.0,0.9201764681207014,6.7790961715940945
0.3893061233052981,0.3893061233052981,0.0,0.0,0.0,0.0,0.0,0.0,0.0,0.0,1.7938305578038882,3.016393905946607,3.4017970904532095,0.0,0.0,4.399030323424612,4.757893336039327,0.0,0.0,0.0,0.8504530326707015,5.374524916738016,0.0,8.419476474394656,0.718727241992451,0.0,1.4838674481884413,0.0,2.3343640350426473,6.135313256890648
2.8698069842072322,0.5336056276658855,0.0,0.0,0.0,0.0,0.0,0.0,0.0,0.0,1.3782835939299476,2.452468655271625,2.645332537449732,0.0,0.0,3.1687304946277504,4.023454873938124,0.0,0.0,0.0,1.7823182303826677,2.8698069842072322,0.0,8.771298668853067,4.0896246644653855,0.0,0.5336056276658855,0.0,2.963161268398612,6.575259849066748
2.2701708704231622,0.8979314877166019,0.0,0.0,0.0,0.0,0.0,0.0,0.0,0.0,0.9157474469968281,2.2781504900063925,4.7421388450893796,0.0,0.0,2.8440297573908926,4.682652369729635,0.0,0.0,0.0,2.5737983880458986,2.2701708704231622,0.0,7.604827787244327,0.6820492124828574,0.0,4.573253193405575,0.0,2.088944346291817,7.021485725402611
2.913558010284311,1.1878961081530917,0.0,0.0,0.0,0.0,0.0,0.0,0.0,0.0,3.1410760554365855,2.7289970309204787,3.6672334908102204,0.0,0.0,3.908952734189695,6.1184428960956225,0.0,0.0,0.0,2.846483302477867,7.4179659997603675,0.0,7.383242664622044,0.005961286867335325,0.0,3.986848637997387,0.0,1.6477938606576197,4.755058663292524
3.743928103988705,1.3098819360622374,0.0,0.0,0.0,0.0,0.0,0.0,0.0,0.0,3.3971518126749207,2.0300578287491433,3.5863786491757477,0.0,0.0,3.685190691059268,4.486501614718861,0.0,0.0,0.0,1.3344566688684083,6.5084058262444975,0.0,8.60466735274607,1.698489682502092,0.0,5.551231737066674,0.0,1.6538007899480023,5.341138073243181
4.383879185020436,2.2241507158618643,0.0,0.0,0.0,0.0,0.0,0.0,0.0,0.0,3.7287431756970557,3.879216348558658,5.737165884491537,0.0,0.0,4.071100560670069,0.12188952936372732,0.0,0.0,0.0,6.048509828483623,6.645389118774106,0.0,7.431243028682261,1.9025620286352471,0.0,4.223106370235463,0.0,1.6315152471471768,2.1148896159436914
5.1411697055706185,2.414350531007171,0.0,0.0,0.0,0.0,0.0,0.0,0.0,0.0,2.45111414451413,2.396074004867402,1.8910511074849432,0.0,0.0,2.34492794910968,2.1321702323833582,0.0,0.0,0.0,2.1321702323833582,7.543573485356052,0.0,9.434448817362561,2.249778383640769,0.0,3.8134473512164444,0.0,2.6081619124619615,5.860150708830703
5.437431124342782,3.0838950777126195,0.0,0.0,0.0,0.0,0.0,0.0,0.0,0.0,2.8449851121628495,2.4615245358076985,5.044524964896185,0.0,0.0,2.50954564092762,1.1600702938490817,0.0,0.0,0.0,1.1600702938490817,9.252534023824218,0.0,6.653819153933137,3.0336328140550832,0.0,5.867094119726367,0.0,1.6874171310945267,1.1686561942254134
2.130540341348981,3.550352318456649,0.0,0.0,0.0,0.0,0.0,0.0,0.0,0.0,2.5609572773924927,2.282178370108274,5.628741915841655,0.0,0.0,3.0318332833340143,1.8940249009820018,0.0,0.0,0.0,1.8940249009820018,5.678819641923759,0.0,9.25501150298105,0.520884153564181,0.0,3.293119570138121,0.0,0.15788467484635405,7.179027664879812
5.20246396339077,3.82623073437445,0.0,0.0,0.0,0.0,0.0,0.0,0.0,0.0,1.584406765935897,2.993922666844824,5.1109735206177795,0.0,0.0,1.345503464194855,1.3978107915220597,0.0,0.0,0.0,1.3978107915220597,8.52147099474723,0.0,6.905551425813588,2.6502055190289235,0.0,4.569831104629066,0.0,1.8727224430999805,7.517741063055067
4.250752359849615,4.195154245361435,0.0,0.0,0.0,0.0,0.0,0.0,0.0,0.0,3.1860927254681206,4.267257743112355,0.4942003219682221,0.0,0.0,3.646184936816976,0.8899764366597557,0.0,0.0,0.0,0.8899764366597557,6.435715702420534,0.0,8.514554866502365,1.0579015669695244,0.0,3.946645102594898,0.0,3.276228544898406,6.632946700336774
7.430387700380062,4.7477770323501804,0.0,0.0,0.0,0.0,0.0,0.0,0.0,0.0,4.03691131334622,-0.09329576277417617,4.827553422549766,0.0,0.0,0.10163657637539336,0.6790013259563616,0.0,0.0,0.0,0.6790013259563616,7.605942908694489,0.0,8.488727958496312,3.384960133505065,0.0,4.138496477291648,0.0,1.7882732144113886,7.287212478643455
4.244736388513077,5.856531418631875,0.0,0.0,0.0,0.0,0.0,0.0,0.0,0.0,2.1392336761156794,0.7437690774625909,4.955099231409512,0.0,0.0,2.5935172383493805,0.34186044056620823,0.0,0.0,0.0,2.6183993839348503,9.220082783008007,0.0,9.153420655035411,2.1940509521283844,0.0,3.298187148126474,0.0,2.713775944452528,5.754743359121779
5.461301116403175,6.580031548692402,0.0,0.0,0.0,0.0,0.0,0.0,0.0,0.0,3.245163871560252,3.0811340509267415,4.12426883843792,0.0,0.0,2.4417131510648895,0.7122066302272528,0.0,0.0,0.0,2.2138731555055786,9.11646728275718,0.0,7.366318526548737,0.11443801878609627,0.0,2.9497378601461053,0.0,1.890601424919477,6.9774159656148464
4.524907531647001,7.354839268574923,0.0,0.0,0.0,0.0,0.0,0.0,0.0,0.0,3.3154481214591214,2.991291843644336,2.514094319489806,0.0,0.0,2.899342994072527,0.8830381557171585,0.0,0.0,0.0,1.6052665383255733,8.809114940467408,0.0,8.496881518727912,2.9835250275820706,0.0,2.514094319489806,0.0,2.5546119583916083,7.723263867400145
1.717106700622079,6.5657257809857885,0.0,0.0,0.0,0.0,0.0,0.0,0.0,0.0,4.049018429545599,1.6192744427892318,1.746340423488306,0.0,0.0,2.8306664484361996,0.7982272806708715,0.0,0.0,0.0,3.6267977465550336,7.98723963610018,0.0,8.332486999415313,2.8273066797494817,0.0,1.746340423488306,0.0,2.303036718392547,1.1763714360999167
4.732285667750093,7.19835582854895,0.0,0.0,0.0,0.0,0.0,0.0,0.0,0.0,2.223965381455503,1.1654516734736091,4.835727642243533,0.0,0.0,2.0259828030008222,1.1654516734736091,0.0,0.0,0.0,4.185699543374334,7.186534588729483,0.0,7.8051296954853076,0.8208992412765919,0.0,2.2644978306947006,0.0,2.4336169260818457,7.267707661401513
5.103051492621468,8.333268859842196,0.0,0.0,0.0,0.0,0.0,0.0,0.0,0.0,1.609048935802849,1.0928472321131577,1.4043732145496475,0.0,0.0,3.5604787405528695,1.5833531314377391,0.0,0.0,0.0,2.975439334709693,6.311799602755467,0.0,8.572457974298553,3.3445723649184487,0.0,2.4680124658832936,0.0,0.0,3.3445723649184487
4.377867832095405,8.49232675864437,0.0,0.0,0.0,0.0,0.0,0.0,0.0,0.0,2.7830036449229256,1.0046757224528962,2.308724885707092,0.0,0.0,4.15043870391748,2.548806473823696,0.0,0.0,0.0,3.697155065766164,7.448338843173119,0.0,7.940665265033451,0.35225485595626504,0.0,2.783308035359413,0.0,0.0,6.195071793908237
4.446577146309335,9.633905834995758,0.0,0.0,0.0,0.0,0.0,0.0,0.0,0.0,4.160196805996217,2.313060781761273,2.8480077722375228,0.0,0.0,1.4133655039710182,2.0437107712540037,0.0,0.0,0.0,4.022052966106445,2.313060781761273,0.0,7.990318394484239,0.9893864899453946,0.0,1.4133655039710182,0.0,0.0,2.373486893136744
5.653250877876578,9.063456267045195,0.0,0.0,0.0,0.0,0.0,0.0,0.0,0.0,2.6425665895593147,-0.043018943323934855,4.796949356912334,0.0,0.0,5.442731017516158,2.6107920634508375,0.0,0.0,0.0,4.9636816213925705,7.8593012848070325,0.0,8.175059448946511,-0.043018943323934855,0.0,3.1170046878331568,0.0,0.0,7.163999522649122
5.216739180399093,9.196927501893398,0.0,0.0,0.0,0.0,0.0,0.0,0.0,0.0,3.2685650083833755,2.8303799581252695,4.834482610700045,0.0,0.0,2.8312870110678796,3.221372862554211,0.0,0.0,0.0,3.14774208276443,6.404068703415773,0.0,8.44465413342447,3.065505998089651,0.0,3.1613254426329784,0.0,0.0,6.052660890790373
6.9283050846937275,9.041821625310675,0.0,0.0,0.0,0.0,0.0,0.0,0.0,0.0,2.2747753137711384,2.383034358439816,6.8064033923313865,0.0,0.0,3.2004782942886325,2.673669913479933,0.0,0.0,0.0,3.2029887166975275,7.755489924971958,0.0,7.062102107779271,-0.3958465360287362,0.0,3.894828401984276,0.0,0.0,5.201998960181482
4.357829298628945,9.23452151117849,0.0,0.0,0.0,0.0,0.0,0.0,0.0,0.0,3.402574446452605,3.6706549923128393,2.816921774863255,0.0,0.0,3.510119211798064,2.7832148784763002,0.0,0.0,0.0,3.6484601833012134,7.898276678383753,0.0,7.570215690472308,2.7677243186812808,0.0,3.594114104804825,0.0,0.0,2.4950323536413763
4.570380761239546,9.597509318520066,0.0,0.0,0.0,0.0,0.0,0.0,0.0,0.0,1.9674432821593681,3.2528539579544873,3.6113698555667506,0.0,0.0,4.185708988853466,3.54981688390978,0.0,0.0,0.0,4.023070342069588,8.263239057652182,0.0,9.662531338300697,0.7636206826531936,0.0,5.509853532004784,0.0,0.0,10.086485383303504
6.104730820957594,9.726711037677006,0.0,0.0,0.0,0.0,0.0,0.0,0.0,0.0,1.7618863226949755,1.187173830595124,4.56305363177379,0.0,0.0,3.608808429393077,3.230197269749752,0.0,0.0,0.0,4.060076326712406,8.018302619381254,0.0,10.939106891647155,0.0,0.0,6.2834133532654555,0.0,0.0,6.171599340238171
6.14249663506688,10.812051395557601,0.0,0.0,0.0,0.0,0.0,0.0,0.0,0.0,9.752930697311704,1.2987334320714912,4.9697166884845245,0.0,0.0,3.216436169307071,4.2391499405474615,0.0,0.0,0.0,1.6220243335818447,8.622108337806967,0.0,8.438394840436427,0.0,0.0,4.037377865255688,0.0,0.0,1.2987334320714912
6.61638665105371,10.940302169458313,0.0,0.0,0.0,0.0,0.0,0.0,0.0,0.0,1.7561372156128905,3.1394239461209357,2.46537412688542,0.0,0.0,2.8543343396512872,3.8098363175165,0.0,0.0,0.0,4.278052542017215,6.474929947903593,0.0,8.784117348034737,0.0,0.0,3.2409899981651153,0.0,0.0,6.996507148575127
5.289220536706955,7.540180119726801,0.0,0.0,0.0,0.0,0.0,0.0,0.0,0.0,2.342117563050859,4.0866071653101885,4.428835573319397,0.0,0.0,3.712340232981769,4.899280305178074,0.0,0.0,0.0,4.163301237569238,8.089910121246687,0.0,9.180931760470212,0.0,0.0,5.627378650355135,0.0,0.0,5.359517007409914
5.6725482819699025,9.114267703297553,0.0,0.0,0.0,0.0,0.0,0.0,0.0,0.0,1.9446692226820368,3.6365474241365976,2.582214488215231,0.0,0.0,0.9561423978808736,5.757711296679498,0.0,0.0,0.0,3.2064569797440345,7.8271401525789015,0.0,6.668372933187568,0.0,0.0,2.582214488215231,0.0,0.0,9.116962436028805
5.58732056411633,7.464431725410814,0.0,0.0,0.0,0.0,0.0,0.0,0.0,0.0,3.1860358534502837,0.9586824108809191,4.652587717039943,0.0,0.0,2.830694540771848,3.152633510019337,0.0,0.0,0.0,3.554307014984234,8.338306886989429,0.0,8.573402190308688,0.0,0.0,4.846405186534917,0.0,0.0,6.247963633408279
6.76698607740391,7.595643522020488,0.0,0.0,0.0,0.0,0.0,0.0,0.0,0.0,3.4328319714035014,1.6477915678479782,2.830773805968002,0.0,0.0,1.8242745846489978,5.6239911584806235,0.0,0.0,0.0,4.380319898639992,7.590350867600847,0.0,6.9784536145029845,0.0,0.0,4.162072979308795,0.0,0.0,1.6477915678479782
6.4396383072288135,8.962904190783343,0.0,0.0,0.0,0.0,0.0,0.0,0.0,0.0,4.164371549644204,4.568108725469528,4.271627012155172,0.0,0.0,2.6102582932212295,3.106924124195774,0.0,0.0,0.0,4.7846872422106115,7.9975061407703265,0.0,9.35576951089673,0.0,0.0,4.442394777667755,0.0,0.0,7.803790165003774
5.71686250173288,9.031204829672161,0.0,0.0,0.0,0.0,0.0,0.0,0.0,0.0,2.6393531271838575,1.5647539479949968,3.847740611328183,0.0,0.0,1.7361580238710554,4.083106954196366,0.0,0.0,0.0,3.3014565738844217,5.72851878995705,0.0,9.120315119519361,0.0,0.0,4.681183416979845,0.0,0.0,6.517460337680646
6.0113694668125675,0.6897275051478203,0.0,0.0,0.0,0.0,0.0,0.0,0.0,0.0,3.0569421126381258,2.8791420232418488,0.6897275051478203,0.0,0.0,1.363376750543868,4.969849856323855,0.0,0.0,0.0,3.729787120786939,2.1810647874028612,0.0,8.424011090595275,0.0,0.0,4.911162357719505,0.0,0.0,7.134931933924307
5.580857596110943,4.539689265057065,0.0,0.0,0.0,0.0,0.0,0.0,0.0,0.0,1.659700571368646,1.4415526365195437,2.103077741937453,0.0,0.0,3.8626160470950426,2.6093108973531343,0.0,0.0,0.0,2.103077741937453,7.716129643915749,0.0,7.704056366451164,0.0,0.0,1.4415526365195437,0.0,0.0,4.539689265057065
5.147781045282458,7.616138853709142,0.0,0.0,0.0,0.0,0.0,0.0,0.0,0.0,2.4512327030871863,3.0535535855514775,3.793212711057695,0.0,0.0,2.528694879045802,0.8346605019135084,0.0,0.0,0.0,4.795476141406646,8.671776503809632,0.0,8.873288842181427,0.0,0.0,3.561667541648168,0.0,0.0,6.006093659733361
5.4071030849201165,9.357985293316775,0.0,0.0,0.0,0.0,0.0,0.0,0.0,0.0,2.5186823203272493,2.8490490138462383,2.982608389926839,0.0,0.0,2.2602298433834846,6.140566666165076,0.0,0.0,0.0,3.7220104428330387,8.723362295457763,0.0,9.379281067421514,0.0,0.0,5.528925422845344,0.0,0.0,7.156252862861331
4.56230626399385,7.49360203903835,0.0,0.0,0.0,0.0,0.0,0.0,0.0,0.0,2.7480945493855833,3.077766661980138,4.289775811453001,0.0,0.0,3.4225988629425523,4.869545830184519,0.0,0.0,0.0,2.500148229305415,9.306448286984306,0.0,8.242290200090507,0.0,0.0,5.973836213006283,0.0,0.0,6.706043521623261
5.584305882780245,10.843405825433019,0.0,0.0,0.0,0.0,0.0,0.0,0.0,0.0,5.324458766711311,1.907691095568046,5.649729395426895,0.0,0.0,3.464061420316655,3.288558041783544,0.0,0.0,0.0,5.663964272640426,8.41336849056565,0.0,7.777267911300588,0.0,0.0,-0.15678504930786263,0.0,0.0,3.1777567422275523
5.728426067845767,10.385329720927471,0.0,0.0,0.0,0.0,0.0,0.0,0.0,0.0,0.9148177146806447,0.5352345102980114,5.195069381813177,0.0,0.0,3.352061577297716,5.958312731727118,0.0,0.0,0.0,2.667116536141985,5.776449465357011,0.0,9.05076714052239,0.0,0.0,2.336644954003964,0.0,0.0,7.488935850998004
3.2125990036726235,7.375030641383876,0.0,0.0,0.0,0.0,0.0,0.0,0.0,0.0,1.3640896192117025,2.8988582535141205,5.561278094348361,0.0,0.0,3.7028075926486204,6.779283606656401,0.0,0.0,0.0,2.721164224401213,7.680336248120847,0.0,8.753478680971984,0.0,0.0,5.4776412052232715,0.0,0.0,3.2125990036726235
4.031812372112681,8.699354279516788,0.0,0.0,0.0,0.0,0.0,0.0,0.0,0.0,3.87885124079115,1.6751879816007755,1.6751879816007755,0.0,0.0,3.3671447337587477,3.597255729618274,0.0,0.0,0.0,3.32051202404462,5.162492079651053,0.0,7.711610874085869,0.0,0.0,5.107422705615392,0.0,0.0,7.59620492227726
5.162377871769247,8.7440061268998,0.0,0.0,0.0,0.0,0.0,0.0,0.0,0.0,2.024881498106002,2.290641236518826,4.249890589568574,0.0,0.0,4.4823478124797065,3.9750834032217557,0.0,0.0,0.0,4.971145917471805,5.792488313588657,0.0,7.526152701518624,0.0,0.0,5.677439182277551,0.0,0.0,7.427086981408033
4.066504484865383,11.527254273907875,0.0,0.0,0.0,0.0,0.0,0.0,0.0,0.0,4.312894161670584,2.7419623111569047,3.373907977174927,0.0,0.0,2.9043634998042736,5.200090034989673,0.0,0.0,0.0,4.178776516016649,7.482324067147598,0.0,8.450318920625474,0.0,0.0,3.056619858968162,0.0,0.0,7.063662541106638
6.196599901769956,8.546397065549817,0.0,0.0,0.0,0.0,0.0,0.0,0.0,0.0,3.5494453758832307,2.1828409073559145,4.015946162558759,0.0,0.0,3.4168383093954104,3.6161091895931987,0.0,0.0,0.0,3.7802163081054174,9.174088691517314,0.0,7.06021623395743,0.0,0.0,4.640153933184011,0.0,0.0,6.5053236535563554
5.734782981934272,8.82209164966912,0.0,0.0,0.0,0.0,0.0,0.0,0.0,0.0,3.181292172025969,2.9825070173266743,5.048316476983972,0.0,0.0,2.4857626061496827,5.597573463112085,0.0,0.0,0.0,5.142071943290541,9.005099717708914,0.0,7.487772449934998,0.0,0.0,3.755161889758121,0.0,0.0,6.830065318547022
1.9839421120237402,8.877260710871287,0.0,0.0,0.0,0.0,0.0,0.0,0.0,0.0,3.9134788208161355,2.4399022098884164,1.9839421120237402,0.0,0.0,4.054855222411472,5.761114517198694,0.0,0.0,0.0,3.8319501728321663,9.584722603655024,0.0,8.108078648176368,0.0,0.0,4.985872477613033,0.0,0.0,6.764054404458157
2.2530517248127917,9.164545053812091,0.0,0.0,0.0,0.0,0.0,0.0,0.0,0.0,3.996968311310148,4.634648240495023,4.813240323726631,0.0,0.0,2.5353422767354608,0.15836250548388464,0.0,0.0,0.0,3.977550115285582,6.996879097895563,0.0,8.078305710293119,0.0,0.0,2.2530517248127917,0.0,0.0,6.44887969344376
3.1196998612033626,9.988943367842507,0.0,0.0,0.0,0.0,0.0,0.0,0.0,0.0,4.644099355401986,1.5213291751947358,4.754177262364741,0.0,0.0,3.292891356797257,4.360084697844304,0.0,0.0,0.0,4.955751544617088,7.998983823257166,0.0,9.806554751333453,0.0,0.0,4.196143396199278,0.0,0.0,6.550861676469182
5.097577861317818,9.049566408044297,0.0,0.0,0.0,0.0,0.0,0.0,0.0,0.0,0.8434882053179624,4.859033318187267,4.453762668423629,0.0,0.0,3.2357126221552517,4.686946721400707,0.0,0.0,0.0,3.83787754178808,7.796204394605816,0.0,7.911040064293603,0.0,0.0,4.964780936997732,0.0,0.0,8.135566824963421
8.880908800645734,8.597087688835902,0.0,0.0,0.0,0.0,0.0,0.0,0.0,0.0,3.8883339085082387,2.1673905544498435,3.019437734710406,0.0,0.0,3.771654754045506,1.7554541271920718,0.0,0.0,0.0,2.6644857150522907,6.319171179660394,0.0,8.65033124663827,0.0,0.0,3.336645394782839,0.0,0.0,6.335091685091669
1.1826804651786889,8.037660257336173,0.0,0.0,0.0,0.0,0.0,0.0,0.0,0.0,1.8804093559319246,3.2884871850600486,3.064007314369224,0.0,0.0,2.7444544532848667,1.1826804651786889,0.0,0.0,0.0,4.399553110131151,8.872317320746545,0.0,8.564551385396062,0.0,0.0,6.629824522542529,0.0,0.0,7.17417856367094
3.770485268523739,0.8610319500815933,0.0,0.0,0.0,0.0,0.0,0.0,0.0,0.0,2.4894904913504825,0.38010875568376523,4.751223363986358,0.0,0.0,3.6058230749603277,4.438030621039597,0.0,0.0,0.0,4.688852019246531,3.6058230749603277,0.0,8.082243549997449,0.0,0.0,4.907269354495075,0.0,0.0,3.770485268523739
6.7891203651596355,5.061147824123994,0.0,0.0,0.0,0.0,0.0,0.0,0.0,0.0,2.2540064523268093,2.4857243060093213,1.5047023932992878,0.0,0.0,2.0701739038774942,4.254051344509583,0.0,0.0,0.0,3.486274679443066,5.313657490857988,0.0,1.5047023932992878,0.0,0.0,3.771972101201573,0.0,0.0,5.061147824123994
7.0529146917257375,6.283981902559328,0.0,0.0,0.0,0.0,0.0,0.0,0.0,0.0,2.1047908764875194,1.9965072312269663,3.6101865057786924,0.0,0.0,1.7201423726259488,5.342006100573702,0.0,0.0,0.0,3.894560436589512,6.237250222676429,0.0,9.801104005896674,0.0,0.0,4.306004566299407,0.0,0.0,6.081717994110632
4.9429691446438895,8.918902736495468,0.0,0.0,0.0,0.0,0.0,0.0,0.0,0.0,3.500243374846763,1.692947507816583,3.966862194726836,0.0,0.0,2.67993322979077,4.2041738882497,0.0,0.0,0.0,4.237182109299644,8.06227132351328,0.0,9.128840660633637,0.0,0.0,4.291943756667402,0.0,0.0,8.766245719371234
6.056671539288488,8.77391059966128,0.0,0.0,0.0,0.0,0.0,0.0,0.0,0.0,2.9220521851988,4.090612118306709,0.6610771593486211,0.0,0.0,3.420369190015989,5.685835148498341,0.0,0.0,0.0,0.6610771593486211,6.786990014788787,0.0,8.707746591081099,0.0,0.0,4.895879393852239,0.0,0.0,6.312178397537701
5.336151901205883,2.484840141336115,0.0,0.0,0.0,0.0,0.0,0.0,0.0,0.0,0.23243269906519615,2.484840141336115,2.754154827197658,0.0,0.0,1.963366484620049,6.250821357687129,0.0,0.0,0.0,-0.04696967068494362,8.927779489527186,0.0,8.400845204683312,0.0,0.0,4.46624473606872,0.0,0.0,8.633656898344224
7.607158218610769,7.796487995757686,0.0,0.0,0.0,0.0,0.0,0.0,0.0,0.0,3.0731133702810007,1.4518146242931964,2.2278303485703175,0.0,0.0,3.2678760565826126,4.409235586655683,0.0,0.0,0.0,3.821775236779474,3.0731133702810007,0.0,7.002398539272498,0.0,0.0,2.900207415470444,0.0,0.0,1.4518146242931964
5.8924293549282165,9.740162461467722,0.0,0.0,0.0,0.0,0.0,0.0,0.0,0.0,3.606095953921443,2.2861065006257433,9.452135727869338,0.0,0.0,2.247540699952535,4.61280687482194,0.0,0.0,0.0,4.1717918473273885,5.349940835392416,0.0,8.537374184320036,0.0,0.0,3.7639425641759847,0.0,0.0,7.6214980113846025
5.8893475396869395,8.324927722713271,0.0,0.0,0.0,0.0,0.0,0.0,0.0,0.0,4.145697837177257,3.085125656585995,4.693806896732578,0.0,0.0,2.7003427371135054,5.308098466133494,0.0,0.0,0.0,3.9785254483631376,6.538957409737846,0.0,9.017322357246707,0.0,0.0,5.580268791322176,0.0,0.0,5.94400169439085
0.9839072727062795,9.57211723201572,0.0,0.0,0.0,0.0,0.0,0.0,0.0,0.0,0.9839072727062795,2.4025564895448275,3.7893693433360287,0.0,0.0,2.7043704848043264,4.832832609508881,0.0,0.0,0.0,2.055233280623919,8.036226421829971,0.0,2.933725165862967,0.0,0.0,6.049004023520139,0.0,0.0,7.331981826284854
7.46151118511518,10.16048155661323,0.0,0.0,0.0,0.0,0.0,0.0,0.0,0.0,1.6416792180760882,2.5847129671143287,5.052611525558169,0.0,0.0,4.212878902325606,3.530480922071496,0.0,0.0,0.0,3.632742779855072,9.761825148617275,0.0,6.8764662682653395,0.0,0.0,5.5473589297308585,0.0,0.0,2.1340176744261408
5.83066433156476,5.009342141023563,0.0,0.0,0.0,0.0,0.0,0.0,0.0,0.0,1.0395305670699075,2.9155339600630206,6.059235482075705,0.0,0.0,3.1262098974578265,4.3313503439540435,0.0,0.0,0.0,3.6051144277787817,7.940917191449907,0.0,7.502986252609709,0.0,0.0,6.180118170445889,0.0,0.0,4.741555615293592
5.040659702287465,7.102477244329649,0.0,0.0,0.0,0.0,0.0,0.0,0.0,0.0,2.9183894530480186,2.846412287705325,1.638775904358039,0.0,0.0,1.638775904358039,4.142245113204913,0.0,0.0,0.0,5.121875527759695,7.842387390810052,0.0,1.7149318040371155,0.0,0.0,1.7149318040371155,0.0,0.0,7.0158371537814235
5.177971357994701,11.173148055647836,0.0,0.0,0.0,0.0,0.0,0.0,0.0,0.0,4.200636366375084,4.092645417300608,2.4350929028198394,0.0,0.0,2.3201796137484023,2.248377925954371,0.0,0.0,0.0,3.7565307004297837,5.778440881684606,0.0,2.248377925954371,0.0,0.0,3.713379142603654,0.0,0.0,5.6719874102310195
6.108225967463068,8.119316848588909,0.0,0.0,0.0,0.0,0.0,0.0,0.0,0.0,2.6978143003861232,1.4966269785854351,4.463945404327613,0.0,0.0,2.0957986899061183,5.063742598630818,0.0,0.0,0.0,0.5013446516853773,6.485962007128224,0.0,8.333491942183489,0.0,0.0,3.161040154341301,0.0,0.0,7.419673063059069
5.00467252022731,8.548445114914973,0.0,0.0,0.0,0.0,0.0,0.0,0.0,0.0,3.399030914438765,2.306596802699499,2.88483514921347,0.0,0.0,2.9144973311508524,3.4781527612541008,0.0,0.0,0.0,4.062014874075668,6.824848248208942,0.0,2.2593240579220955,0.0,0.0,5.255389987185286,0.0,0.0,6.589573218928587
8.751419819516359,1.4572080714229685,0.0,0.0,0.0,0.0,0.0,0.0,0.0,0.0,1.7158621515265655,1.8942725457900669,4.324823833546694,0.0,0.0,1.7747144700680189,4.680910424601521,0.0,0.0,0.0,1.8908980812786396,6.484129751146465,0.0,7.80771949138921,0.0,0.0,1.7158621515265655,0.0,0.0,6.886310139940743
1.3011769519308332,8.902720882192133,0.0,0.0,0.0,0.0,0.0,0.0,0.0,0.0,2.019759896982444,1.3011769519308332,2.9482880040951023,0.0,0.0,3.2992940413125504,6.700550812284067,0.0,0.0,0.0,-0.13345865786473665,6.706856237773994,0.0,7.90138637118882,0.0,0.0,2.9482880040951023,0.0,0.0,0.7002604837890134
6.56274971838344,10.318024009373273,0.0,0.0,0.0,0.0,0.0,0.0,0.0,0.0,2.5611149679774576,2.5303669596114835,4.61576358089834,0.0,0.0,3.220022491412982,4.173133893388406,0.0,0.0,0.0,2.056115992111387,7.378683523768095,0.0,9.746688000411442,0.0,0.0,4.963542856722072,0.0,0.0,7.915939467191327
7.606556554375489,7.6037382995325915,0.0,0.0,0.0,0.0,0.0,0.0,0.0,0.0,1.0968184320615708,2.8316298712895698,4.435707855368895,0.0,0.0,2.9746483926288056,5.899842461139975,0.0,0.0,0.0,3.2920815843422435,9.394394811161149,0.0,10.109723977232807,0.0,0.0,4.97608298117239,0.0,0.0,6.971835553792331
5.452487609925187,9.446114517281869,0.0,0.0,0.0,0.0,0.0,0.0,0.0,0.0,4.982955757827337,3.5312071511691827,4.852267605311974,0.0,0.0,2.5991436231866896,6.05574445400349,0.0,0.0,0.0,4.737508366944047,7.023576566654493,0.0,9.285377838707134,0.0,0.0,-0.18352243214134534,0.0,0.0,7.312499839265882
4.900852339870795,8.13331800740841,0.0,0.0,0.0,0.0,0.0,0.0,0.0,0.0,4.279325406228114,3.3027551916731395,4.38504145904086,0.0,0.0,3.938881294357157,2.490333510676407,0.0,0.0,0.0,3.459704558126039,2.490333510676407,0.0,7.899477546635621,0.0,0.0,2.8885327353118875,0.0,0.0,6.933670218000747
5.770382615674687,9.410282082856005,0.0,0.0,0.0,0.0,0.0,0.0,0.0,0.0,2.1568422084031096,2.36287989339402,2.992270979275527,0.0,0.0,5.410438561802783,3.2340730193570932,0.0,0.0,0.0,4.737737033494085,6.534491620909968,0.0,7.6467225443095606,0.0,0.0,6.352400946997092,0.0,0.0,7.090642181871641
1.8339456407084287,9.367532991963525,0.0,0.0,0.0,0.0,0.0,0.0,0.0,0.0,1.8339456407084287,1.6850436656604155,4.570764689409772,0.0,0.0,4.104301769551471,3.134664448094003,0.0,0.0,0.0,2.17864817169422,6.742106460021593,0.0,8.945418959383742,0.0,0.0,10.404700121025652,0.0,0.0,7.24167679037551
6.499668761494024,7.981758512094316,0.0,0.0,0.0,0.0,0.0,0.0,0.0,0.0,3.7318700908453737,2.2679184165997395,4.049880750383859,0.0,0.0,4.147955183389823,6.825494687148822,0.0,0.0,0.0,0.6502659871311964,6.530376097377107,0.0,8.929621299832268,0.0,0.0,5.422428674842478,0.0,0.0,5.057861536131515
5.540766488666633,9.028630689387313,0.0,0.0,0.0,0.0,0.0,0.0,0.0,0.0,1.8241646496143145,1.2298120588492,4.096049040649525,0.0,0.0,2.328288581915046,5.456197543902696,0.0,0.0,0.0,5.868907892544411,7.30576615298288,0.0,9.307774534783123,0.0,0.0,4.940013694171547,0.0,0.0,1.8732649126107421
4.229197807229452,9.310480734389547,0.0,0.0,0.0,0.0,0.0,0.0,0.0,0.0,4.456330470217532,1.9127240323421724,3.6356124506563985,0.0,0.0,2.038993082240144,1.787517715377089,0.0,0.0,0.0,2.0696643089242768,9.702244619855385,0.0,7.126771394695844,0.0,0.0,5.957118436070322,0.0,0.0,5.962962934410565
4.811081161201363,7.764248416612219,0.0,0.0,0.0,0.0,0.0,0.0,0.0,0.0,1.409707723057215,2.6943884576128707,4.909955959790734,0.0,0.0,3.5806436650109124,4.91829555698633,0.0,0.0,0.0,2.8389734967244005,7.606946084152623,0.0,9.760910897314243,0.0,0.0,1.409707723057215,0.0,0.0,7.736434156692617
5.9746048535076675,9.186138067198435,0.0,0.0,0.0,0.0,0.0,0.0,0.0,0.0,3.516762905822092,3.197450108953006,3.429426214337127,0.0,0.0,5.779990576855184,4.825432483293443,0.0,0.0,0.0,3.2142531456840335,6.488975343336372,0.0,7.984869353558834,0.0,0.0,5.501628362659656,0.0,0.0,5.723103228680575
4.983522062697576,8.740688209869795,0.0,0.0,0.0,0.0,0.0,0.0,0.0,0.0,3.0772420673762206,2.3028361762482614,4.331906010049146,0.0,0.0,5.06398877583784,4.649948637077636,0.0,0.0,0.0,5.687448512675453,7.390446743390838,0.0,7.279112006815398,0.0,0.0,4.9890068455972445,0.0,0.0,8.982903717333198
6.4631750627228355,8.483024957480005,0.0,0.0,0.0,0.0,0.0,0.0,0.0,0.0,3.384044430501094,2.8481659860542603,4.14889611500268,0.0,0.0,3.2658484684158364,6.234196187876952,0.0,0.0,0.0,3.335442992813489,6.99731403706083,0.0,7.679631751570304,0.0,0.0,6.2942476383003845,0.0,0.0,5.225155488811266
5.709559651956824,7.510014209134124,0.0,0.0,0.0,0.0,0.0,0.0,0.0,0.0,1.1413840742454402,3.9907487667310546,2.091785797915,0.0,0.0,3.5563587417584475,5.354921697527407,0.0,0.0,0.0,4.863604344070852,6.7758998171192015,0.0,9.418971028303375,0.0,0.0,6.18625826572263,0.0,0.0,6.480396771902945
6.423745112188115,9.036351361158637,0.0,0.0,0.0,0.0,0.0,0.0,0.0,0.0,3.2335345720897166,3.6916341648474083,3.2246334351271364,0.0,0.0,3.8642766540778757,7.033913165221508,0.0,0.0,0.0,4.161626213830904,7.1060576290190145,0.0,3.8642766540778757,0.0,0.0,4.5304718238376065,0.0,0.0,3.9597908236841457
4.60783833729746,10.32908096837144,0.0,0.0,0.0,0.0,0.0,0.0,0.0,0.0,1.759833211247807,2.733423783969841,2.321372720605454,0.0,0.0,5.466914568316447,2.952663583214477,0.0,0.0,0.0,2.881012097650985,7.042353012517943,0.0,6.868659470518494,0.0,0.0,4.6326785415258165,0.0,0.0,6.511013020366539
5.99183726320449,9.279496760387461,0.0,0.0,0.0,0.0,0.0,0.0,0.0,0.0,2.1793151115463294,2.344332765034192,2.9899937979896904,0.0,0.0,2.96557420334124,3.98552168692477,0.0,0.0,0.0,6.248001069152238,6.4772155213415665,0.0,9.049416833085056,0.0,0.0,4.783221859742159,0.0,0.0,2.0017077219624513
5.6899484068080355,9.70505581317229,0.0,0.0,0.0,0.0,0.0,0.0,0.0,0.0,3.065122904330381,3.794651672464749,4.416105175175528,0.0,0.0,3.8135010899700927,5.065718260543393,0.0,0.0,0.0,4.17860131084933,6.939523880377056,0.0,7.550034997543665,0.0,0.0,0.3984757577963791,0.0,0.0,0.11026863863800329
4.632912917622299,7.675130356354983,0.0,0.0,0.0,0.0,0.0,0.0,0.0,0.0,4.725452524524213,3.575082805531207,2.226088727758711,0.0,0.0,4.109297577926739,4.598531193209145,0.0,0.0,0.0,3.536792798326436,7.151506444083203,0.0,8.533443825836654,0.0,0.0,0.2955472468418,0.0,0.0,7.342800056316658
5.071473298440803,9.52942402187625,0.0,0.0,0.0,0.0,0.0,0.0,0.0,0.0,4.119388654723934,3.294165861373434,6.396995780818408,0.0,0.0,2.4468860295446704,6.128219763264843,0.0,0.0,0.0,4.851768714326475,6.952516114833077,0.0,7.183622219217359,0.0,0.0,5.633351066009844,0.0,0.0,6.1511088257000335
4.32868880082802,1.7724613310506405,0.0,0.0,0.0,0.0,0.0,0.0,0.0,0.0,2.540192485493364,4.721510184012701,5.001231791925836,0.0,0.0,1.48591633465794,6.660690200208652,0.0,0.0,0.0,3.340024971849399,8.42641267817132,0.0,7.045646750199049,0.0,0.0,4.173457154772533,0.0,0.0,6.3269139259694
6.547773129894329,10.08688046554656,0.0,0.0,0.0,0.0,0.0,0.0,0.0,0.0,3.271308609693125,1.2622616859135527,3.6169904413003473,0.0,0.0,4.37394628588945,2.7799720661330074,0.0,0.0,0.0,2.2815805486041496,8.139809453531551,0.0,4.37394628588945,0.0,0.0,4.36576196696862,0.0,0.0,7.3520516600914085
4.241781695774149,1.8519689725838195,0.0,0.0,0.0,0.0,0.0,0.0,0.0,0.0,2.952131173857057,2.857641313180076,2.8588474597543563,0.0,0.0,0.8753094709045403,4.193616579003359,0.0,0.0,0.0,2.5946366874161333,8.306399053462012,0.0,5.356314391447538,0.0,0.0,5.698114694742699,0.0,0.0,7.826951162989387
5.80061488536052,10.063298817328235,0.0,0.0,0.0,0.0,0.0,0.0,0.0,0.0,4.115921304945669,4.410069975827108,3.1862314885571603,0.0,0.0,7.3608486181395785,5.73465597760458,0.0,0.0,0.0,3.167855578288175,7.389572402340947,0.0,3.1862314885571603,0.0,0.0,5.362715319162073,0.0,0.0,5.830379578191375
4.972513924113439,10.994822070520309,0.0,0.0,0.0,0.0,0.0,0.0,0.0,0.0,3.136917080504869,3.7266239740342364,3.03817335252713,0.0,0.0,3.972323787794081,5.0161776342734266,0.0,0.0,0.0,5.558513661890819,7.686558310779828,0.0,3.972323787794081,0.0,0.0,5.534791744271489,0.0,0.0,5.911953467157235
5.748517277975365,11.141350662420873,0.0,0.0,0.0,0.0,0.0,0.0,0.0,0.0,3.0951128346041905,2.6771447784671345,3.5245063940187653,0.0,0.0,3.1955968770045184,6.421835147484963,0.0,0.0,0.0,3.1410527599410676,9.355226160406463,0.0,3.1955968770045184,0.0,0.0,4.512360158590909,0.0,0.0,6.689605075266515
4.992061210802055,9.003042785717422,0.0,0.0,0.0,0.0,0.0,0.0,0.0,0.0,3.642465924957811,1.7779268531419514,4.202295864342379,0.0,0.0,5.646213379242842,4.955067185154403,0.0,0.0,0.0,4.6884328046769035,6.287822354239985,0.0,2.2828181206532663,0.0,0.0,2.2828181206532663,0.0,0.0,5.489277616846133
6.497992394198833,8.463476193146493,0.0,0.0,0.0,0.0,0.0,0.0,0.0,0.0,3.1375557331677686,2.921566322933815,4.40920043685764,0.0,0.0,2.412807274795833,4.338998378369947,0.0,0.0,0.0,4.113256613386951,7.53344981581751,0.0,2.412807274795833,0.0,0.0,2.6959295786539097,0.0,0.0,7.098783077402997
4.494576057470559,4.36059680591785,0.0,0.0,0.0,0.0,0.0,0.0,0.0,0.0,4.36059680591785,3.45171582087542,5.660171293516363,0.0,0.0,2.692521062699029,4.666455418522002,0.0,0.0,0.0,4.488278135797306,9.630688092012536,0.0,2.692521062699029,0.0,0.0,4.677562235663652,0.0,0.0,0.5712823591201557
5.782946973715348,7.791490551935748,0.0,0.0,0.0,0.0,0.0,0.0,0.0,0.0,1.589626698849667,1.589626698849667,5.279283100079533,0.0,0.0,1.514480566385445,2.705142888659798,0.0,0.0,0.0,3.9918052819864993,8.567927943223083,0.0,1.514480566385445,0.0,0.0,3.1646699995436234,0.0,0.0,2.705142888659798
6.299986417391569,3.8627972761609266,0.0,0.0,0.0,0.0,0.0,0.0,0.0,0.0,3.8627972761609266,2.2337562447511434,3.0805381201114432,0.0,0.0,0.8702155392228134,5.023637789194812,0.0,0.0,0.0,3.048582572887361,7.207705217069208,0.0,0.8702155392228134,0.0,0.0,5.41596186754525,0.0,0.0,4.970113347412964
5.978360764443298,3.889786226417219,0.0,0.0,0.0,0.0,0.0,0.0,0.0,0.0,3.889786226417219,0.45005794273619304,4.086141056308939,0.0,0.0,4.417930887096575,7.185250476426348,0.0,0.0,0.0,3.5653195885265223,5.545904662060685,0.0,0.45005794273619304,0.0,0.0,3.864379849065475,0.0,0.0,5.546122333623738
5.079150317556565,2.4253052934137105,0.0,0.0,0.0,0.0,0.0,0.0,0.0,0.0,2.4253052934137105,2.1488495800754186,3.732739007532044,0.0,0.0,4.071373465279257,4.51091885693288,0.0,0.0,0.0,3.5539178621662866,7.700652346129378,0.0,0.7055780485586389,0.0,0.0,4.234305076374465,0.0,0.0,5.974858559908877
7.041040993686399,1.5113545624614948,0.0,0.0,0.0,0.0,0.0,0.0,0.0,0.0,1.5113545624614948,3.823493172613829,3.4489981183157292,0.0,0.0,4.532364445714856,0.1239469219086633,0.0,0.0,0.0,3.710959201259123,6.095588727383856,0.0,1.2082838165459333,0.0,0.0,2.3946721288457913,0.0,0.0,7.06121043871034
1.4275339087636054,1.4770214606157939,0.0,0.0,0.0,0.0,0.0,0.0,0.0,0.0,1.4770214606157939,1.4275339087636054,4.694710688580108,0.0,0.0,3.671425610972954,2.759680671699314,0.0,0.0,0.0,5.277162815901912,7.729050578460462,0.0,1.8328046543981935,0.0,0.0,3.128665352498081,0.0,0.0,3.128665352498081
5.946089436858137,1.5949781298852728,0.0,0.0,0.0,0.0,0.0,0.0,0.0,0.0,1.4894254453992388,4.548990892219438,5.059143648014726,0.0,0.0,3.9483953627265045,5.653176938436783,0.0,0.0,0.0,1.5949781298852728,7.479251150053561,0.0,2.228027594731736,0.0,0.0,4.690226308134989,0.0,0.0,5.498042951551148
3.9742134639445617,0.9046912781312196,0.0,0.0,0.0,0.0,0.0,0.0,0.0,0.0,0.9046912781312196,3.6548130377378367,4.574641021043584,0.0,0.0,1.7213244018767966,5.168074565213107,0.0,0.0,0.0,1.5225931061341462,2.7518274734632904,0.0,2.7125493861046914,0.0,0.0,4.581040344086519,0.0,0.0,7.28095683245367
7.004734796964071,0.49376990868907744,0.0,0.0,0.0,0.0,0.0,0.0,0.0,0.0,0.49376990868907744,3.330202576587978,2.729720652332732,0.0,0.0,3.5588518320065723,3.398281726813984,0.0,0.0,0.0,4.7061143251550615,7.042355019876241,0.0,1.7417724760392344,0.0,0.0,1.7417724760392344,0.0,0.0,5.533128128886243
5.540710979037969,0.4399624872248373,0.0,0.0,0.0,0.0,0.0,0.0,0.0,0.0,2.626269978853131,2.213869265265013,4.370694731436283,0.0,0.0,0.4399624872248373,5.785171844579654,0.0,0.0,0.0,3.2302978770760347,7.089392383132328,0.0,3.064631320686144,0.0,0.0,4.309740413080256,0.0,0.0,8.142335514710819
5.222570014995011,0.8081881699306799,0.0,0.0,0.0,0.0,0.0,0.0,0.0,0.0,2.5381328787770965,4.8260022627232235,4.215513783040929,0.0,0.0,3.5109182094570044,5.059045847910398,0.0,0.0,0.0,5.040107802761311,8.142722684122678,0.0,3.5671177406270695,0.0,0.0,3.4195577683318454,0.0,0.0,5.843603187133391
4.429850007294173,1.2944824982016623,0.0,0.0,0.0,0.0,0.0,0.0,0.0,0.0,1.9822898035634462,1.5260630969507427,3.945777346451509,0.0,0.0,1.9822898035634462,5.27663355741946,0.0,0.0,0.0,3.5665392389467763,8.470095510592001,0.0,3.79467407230442,0.0,0.0,4.02158107531142,0.0,0.0,7.713421701539968
6.139603833060082,1.692972168669722,0.0,0.0,0.0,0.0,0.0,0.0,0.0,0.0,4.028018562594619,2.8684715259929305,4.981801579497694,0.0,0.0,2.386205389313815,5.327306290473709,0.0,0.0,0.0,4.071009236864992,1.682241926438047,0.0,4.104291085911094,0.0,0.0,4.006195104732804,0.0,0.0,1.8296421355841168
4.441411339540706,2.0064332779321115,0.0,0.0,0.0,0.0,0.0,0.0,0.0,0.0,3.973996185127192,2.1571917370328935,6.381872610659979,0.0,0.0,3.639532950873189,6.337467625702595,0.0,0.0,0.0,5.029414121202159,8.17639789190318,0.0,5.217457899419237,0.0,0.0,2.8334016615354365,0.0,0.0,7.728849929285502
3.7770223035195025,2.9520114070940404,0.0,0.0,0.0,0.0,0.0,0.0,0.0,0.0,3.559299869852013,3.095089771108884,5.580789460562201,0.0,0.0,3.4996849251457878,4.5120605640559095,0.0,0.0,0.0,4.712262019251178,8.599330131307635,0.0,4.92400370802161,0.0,0.0,3.220824492621072,0.0,0.0,5.451716021171911
4.8824379998245675,2.461728636167379,0.0,0.0,0.0,0.0,0.0,0.0,0.0,0.0,3.677856771535796,3.2264408062050807,4.185689983654519,0.0,0.0,3.6605897882920413,5.5392154743042665,0.0,0.0,0.0,4.71781604687898,8.352366424979662,0.0,6.001836449035122,0.0,0.0,4.3733632516112175,0.0,0.0,9.010027480522844
5.072303853061409,3.7854735800618546,0.0,0.0,0.0,0.0,0.0,0.0,0.0,0.0,2.5378804303052904,2.053547937392928,3.8584846230528234,0.0,0.0,1.6086570977894137,1.6086570977894137,0.0,0.0,0.0,3.7723544613544764,6.360674815032091,0.0,6.844022133408688,0.0,0.0,5.791461307049942,0.0,0.0,5.646208135014584
5.5457449453483285,4.224480097911873,0.0,0.0,0.0,0.0,0.0,0.0,0.0,0.0,1.8752695508388406,8.840348639247113,1.3268450657578594,0.0,0.0,4.4136869674025885,4.986578895821484,0.0,0.0,0.0,3.9961225698106015,8.215560744225439,0.0,8.049913509088853,0.0,0.0,4.9851153473083585,0.0,0.0,7.363643493492061
5.871911019025868,4.704867559661541,0.0,0.0,0.0,0.0,0.0,0.0,0.0,0.0,2.833983860907917,2.8810493735496023,5.751640399288995,0.0,0.0,3.378897100802585,1.264083990678626,0.0,0.0,0.0,6.8271080639643,8.181651128258496,0.0,7.496125528672053,0.0,0.0,4.190339085436934,0.0,0.0,8.869522953364061
3.7747105131676553,4.8555141547792635,0.0,0.0,0.0,0.0,0.0,0.0,0.0,0.0,2.200284955331208,4.220405649663277,4.9393179110196535,0.0,0.0,3.0124143017782017,3.0414793866623295,0.0,0.0,0.0,4.862651029912891,7.995519155756467,0.0,8.885115879576258,0.0,0.0,4.887859192741215,0.0,0.0,3.0414793866623295
4.959792581552148,6.208396003149876,0.0,0.0,0.0,0.0,0.0,0.0,0.0,0.0,2.05999884162678,1.7143030720222159,4.05731703239193,0.0,0.0,5.581696295543637,4.987026779572198,0.0,0.0,0.0,1.4096074463374548,3.91093584053038,0.0,6.619626108327634,0.0,0.0,5.622896847803481,0.0,0.0,3.91093584053038
6.2481754799035105,5.425032032023618,0.0,0.0,0.0,0.0,0.0,0.0,0.0,0.0,4.102481325137324,4.758907154647247,4.689356298691352,0.0,0.0,2.9857332409968005,4.889093863390973,0.0,0.0,0.0,3.6466415872098548,6.3299858381418055,0.0,6.462920651027911,0.0,0.0,5.277511214787384,0.0,0.0,6.181200254716796
2.101406361343953,6.524006972091988,0.0,0.0,0.0,0.0,0.0,0.0,0.0,0.0,3.5281970778084135,2.62918593522501,3.9917915555828594,0.0,0.0,2.101406361343953,4.018517717823935,0.0,0.0,0.0,3.663579017514803,7.990564878668912,0.0,9.170530106448101,0.0,0.0,2.595696013473823,0.0,0.0,5.57962766245082
4.357381289743078,2.901973595920662,0.0,0.0,0.0,0.0,0.0,0.0,0.0,0.0,2.901973595920662,3.2278239577446333,4.566465162184935,0.0,0.0,3.074262913909911,4.4818138632909665,0.0,0.0,0.0,2.0822793808377282,4.657840533113829,0.0,7.368196466156611,0.0,0.0,4.570999413380484,0.0,0.0,6.276949289387068
6.235559482251866,4.5588229597185554,0.0,0.0,0.0,0.0,0.0,0.0,0.0,0.0,2.7578037798150437,4.037302740803332,1.569272570044757,0.0,0.0,3.6128169334871463,5.080760383501732,0.0,0.0,0.0,3.475368112609198,5.723912155613609,0.0,8.186295934804262,0.0,0.0,1.569272570044757,0.0,0.0,0.09997316671642131
4.614789115844647,6.231068468744128,0.0,0.0,0.0,0.0,0.0,0.0,0.0,0.0,2.0426993351873057,3.685102135525065,3.823675159457181,0.0,0.0,2.241817052362957,5.231973223365532,0.0,0.0,0.0,3.8757517713708234,7.436070559317448,0.0,7.223524031533201,0.0,0.0,0.16416055992070033,0.0,0.0,2.0426993351873057
5.294555667546939,4.495326799281271,0.0,0.0,0.0,0.0,0.0,0.0,0.0,0.0,-0.24376959894943362,2.278118237471407,2.482225182036844,0.0,0.0,2.482225182036844,5.825454380312872,0.0,0.0,0.0,4.8243609672149494,7.696522418883517,0.0,8.916403059704912,0.0,0.0,5.497942401783479,0.0,0.0,6.018587255506506
5.362308617098902,5.9471391672145835,0.0,0.0,0.0,0.0,0.0,0.0,0.0,0.0,1.7452009152835386,3.969357065686382,3.529529468962222,0.0,0.0,3.4112838618749803,5.458172552495258,0.0,0.0,0.0,3.4807222688052204,7.877763462586743,0.0,8.670950472844545,0.0,0.0,4.756069413287355,0.0,0.0,7.258761565054073
6.587663922318702,8.53240404249511,0.0,0.0,0.0,0.0,0.0,0.0,0.0,0.0,3.5814588129282994,3.5353667859611937,2.501170727717035,0.0,0.0,3.751354361611947,3.936830084016805,0.0,0.0,0.0,4.726378255223351,6.889941391138173,0.0,7.70936035393853,0.0,0.0,5.6183566596681045,0.0,0.0,5.065909168328059
7.596460418613219,7.080659818311287,0.0,0.0,0.0,0.0,0.0,0.0,0.0,0.0,3.4898105215581103,4.086984058526256,2.823965004629977,0.0,0.0,3.0896305605373566,4.355783355460883,0.0,0.0,0.0,4.221229523277745,4.728816008190045,0.0,7.91977189181473,0.0,0.0,4.030655736020318,0.0,0.0,6.95291713370281
5.447497364633565,7.770402212278663,0.0,0.0,0.0,0.0,0.0,0.0,0.0,0.0,2.7154822644595518,1.2952691613705825,3.2327131167514107,0.0,0.0,4.156991852177392,6.656435818922512,0.0,0.0,0.0,4.454553827155101,1.2952691613705825,0.0,7.446366731150425,0.0,0.0,4.537862598520891,0.0,0.0,7.232727307680337
1.9051576224833986,2.828248348909193,0.0,0.0,0.0,0.0,0.0,0.0,0.0,0.0,4.527596436625979,2.304920743010079,4.191961741681007,0.0,0.0,4.27631300329829,7.422110085891381,0.0,0.0,0.0,3.5704525778308422,6.802944353087591,0.0,7.972969904076634,0.0,0.0,4.78873069704477,0.0,0.0,7.238557040460286
4.883841145035011,7.59759138459318,0.0,0.0,0.0,0.0,0.0,0.0,0.0,0.0,3.165161193621719,2.765106010470899,3.8186699572416223,0.0,0.0,2.731737680701355,4.259033177456622,0.0,0.0,0.0,4.927063627990562,8.922595991232903,0.0,7.805988848363834,0.0,0.0,2.765106010470899,0.0,0.0,8.29725674379569
2.153019053577591,8.791482961346858,0.0,0.0,0.0,0.0,0.0,0.0,0.0,0.0,3.9347803434066986,3.289882611786378,3.503090867118146,0.0,0.0,4.357093293954376,2.153019053577591,0.0,0.0,0.0,3.8846593691235802,6.904166868064688,0.0,6.6371996705968845,0.0,0.0,1.7305215256595368,0.0,0.0,1.5131563856921069
5.784055167157845,9.798930501230597,0.0,0.0,0.0,0.0,0.0,0.0,0.0,0.0,3.4364682111291236,2.3122855704358702,5.175059911739598,0.0,0.0,3.3318677376878476,4.119245019230405,0.0,0.0,0.0,3.361569145802749,7.342453239626259,0.0,7.150568604323706,0.0,0.0,4.397375472854902,0.0,0.0,7.310213435771726
6.18397493500886,8.361213008447141,0.0,0.0,0.0,0.0,0.0,0.0,0.0,0.0,2.98109295566743,3.431149416233884,4.613431117418365,0.0,0.0,4.7077132212751875,4.391680055494509,0.0,0.0,0.0,2.4630160634424705,7.857752411640877,0.0,7.2084707847120875,0.0,0.0,4.480608714003541,0.0,0.0,6.886489404329474
5.8625691055247025,3.4693484738544225,0.0,0.0,0.0,0.0,0.0,0.0,0.0,0.0,2.087796027315906,1.2017330243658497,6.038038280703471,0.0,0.0,4.74551147337179,2.988191128726845,0.0,0.0,0.0,4.277822841844418,6.962200178556879,0.0,9.875782307073552,0.0,0.0,4.868643228185426,0.0,0.0,3.4693484738544225
7.634838147220658,9.33675647719552,0.0,0.0,0.0,0.0,0.0,0.0,0.0,0.0,1.9676831903586667,3.1253112908711063,2.5561361840119283,0.0,0.0,3.6534212861199715,3.37797119635165,0.0,0.0,0.0,4.024596395339395,5.00330571445966,0.0,7.476456482137751,0.0,0.0,5.52375962175577,0.0,0.0,5.7491180608626475
5.434238734482723,8.819872886439336,0.0,0.0,0.0,0.0,0.0,0.0,0.0,0.0,2.615442361042637,3.6465065017992813,4.948121114567613,0.0,0.0,1.7076328303427448,6.000688182465228,0.0,0.0,0.0,4.174723124981959,1.7076328303427448,0.0,8.29561736102642,0.0,0.0,2.5931784313213426,0.0,0.0,6.577374356547956
6.034564477126315,9.053817916984181,0.0,0.0,0.0,0.0,0.0,0.0,0.0,0.0,2.7556412886945285,2.3540460316687852,2.1861748954268223,0.0,0.0,3.0491276435535046,7.561835598510092,0.0,0.0,0.0,2.9224302134751627,9.126463452305721,0.0,6.46437788886734,0.0,0.0,4.680206678179181,0.0,0.0,6.885777511097197
5.8121766412161815,7.873471794705847,0.0,0.0,0.0,0.0,0.0,0.0,0.0,0.0,2.8294788258943178,4.654282692460855,4.091853237554424,0.0,0.0,1.4142699107928953,5.312953903280821,0.0,0.0,0.0,2.9413060038591805,9.191807092888277,0.0,9.49764706486012,0.0,0.0,5.028108227682268,0.0,0.0,6.873740239489006
5.417463095629533,8.923144972127114,0.0,0.0,0.0,0.0,0.0,0.0,0.0,0.0,4.091518445228963,4.684756604807764,3.525892817638891,0.0,0.0,1.2933648540551117,5.721449623240689,0.0,0.0,0.0,4.525726016190885,8.253017986643536,0.0,4.525726016190885,0.0,0.0,3.5227445000411746,0.0,0.0,6.325068868115842
1.8460588931546522,6.8938693111127725,0.0,0.0,0.0,0.0,0.0,0.0,0.0,0.0,4.232342489998391,2.29329967032405,4.226083615659482,0.0,0.0,2.326116394985775,5.350690564481466,0.0,0.0,0.0,2.326116394985775,11.90894884421475,0.0,2.326116394985775,0.0,0.0,6.02228878685971,0.0,0.0,4.974810170120942
6.620961411445099,9.340018504033992,0.0,0.0,0.0,0.0,0.0,0.0,0.0,0.0,3.8698731779456255,2.210137824307494,5.330118177167524,0.0,0.0,3.651563457812272,5.8092465737958365,0.0,0.0,0.0,4.2069590190971855,6.874767882605361,0.0,5.251218797620349,0.0,0.0,5.771403934902408,0.0,0.0,6.0056592699148466
4.647030982246816,11.287506174897675,0.0,0.0,0.0,0.0,0.0,0.0,0.0,0.0,3.1827630719198807,4.739876753203134,2.6946668280556265,0.0,0.0,2.7667301725367013,4.6519799192642095,0.0,0.0,0.0,4.202691044620915,8.493061061049177,0.0,6.8820418694562635,0.0,0.0,6.004542591887187,0.0,0.0,8.791951096084548
5.5392420157673445,8.290615265574695,0.0,0.0,0.0,0.0,0.0,0.0,0.0,0.0,2.795630206096558,3.197836782581126,4.1823339658590895,0.0,0.0,3.0145236279489387,3.7078443069748532,0.0,0.0,0.0,5.960244971539136,7.984241382685652,0.0,7.544528984631362,0.0,0.0,5.0889365566818885,0.0,0.0,7.138928447265857
4.910237121580911,9.093802489918554,0.0,0.0,0.0,0.0,0.0,0.0,0.0,0.0,3.0961613418096863,3.701746144976301,1.5320255450800302,0.0,0.0,3.242149811929682,4.8862345503321425,0.0,0.0,0.0,3.7972308180889134,8.009075100651698,0.0,6.59086374638675,0.0,0.0,2.670613082242635,0.0,0.0,8.160979390776948
4.652009131284808,9.09557704115095,0.0,0.0,0.0,0.0,0.0,0.0,0.0,0.0,1.6823448480486638,4.05536955625076,3.596005556790596,0.0,0.0,0.06675054430992067,2.894926839153799,0.0,0.0,0.0,4.134114114655682,7.46085949290689,0.0,5.900532966265601,0.0,0.0,2.794218067787283,0.0,0.0,5.483808954286153
5.583822154140288,8.233116962729504,0.0,0.0,0.0,0.0,0.0,0.0,0.0,0.0,1.7768904642863437,3.457253991487511,3.5038711453474507,0.0,0.0,4.411687769296746,5.676085675514281,0.0,0.0,0.0,4.48935896159787,8.07349370996496,0.0,-0.013571288332927978,0.0,0.0,4.805311393320839,0.0,0.0,1.1533200336152447
6.942497136497469,9.205042023474316,0.0,0.0,0.0,0.0,0.0,0.0,0.0,0.0,2.625023868476056,3.133993498466483,6.15991586765191,0.0,0.0,5.291220907506833,6.63423110233017,0.0,0.0,0.0,5.352749990840946,9.674379358796369,0.0,8.9693429664762,0.0,0.0,3.9038147340287135,0.0,0.0,4.460125957298137
6.030983496146401,10.782062074278755,0.0,0.0,0.0,0.0,0.0,0.0,0.0,0.0,2.582553411814038,4.071212165929511,4.3300988347086955,0.0,0.0,2.10366559824728,4.979509878614986,0.0,0.0,0.0,4.704385593934719,7.286452561546273,0.0,6.975091479374638,0.0,0.0,1.7042702255997644,0.0,0.0,4.12810066438198
4.561339026945787,8.290019897270739,0.0,0.0,0.0,0.0,0.0,0.0,0.0,0.0,4.772146749898233,2.8254297334946905,5.333918071466107,0.0,0.0,1.8510191624878076,4.699464997823421,0.0,0.0,0.0,4.395028438137257,9.715626069775933,0.0,4.378700666634359,0.0,0.0,4.378700666634359,0.0,0.0,7.336332644862928
2.5940363250680916,7.895539327660654,0.0,0.0,0.0,0.0,0.0,0.0,0.0,0.0,3.229336014516881,3.378532535535298,4.579751956798705,0.0,0.0,4.2646274608779455,0.40963538430357394,0.0,0.0,0.0,5.478400512843719,1.7724700903057464,0.0,0.7061524121898026,0.0,0.0,5.6170060925204846,0.0,0.0,5.331212143009868
4.7017491675789405,9.956702198394552,0.0,0.0,0.0,0.0,0.0,0.0,0.0,0.0,3.6967454068162304,3.198860706220517,5.649555381970104,0.0,0.0,4.941169409391303,-0.4254279287277236,0.0,0.0,0.0,5.628281094571224,9.995607138508953,0.0,2.9278844963076507,0.0,0.0,2.9278844963076507,0.0,0.0,7.845333849068332
2.6711033132120816,10.595781493792735,0.0,0.0,0.0,0.0,0.0,0.0,0.0,0.0,3.477674151604171,4.4631725963019955,3.8193385408830753,0.0,0.0,3.3528100524406397,2.532141304081977,0.0,0.0,0.0,3.249174365083805,9.00802727950098,0.0,6.024635214421252,0.0,0.0,2.532141304081977,0.0,0.0,7.2844798923453595
6.715033318681352,9.328240644586957,0.0,0.0,0.0,0.0,0.0,0.0,0.0,0.0,3.499606345615543,4.705309222870121,4.975506799031696,0.0,0.0,4.140064907465891,5.685291530057956,0.0,0.0,0.0,1.7614340782991085,6.721546273309317,0.0,7.997085476302023,0.0,0.0,3.7896066026715975,0.0,0.0,5.829744317600639
4.186153988530276,7.789420011953704,0.0,0.0,0.0,0.0,0.0,0.0,0.0,0.0,3.0268029904088003,-0.052854865527357964,5.475519356187913,0.0,0.0,2.3118703121481823,5.038356282582044,0.0,0.0,0.0,5.672882086322852,7.779955291397104,0.0,6.955530460028177,0.0,0.0,2.4241289267673247,0.0,0.0,2.4241289267673247
5.875508958834105,7.1772230279063285,0.0,0.0,0.0,0.0,0.0,0.0,0.0,0.0,2.52364966041459,3.0062361904558936,0.8803915223200002,0.0,0.0,4.097270270120411,4.444827573451655,0.0,0.0,0.0,5.3788498114726515,8.49928082573113,0.0,3.6816675828866265,0.0,0.0,3.6816675828866265,0.0,0.0,6.254896515433527
5.72747259621069,7.467388957580642,0.0,0.0,0.0,0.0,0.0,0.0,0.0,0.0,3.3220706761434458,3.36168685570686,4.942977014177162,0.0,0.0,1.9865215693329044,5.19161817758183,0.0,0.0,0.0,2.989862346308921,7.353914327468764,0.0,6.097352199815087,0.0,0.0,3.447858799983054,0.0,0.0,5.467548281859013
4.060964812535,8.170267627775985,0.0,0.0,0.0,0.0,0.0,0.0,0.0,0.0,1.6784875288320356,-1.7117088785519743,3.5394681483716646,0.0,0.0,1.6792928289131346,3.6805576943128515,0.0,0.0,0.0,3.8503996350569545,6.030626155616657,0.0,5.496216792727395,0.0,0.0,-0.2227995779004055,0.0,0.0,7.748842382914537
7.346890305233062,7.626641561485736,0.0,0.0,0.0,0.0,0.0,0.0,0.0,0.0,1.9843328623862293,4.332785844650955,3.9280637625212673,0.0,0.0,3.8032355787365812,11.859215490183086,0.0,0.0,0.0,5.4848936269223785,7.6266220701297645,0.0,6.366611979180249,0.0,0.0,6.452297894572718,0.0,0.0,6.745860009157878
3.226072366249716,10.181244629501629,0.0,0.0,0.0,0.0,0.0,0.0,0.0,0.0,3.226072366249716,1.7357856526509827,3.993163428968143,0.0,0.0,1.4381799374208122,4.128714708100799,0.0,0.0,0.0,3.6001744333869894,7.757761823006432,0.0,8.038981985532635,0.0,0.0,1.6359081814776109,0.0,0.0,6.906868176666797
2.4587637063966894,1.6471167771348223,0.0,0.0,0.0,0.0,0.0,0.0,0.0,0.0,2.4587637063966894,3.536409645634849,4.769094296426402,0.0,0.0,4.288421744933998,5.356990301853812,0.0,0.0,0.0,4.985639456160332,7.652784421926504,0.0,9.28322967366312,0.0,0.0,1.6471167771348223,0.0,0.0,5.422399689324055
1.7854382238002016,5.239738020975405,0.0,0.0,0.0,0.0,0.0,0.0,0.0,0.0,4.485294980139349,3.111264776714297,3.9643314675282193,0.0,0.0,3.8016782996346787,3.902993853654275,0.0,0.0,0.0,5.239738020975405,7.170840008289806,0.0,7.470702264885446,0.0,0.0,4.002486835163527,0.0,0.0,8.253223397859884
1.869841085335508,7.846337997268253,0.0,0.0,0.0,0.0,0.0,0.0,0.0,0.0,1.869841085335508,2.1845571662489007,1.7659215283704224,0.0,0.0,1.7659215283704224,6.711941264464223,0.0,0.0,0.0,3.314231866628912,6.990553827218565,0.0,9.016937244592047,0.0,0.0,4.093724649720654,0.0,0.0,6.869848007530555
1.6187991456225974,8.114574864254417,0.0,0.0,0.0,0.0,0.0,0.0,0.0,0.0,1.6187991456225974,2.9442424904787154,2.754180018122393,0.0,0.0,4.541154968206361,3.8559941811418543,0.0,0.0,0.0,4.3021063904926695,7.314079749053565,0.0,9.029474542745374,0.0,0.0,3.9065842050876842,0.0,0.0,6.568136123381765
1.320406968560237,8.899986762474008,0.0,0.0,0.0,0.0,0.0,0.0,0.0,0.0,1.320406968560237,3.8103703797617525,2.7220109398503323,0.0,0.0,2.8502348348714426,6.047274740792684,0.0,0.0,0.0,3.692613470214579,2.7220109398503323,0.0,2.7220109398503323,0.0,0.0,3.0929789007708455,0.0,0.0,6.590294264634517
1.4206950736536839,9.921737853706324,0.0,0.0,0.0,0.0,0.0,0.0,0.0,0.0,2.424104253433268,1.3731797647277517,4.433871475913185,0.0,0.0,3.355699482450352,3.9932351124084238,0.0,0.0,0.0,4.5238245302013,7.704526883152608,0.0,6.17868283338661,0.0,0.0,5.416745183541145,0.0,0.0,6.316371798919212
1.7079740540451382,6.917930396707741,0.0,0.0,0.0,0.0,0.0,0.0,0.0,0.0,3.808157844182783,2.436656906740533,1.7079740540451382,0.0,0.0,3.0711144680220714,4.839843633283272,0.0,0.0,0.0,3.833332856865087,7.543024679802021,0.0,7.589478680518937,0.0,0.0,5.377201479386558,0.0,0.0,5.153951209179562
2.39776924127073,9.148428663645628,0.0,0.0,0.0,0.0,0.0,0.0,0.0,0.0,3.286580074431779,4.416950407932213,3.4563758974314016,0.0,0.0,1.379129623514892,5.679560459849404,0.0,0.0,0.0,4.110134939173019,7.204375216633395,0.0,7.311818424231672,0.0,0.0,5.96923384388083,0.0,0.0,7.356690044934525
3.045756301269716,9.853991954537712,0.0,0.0,0.0,0.0,0.0,0.0,0.0,0.0,2.515357442804104,4.751774444461075,4.1042478294807765,0.0,0.0,3.896314368549536,4.824756063946694,0.0,0.0,0.0,4.051126114604076,7.992433714128333,0.0,9.588341296402316,0.0,0.0,5.0169205907197005,0.0,0.0,5.827188364872554
2.5919172063686653,9.16685561762475,0.0,0.0,0.0,0.0,0.0,0.0,0.0,0.0,1.8900881272201335,3.1311864342331455,2.8187465731152743,0.0,0.0,3.554272909893297,5.081656986830057,0.0,0.0,0.0,5.381146391604598,7.5908346144953995,0.0,7.796150820017857,0.0,0.0,4.769439571875927,0.0,0.0,5.8154001658057926
2.8357235144548816,8.887610821050362,0.0,0.0,0.0,0.0,0.0,0.0,0.0,0.0,0.5943976749930109,3.031393488990609,5.017654687832771,0.0,0.0,5.428529115424167,6.008932336369853,0.0,0.0,0.0,4.261236016204747,6.467145290817593,0.0,8.50131676784301,0.0,0.0,4.508484749567871,0.0,0.0,7.3810590176694015
3.691701497631314,10.789317358191992,0.0,0.0,0.0,0.0,0.0,0.0,0.0,0.0,3.094770620042312,2.9642863101851336,2.82047973365404,0.0,0.0,3.873200729289963,1.6803228820916192,0.0,0.0,0.0,4.870940949382321,7.73041731061375,0.0,5.88452799270022,0.0,0.0,2.6609768092948514,0.0,0.0,7.810756959942568
2.9405082256091934,9.487691511866739,0.0,0.0,0.0,0.0,0.0,0.0,0.0,0.0,3.6634815977643482,3.788981310568545,2.5689607670347208,0.0,0.0,2.227754778307948,4.591323895576761,0.0,0.0,0.0,3.255512401706464,6.839378244448043,0.0,7.355306170812396,0.0,0.0,3.5296136526603936,0.0,0.0,6.95349738523749
4.1154775133206565,7.850922608851254,0.0,0.0,0.0,0.0,0.0,0.0,0.0,0.0,2.818862394908344,3.350448216971387,4.195610212244607,0.0,0.0,2.619654322345306,5.078010142556848,0.0,0.0,0.0,2.570586915635622,8.711909746949601,0.0,8.583137781378511,0.0,0.0,5.3611933671245575,0.0,0.0,6.696106318234301
3.4978222337406577,7.4889764192890445,0.0,0.0,0.0,0.0,0.0,0.0,0.0,0.0,3.696600238887195,2.2819270131754523,4.1027128956390255,0.0,0.0,3.6713135313214957,3.523312165408343,0.0,0.0,0.0,3.6728579251092106,7.686922368707578,0.0,9.115755698590666,0.0,0.0,4.325066720216294,0.0,0.0,7.479941319197163
4.408462351777829,9.37019343066532,0.0,0.0,0.0,0.0,0.0,0.0,0.0,0.0,2.6147112980142198,2.998826107456088,5.163537419330042,0.0,0.0,2.8889283506280763,4.414210812487993,0.0,0.0,0.0,2.7700706444440297,8.176881568804749,0.0,2.7700706444440297,0.0,0.0,5.131500420672485,0.0,0.0,8.21859201995426
4.895982297209068,9.124733395085808,0.0,0.0,0.0,0.0,0.0,0.0,0.0,0.0,1.5996788432710503,1.609399427844967,3.8336178184715854,0.0,0.0,1.609399427844967,1.5996788432710503,0.0,0.0,0.0,1.6756025026376733,7.453813624073144,0.0,8.792929552409431,0.0,0.0,1.6756025026376733,0.0,0.0,4.013611397904811
6.29559850976573,8.248883582305016,0.0,0.0,0.0,0.0,0.0,0.0,0.0,0.0,2.1713811123068862,2.97048147367525,5.406870868406532,0.0,0.0,3.548727008245786,5.014138420125951,0.0,0.0,0.0,2.43830480182599,7.0883653445689205,0.0,6.659602427741844,0.0,0.0,6.352732478580809,0.0,0.0,6.897568593336377
5.801827177181815,1.9188912016888646,0.0,0.0,0.0,0.0,0.0,0.0,0.0,0.0,2.059428680902423,3.7998777873322918,4.276413281196586,0.0,0.0,3.017150696300109,4.501430287142657,0.0,0.0,0.0,1.5025824315238345,8.677149464626607,0.0,9.16595445677356,0.0,0.0,4.760796786229325,0.0,0.0,0.3029033051860094
3.2590087632706344,1.4811592181450886,0.0,0.0,0.0,0.0,0.0,0.0,0.0,0.0,3.2373888059227403,3.787341947746473,3.5696058417566823,0.0,0.0,1.294718829919151,4.187753576776819,0.0,0.0,0.0,1.95247322408215,6.827662125006352,0.0,8.1370261161475,0.0,0.0,2.1039869392206296,0.0,0.0,6.062545551185943
0.8667696420180856,9.736625776977071,0.0,0.0,0.0,0.0,0.0,0.0,0.0,0.0,1.593698160215985,1.1010535181353376,2.693832892997368,0.0,0.0,3.6303896838966767,4.9200908433621064,0.0,0.0,0.0,1.5788625680821577,9.476230678537174,0.0,8.44590686134408,0.0,0.0,4.518207838194587,0.0,0.0,5.55775721866284
2.3780895304536322,10.418509486349096,0.0,0.0,0.0,0.0,0.0,0.0,0.0,0.0,2.4288343767586307,2.3073817857201773,3.7833611959813,0.0,0.0,5.299522762058648,3.6376524584761523,0.0,0.0,0.0,2.3780895304536322,6.180492053839807,0.0,7.86101187580692,0.0,0.0,5.4442815973468575,0.0,0.0,7.89839781538744
1.9658606532170884,10.258071406931672,0.0,0.0,0.0,0.0,0.0,0.0,0.0,0.0,5.511972139850993,1.0214927471810258,2.441791099415431,0.0,0.0,2.949930990161558,3.6631727310571587,0.0,0.0,0.0,2.441791099415431,3.6631727310571587,0.0,6.3844701865824325,0.0,0.0,5.336905438153043,0.0,0.0,4.847808733961591
5.279845962825048,10.565751105739999,0.0,0.0,0.0,0.0,0.0,0.0,0.0,0.0,0.01263552300769022,4.108603418710442,3.4543927248647437,0.0,0.0,3.178580194894978,3.0243691486624567,0.0,0.0,0.0,5.886559073539117,3.0243691486624567,0.0,6.77490234517048,0.0,0.0,5.730317520927713,0.0,0.0,5.841912274729578
5.058587527768105,7.222434861367065,0.0,0.0,0.0,0.0,0.0,0.0,0.0,0.0,1.2597583443896139,4.134723182684685,3.2623812084176462,0.0,0.0,4.295568523226957,4.203018216177559,0.0,0.0,0.0,1.5573864844116514,5.4812455802252185,0.0,7.466540122403284,0.0,0.0,5.794136544373163,0.0,0.0,5.343609816165741
5.803714803729026,8.387586695308585,0.0,0.0,0.0,0.0,0.0,0.0,0.0,0.0,3.7376600230389982,3.617434402259479,4.496070401294011,0.0,0.0,4.573682857666105,5.41647826217235,0.0,0.0,0.0,4.545682560133746,5.0538257923196,0.0,2.104080586171401,0.0,0.0,4.756185235366411,0.0,0.0,6.600024488259213
4.955927151867039,6.750346822388749,0.0,0.0,0.0,0.0,0.0,0.0,0.0,0.0,0.43402062400933317,3.0347696890912528,1.2886260836038024,0.0,0.0,4.58473746002043,5.5286497422381276,0.0,0.0,0.0,2.5552345654795694,5.959389103034192,0.0,5.602950471004876,0.0,0.0,5.123984841032117,0.0,0.0,5.184615648408321
5.270232761398777,7.698319770190752,0.0,0.0,0.0,0.0,0.0,0.0,0.0,0.0,2.1613293111612792,2.3783059432504334,4.278383413137579,0.0,0.0,3.05855113304659,6.049046438344369,0.0,0.0,0.0,2.4917170223779923,6.082969081963007,0.0,8.620525334243185,0.0,0.0,4.91004949250302,0.0,0.0,6.940325991148726
5.0374946136258245,10.302270504009787,0.0,0.0,0.0,0.0,0.0,0.0,0.0,0.0,4.160301142109879,2.712344919588712,5.14205869986906,0.0,0.0,3.0271204785384347,5.029498466692247,0.0,0.0,0.0,4.097128095172845,7.175941725120886,0.0,7.984715262595126,0.0,0.0,5.390624116274605,0.0,0.0,6.2251603170684655
7.308428973058155,9.443981932838511,0.0,0.0,0.0,0.0,0.0,0.0,0.0,0.0,3.30161542146299,3.6446962718545026,4.766818481929509,0.0,0.0,4.344597813695061,1.9719725749763053,0.0,0.0,0.0,1.9719725749763053,6.553214866586603,0.0,8.96990690760913,0.0,0.0,6.024421632312036,0.0,0.0,6.6903071019451055
6.815088178059319,11.374503786302753,0.0,0.0,0.0,0.0,0.0,0.0,0.0,0.0,2.4594607651380627,2.2955893354950776,3.040582692715899,0.0,0.0,2.02970053990761,2.880709742004752,0.0,0.0,0.0,3.1878220028217585,7.579253539639943,0.0,8.632796411293066,0.0,0.0,3.59964925369105,0.0,0.0,5.843228462251613
7.252705864706612,2.5904138733666278,0.0,0.0,0.0,0.0,0.0,0.0,0.0,0.0,3.563598606507385,2.3702169780183775,5.62810558822368,0.0,0.0,2.5904138733666278,3.982485150925891,0.0,0.0,0.0,4.365084340162646,6.771428856000226,0.0,7.946659018175606,0.0,0.0,1.8748623056318137,0.0,0.0,7.945076980861377
6.478316739246221,8.362337930351899,0.0,0.0,0.0,0.0,0.0,0.0,0.0,0.0,1.9664234773766605,3.3524652883586756,6.751130875241549,0.0,0.0,2.57775184639242,5.9420538059830745,0.0,0.0,0.0,4.651967208684579,8.98111655509482,0.0,7.041188944017942,0.0,0.0,4.497887605417959,0.0,0.0,6.20996987180467
6.018389001610096,10.471415941577169,0.0,0.0,0.0,0.0,0.0,0.0,0.0,0.0,4.456588034712276,2.740627674072898,4.417665180908044,0.0,0.0,4.039269332826936,3.9667321783805036,0.0,0.0,0.0,6.5000286251167,6.966111121385449,0.0,8.008597203424697,0.0,0.0,6.192631240277737,0.0,0.0,5.6896455162617805
5.296226304579893,10.118910755690129,0.0,0.0,0.0,0.0,0.0,0.0,0.0,0.0,4.909639145061278,1.555612920983934,5.822935769633106,0.0,0.0,1.3039461846729337,5.183253294130479,0.0,0.0,0.0,3.275932352011482,7.423279157953831,0.0,1.555612920983934,0.0,0.0,4.250697566842746,0.0,0.0,6.172998311386562
4.365167989129164,-0.4613480749122545,0.0,0.0,0.0,0.0,0.0,0.0,0.0,0.0,3.627376729254311,3.4358436399942938,3.0593686388328956,0.0,0.0,3.765110914948174,4.444635794142474,0.0,0.0,0.0,6.597630331287069,8.399240061476727,0.0,4.331786015334413,0.0,0.0,4.591728271202528,0.0,0.0,4.331786015334413
5.311582135356601,9.872113485610935,0.0,0.0,0.0,0.0,0.0,0.0,0.0,0.0,2.490330413110717,3.0468373424933723,5.577788200258879,0.0,0.0,3.3837698809296723,4.644409268412788,0.0,0.0,0.0,5.591317785369197,3.827790535805038,0.0,8.608135602274244,0.0,0.0,6.124697615495704,0.0,0.0,5.43543358367462
6.360133702497513,9.671136493969875,0.0,0.0,0.0,0.0,0.0,0.0,0.0,0.0,3.4722445174963577,0.5341470736161881,0.700682252231808,0.0,0.0,2.380659579028239,4.168944721509305,0.0,0.0,0.0,3.289822656898737,7.105015721487811,0.0,0.5341470736161881,0.0,0.0,2.380659579028239,0.0,0.0,7.0058782798970505
11.707081925980619,7.878411257823707,0.0,0.0,0.0,0.0,0.0,0.0,0.0,0.0,4.550715608962264,3.0755862900743502,3.2245004733908047,0.0,0.0,3.0486918305388016,1.7283779178495624,0.0,0.0,0.0,4.594931057608848,6.9282634383078365,0.0,9.149135408903064,0.0,0.0,1.7283779178495624,0.0,0.0,8.035521544163483
1.947928919247172,7.39421846401413,0.0,0.0,0.0,0.0,0.0,0.0,0.0,0.0,2.5469509677697832,1.9133958881449014,1.8097602913587032,0.0,0.0,3.00017602933791,5.03892388911007,0.0,0.0,0.0,-0.11547001238718135,8.15635548666501,0.0,7.714707675192498,0.0,0.0,3.0343086793931717,0.0,0.0,3.2785162670488934
2.5467127912068723,9.318404186471424,0.0,0.0,0.0,0.0,0.0,0.0,0.0,0.0,2.835357571951581,3.106108159056363,2.323567266453186,0.0,0.0,8.348220165022346,5.709147429679242,0.0,0.0,0.0,4.61659391535862,2.323567266453186,0.0,2.5467127912068723,0.0,0.0,-0.22007945995870726,0.0,0.0,6.626270380767657
4.990617219327571,7.812282951514543,0.0,0.0,0.0,0.0,0.0,0.0,0.0,0.0,0.32588970985808746,1.9488658315001983,4.883971346519997,0.0,0.0,4.940498293173616,5.096596461813913,0.0,0.0,0.0,4.185088862470679,5.653806038813606,0.0,4.940498293173616,0.0,0.0,4.434925415654285,0.0,0.0,4.893426739722212
5.70331403288819,-0.10629233329337562,0.0,0.0,0.0,0.0,0.0,0.0,0.0,0.0,4.1546861399674615,3.471571774521753,3.3412466235344924,0.0,0.0,2.833195472779659,6.08241674197315,0.0,0.0,0.0,3.9060691320082324,6.874958410896456,0.0,8.634335472415993,0.0,0.0,1.8773432376417125,0.0,0.0,7.362136188668569
5.821186842142782,7.655764120870684,0.0,0.0,0.0,0.0,0.0,0.0,0.0,0.0,3.0734100715224564,1.1859601360144376,4.532944872094487,0.0,0.0,3.812132256176061,5.852554552933233,0.0,0.0,0.0,0.522479355003092,9.028558683129418,0.0,3.812132256176061,0.0,0.0,3.4449218553219443,0.0,0.0,1.2632396781056374
5.147604542153139,10.109773130048316,0.0,0.0,0.0,0.0,0.0,0.0,0.0,0.0,2.7027075499259343,0.8490281582874604,5.118167585717016,0.0,0.0,3.3342088517295645,4.165695862532897,0.0,0.0,0.0,4.302744642507219,1.4110805768502883,0.0,3.3342088517295645,0.0,0.0,4.771068281497586,0.0,0.0,5.830957388602878
5.804930153910865,1.244048055461259,0.0,0.0,0.0,0.0,0.0,0.0,0.0,0.0,3.031487357038891,2.931121114164684,1.244048055461259,0.0,0.0,2.3170384374820063,4.9385341642965805,0.0,0.0,0.0,3.24356580409079,7.477827346450153,0.0,2.3170384374820063,0.0,0.0,4.816408238997452,0.0,0.0,7.769474816027531
5.734502720571285,9.91052621361133,0.0,0.0,0.0,0.0,0.0,0.0,0.0,0.0,3.143139858296124,3.292202788488745,4.397976624006791,0.0,0.0,3.05861775729392,3.582457464996801,0.0,0.0,0.0,5.693148995918095,3.05861775729392,0.0,3.541857914232506,0.0,0.0,2.6445290451502115,0.0,0.0,7.23922941415639
7.9931560279208265,2.2542691121232084,0.0,0.0,0.0,0.0,0.0,0.0,0.0,0.0,3.5793967917060545,3.7792833232123426,2.2542691121232084,0.0,0.0,2.1178648794551784,4.536437073165701,0.0,0.0,0.0,3.438455492812702,6.259640401192514,0.0,2.1178648794551784,0.0,0.0,4.818999353195702,0.0,0.0,5.759380783908867
5.067957045212703,10.50824054820189,0.0,0.0,0.0,0.0,0.0,0.0,0.0,0.0,0.9101670788568335,1.4779613295609852,2.585322205546268,0.0,0.0,1.5555327912367696,3.6423377319910033,0.0,0.0,0.0,4.401910833055703,5.24924903634792,0.0,1.5555327912367696,0.0,0.0,3.3251607139478794,0.0,0.0,7.470192242128115
5.559860750908216,2.4270195898789373,0.0,0.0,0.0,0.0,0.0,0.0,0.0,0.0,2.0682510133925014,2.1924366982238177,4.112128941157848,0.0,0.0,1.730995132014621,4.637729381665881,0.0,0.0,0.0,5.489674500691,7.5283768624073915,0.0,2.4270195898789373,0.0,0.0,2.1924366982238177,0.0,0.0,2.4270195898789373
5.775267671324224,9.037979129075756,0.0,0.0,0.0,0.0,0.0,0.0,0.0,0.0,0.9663509708151976,1.8217117260899616,3.1897580022163874,0.0,0.0,0.9919310690724701,2.033301463458234,0.0,0.0,0.0,3.1851515790085805,7.757108493071271,0.0,0.9919310690724701,0.0,0.0,2.6604755093448977,0.0,0.0,5.909810774404268
4.980548773003573,8.829434989582147,0.0,0.0,0.0,0.0,0.0,0.0,0.0,0.0,3.0032674057317883,3.8221612267715273,3.7681295523726286,0.0,0.0,3.0665436948985456,2.372040982372924,0.0,0.0,0.0,5.20949420332459,7.85056116289377,0.0,0.7953612146636428,0.0,0.0,4.397719819890527,0.0,0.0,5.703432897726134
5.556210660394107,2.27424677959079,0.0,0.0,0.0,0.0,0.0,0.0,0.0,0.0,3.5531192391640922,3.7599853400877414,4.46391330253874,0.0,0.0,3.296277926143519,4.597610118789513,0.0,0.0,0.0,3.8357680170539057,8.168400683614632,0.0,0.8710081356787391,0.0,0.0,3.3203020524550952,0.0,0.0,6.131646990394043
4.7480952396200395,11.053472821342126,0.0,0.0,0.0,0.0,0.0,0.0,0.0,0.0,3.1349248861370382,1.9417194866307956,1.9417194866307956,0.0,0.0,5.415698907327423,1.2932500187218983,0.0,0.0,0.0,3.969581150722912,6.930828175350889,0.0,4.513031247227991,0.0,0.0,5.2187366347215844,0.0,0.0,7.633196174007717
5.7335029284134285,8.172115342966338,0.0,0.0,0.0,0.0,0.0,0.0,0.0,0.0,2.5887461612573177,3.6525747177626227,3.544317907780011,0.0,0.0,4.863433108926121,6.424273933542647,0.0,0.0,0.0,4.480942114080091,8.90947912382597,0.0,2.135459631915082,0.0,0.0,4.769560496762315,0.0,0.0,6.802856858149634
7.204447412455066,8.735309482449766,0.0,0.0,0.0,0.0,0.0,0.0,0.0,0.0,3.258281870054301,3.579635589170935,3.328843926569294,0.0,0.0,2.5667960460513934,5.4436420002227175,0.0,0.0,0.0,1.1300535395837021,8.07561113084845,0.0,2.4841892166031143,0.0,0.0,1.1300535395837021,0.0,0.0,7.3833959686012465
4.067732426481477,9.417661648439283,0.0,0.0,0.0,0.0,0.0,0.0,0.0,0.0,3.650205580962348,2.5187665383998503,0.6700293052328319,0.0,0.0,1.5781007273506487,4.9293746601473165,0.0,0.0,0.0,4.913071088378583,2.3786424710895555,0.0,1.5781007273506487,0.0,0.0,5.856860214434429,0.0,0.0,6.384911548416653
6.274007847874611,10.082253096121226,0.0,0.0,0.0,0.0,0.0,0.0,0.0,0.0,3.1029607984220093,2.5567893203352265,3.9802398122542586,0.0,0.0,3.258443157896099,5.768310676759158,0.0,0.0,0.0,3.059466139006647,6.616179778173221,0.0,1.6262430439600541,0.0,0.0,4.704767590078653,0.0,0.0,8.262911470293542
7.401377598068413,8.980598256863638,0.0,0.0,0.0,0.0,0.0,0.0,0.0,0.0,2.797601953919912,2.612646894402914,6.076815308019314,0.0,0.0,3.4036706182079675,4.709679120779253,0.0,0.0,0.0,1.4963107634524124,1.4963107634524124,0.0,1.3614806420886856,0.0,0.0,3.9852462736557657,0.0,0.0,6.726450154884832
6.935687007523024,8.415764102266632,0.0,0.0,0.0,0.0,0.0,0.0,0.0,0.0,3.243479415015409,3.57871646911453,3.0553361229134546,0.0,0.0,3.3995488124794067,4.894768281185252,0.0,0.0,0.0,2.4623766010931774,8.84686659258273,0.0,1.985398928910976,0.0,0.0,5.612660369919566,0.0,0.0,-0.5085568974340604
5.257010536528944,7.702773213608431,0.0,0.0,0.0,0.0,0.0,0.0,0.0,0.0,2.47743293631186,2.6712003097146453,4.934612184235148,0.0,0.0,3.735873782573313,4.479400629477405,0.0,0.0,0.0,3.7821113193232265,6.965911001150362,0.0,2.9948078172623642,0.0,0.0,4.221803653040973,0.0,0.0,6.257571544580119
3.6350618087038162,7.212787231995277,0.0,0.0,0.0,0.0,0.0,0.0,0.0,0.0,3.653569100232544,4.85638204110385,3.177598019872627,0.0,0.0,3.4630097446967403,4.724826565833589,0.0,0.0,0.0,1.382577082760481,6.619951424563641,0.0,3.2405875266560495,0.0,0.0,4.29132990090599,0.0,0.0,6.303786607527931
6.817952181032416,9.367853758790902,0.0,0.0,0.0,0.0,0.0,0.0,0.0,0.0,2.1947069967121164,3.697452136257306,4.9785406772054674,0.0,0.0,4.089107037421774,2.3971720148270945,0.0,0.0,0.0,1.419295820015055,7.424532543161478,0.0,0.6531323695433962,0.0,0.0,4.059808521152319,0.0,0.0,7.245269152633017
4.330527491574813,9.151342812053407,0.0,0.0,0.0,0.0,0.0,0.0,0.0,0.0,3.9770377918720783,2.413101936579354,4.615788436168814,0.0,0.0,3.9874847239684033,4.984287915658883,0.0,0.0,0.0,5.788535885400915,8.437613122520922,0.0,4.822826271905684,0.0,0.0,4.009915291783808,0.0,0.0,1.0064370840963464
0.8514791112632016,9.757156243474904,0.0,0.0,0.0,0.0,0.0,0.0,0.0,0.0,2.8429998444286806,-0.10665289054911653,0.7594290684306259,0.0,0.0,1.5131797059791063,5.967740174294855,0.0,0.0,0.0,3.502039302588791,2.076498318498485,0.0,5.059210907364245,0.0,0.0,4.876712281414684,0.0,0.0,5.897535973814534
5.5902663374473,8.108853185427181,0.0,0.0,0.0,0.0,0.0,0.0,0.0,0.0,3.6338954968333113,0.8161908748079787,3.968477225071312,0.0,0.0,3.2036589892089817,4.205001396385141,0.0,0.0,0.0,4.914731175320943,5.520550358522076,0.0,5.181421090784149,0.0,0.0,4.080987846934793,0.0,0.0,7.519615760188443
5.108547071598987,11.194151959896894,0.0,0.0,0.0,0.0,0.0,0.0,0.0,0.0,1.938173744041274,3.1932850757986784,5.013687526896499,0.0,0.0,2.131195104574436,4.292392611252266,0.0,0.0,0.0,3.629445845014626,6.935390711816226,0.0,5.542607095101297,0.0,0.0,4.141694076378282,0.0,0.0,3.920495896709899
6.937196590637258,8.074373359024115,0.0,0.0,0.0,0.0,0.0,0.0,0.0,0.0,1.258725787630452,2.9572526727431314,2.0588191596984697,0.0,0.0,2.0588191596984697,4.353151510020231,0.0,0.0,0.0,4.827548973941133,6.642280822259427,0.0,6.209749324865327,0.0,0.0,1.5133550440645434,0.0,0.0,6.905322657081355
5.357125017544524,9.467460972399929,0.0,0.0,0.0,0.0,0.0,0.0,0.0,0.0,2.0741632114615807,3.8491625275517434,4.503709188936751,0.0,0.0,3.939011130809253,7.486793073784363,0.0,0.0,0.0,3.780223224733578,6.841945606931919,0.0,5.080865506931551,0.0,0.0,5.177496173543844,0.0,0.0,7.284203375543546
5.55076228431191,4.235216489610237,0.0,0.0,0.0,0.0,0.0,0.0,0.0,0.0,2.746285792464191,3.1545096308113556,3.388287075237321,0.0,0.0,3.037947003082659,2.7215162972902394,0.0,0.0,0.0,4.955510357467526,7.665179501977014,0.0,4.235216489610237,0.0,0.0,4.438236173011577,0.0,0.0,6.033686240592956
5.082605231122211,7.487116360349271,0.0,0.0,0.0,0.0,0.0,0.0,0.0,0.0,4.0979382268800135,2.4260664934939973,4.603933694950513,0.0,0.0,3.30913361219339,3.7790033129438085,0.0,0.0,0.0,5.032210123191747,5.268966886155299,0.0,3.7790033129438085,0.0,0.0,4.5676757459284865,0.0,0.0,6.327182041313497
6.063239514858479,6.7730893312847895,0.0,0.0,0.0,0.0,0.0,0.0,0.0,0.0,3.334323029015239,2.9828154329664196,4.573488441068598,0.0,0.0,5.356879085402608,2.6918620399705944,0.0,0.0,0.0,3.2829709315869158,7.277833320975054,0.0,2.6918620399705944,0.0,0.0,5.5702877193554565,0.0,0.0,7.467516523416985
6.514235422825761,9.641857059692143,0.0,0.0,0.0,0.0,0.0,0.0,0.0,0.0,3.671333517685495,2.78907340826587,3.3975048899976477,0.0,0.0,3.8593306158131435,4.70671716841405,0.0,0.0,0.0,4.25565797278369,7.678391390838978,0.0,4.337739018037785,0.0,0.0,5.106657838237601,0.0,0.0,7.707613314641426
3.4079491573493175,8.867277422910895,0.0,0.0,0.0,0.0,0.0,0.0,0.0,0.0,3.5178648201712974,5.0748963627401285,4.850223279164494,0.0,0.0,3.398757149284449,6.202459357438361,0.0,0.0,0.0,4.321308612731781,8.551664918740137,0.0,4.511621035300508,0.0,0.0,2.474258591570509,0.0,0.0,5.959755147190795
3.659647563973959,8.844490926442248,0.0,0.0,0.0,0.0,0.0,0.0,0.0,0.0,1.9839893039285017,3.778496706165846,3.2571614640277913,0.0,0.0,0.8605252345120513,6.031841856052135,0.0,0.0,0.0,3.161126718778043,7.091753426807046,0.0,5.814651372964565,0.0,0.0,5.034384936242307,0.0,0.0,3.2571614640277913
5.41153976936562,9.19181912907005,0.0,0.0,0.0,0.0,0.0,0.0,0.0,0.0,2.9672196184223956,1.6376167116819023,4.222330533547941,0.0,0.0,5.139974234016962,3.8985348024782547,0.0,0.0,0.0,2.794701102733134,7.049130656569005,0.0,5.977007851859947,0.0,0.0,1.6376167116819023,0.0,0.0,4.087726682666194
1.5875107505041182,8.717507629909916,0.0,0.0,0.0,0.0,0.0,0.0,0.0,0.0,3.2165761756603755,2.971052996934963,2.8162359835753343,0.0,0.0,2.075135547560915,6.3892865586859475,0.0,0.0,0.0,4.301865433632687,2.8162359835753343,0.0,5.22988518743125,0.0,0.0,2.7145792213706232,0.0,0.0,7.076349963242261
6.1313011376728035,7.202125209139048,0.0,0.0,0.0,0.0,0.0,0.0,0.0,0.0,2.9745285905343612,4.371401033010888,3.5372733968036587,0.0,0.0,3.4966006712195425,6.251892997240793,0.0,0.0,0.0,4.33291081741691,6.774853111378619,0.0,7.125146017120382,0.0,0.0,4.817823918250557,0.0,0.0,7.861090398557225
2.4830135472842474,10.166447395110737,0.0,0.0,0.0,0.0,0.0,0.0,0.0,0.0,1.8258410840596175,2.954358948299173,2.6086627305912553,0.0,0.0,2.6477664273467902,6.830817643723659,0.0,0.0,0.0,3.0633773967045403,6.812721316696607,0.0,8.11360438576215,0.0,0.0,4.710274103562756,0.0,0.0,6.9348274734514925
0.20138035021001033,8.819595278562321,0.0,0.0,0.0,0.0,0.0,0.0,0.0,0.0,3.730444175006526,4.570502093261807,7.987059717526509,0.0,0.0,4.487162140579706,4.54304350308073,0.0,0.0,0.0,2.68815559935662,6.961594874298276,0.0,3.6931687904683157,0.0,0.0,4.058483144940613,0.0,0.0,5.745228177453643
6.035826249898239,4.63628422608271,0.0,0.0,0.0,0.0,0.0,0.0,0.0,0.0,4.63628422608271,2.5655866409505874,3.9854076678691883,0.0,0.0,1.903621317004019,4.946374497730001,0.0,0.0,0.0,5.995466045618061,7.2852360038737825,0.0,3.9854076678691883,0.0,0.0,4.915984693599956,0.0,0.0,6.915255619047309
4.401120317446462,7.474179299123174,0.0,0.0,0.0,0.0,0.0,0.0,0.0,0.0,1.8764863380434087,4.355962173876231,2.094908521581383,0.0,0.0,4.114675690468141,3.5182386456703307,0.0,0.0,0.0,3.826580669990932,9.125277505375298,0.0,2.094908521581383,0.0,0.0,2.094908521581383,0.0,0.0,7.059303578272462
3.7562852226812935,8.220813540593644,0.0,0.0,0.0,0.0,0.0,0.0,0.0,0.0,1.8706998031035182,2.473429070534643,2.640709891907441,0.0,0.0,3.980428631046199,4.292206119045338,0.0,0.0,0.0,3.6694083833341895,7.500019235121277,0.0,2.640709891907441,0.0,0.0,5.0323802100153,0.0,0.0,7.445439042593515
3.486350638883277,8.556578210192667,0.0,0.0,0.0,0.0,0.0,0.0,0.0,0.0,3.1615574824080355,4.123261142575625,1.9064963250837619,0.0,0.0,1.9703186336898246,4.584652938367125,0.0,0.0,0.0,3.7553241737982725,8.656315596735617,0.0,1.9064963250837619,0.0,0.0,4.296918747942393,0.0,0.0,6.617018344638772
4.809296033781111,2.258818753371448,0.0,0.0,0.0,0.0,0.0,0.0,0.0,0.0,3.045635984277128,3.3769488115849304,1.3151162812853563,0.0,0.0,4.149926290094202,5.533917458503817,0.0,0.0,0.0,1.188835973490924,6.363352766193925,0.0,1.3151162812853563,0.0,0.0,2.258818753371448,0.0,0.0,7.759788970188552
5.359794756669554,9.164663013683507,0.0,0.0,0.0,0.0,0.0,0.0,0.0,0.0,2.3834065903431942,1.5234226746383424,4.0524013532352425,0.0,0.0,3.4546994321874314,5.111936439756423,0.0,0.0,0.0,5.822831815515026,8.833384921586099,0.0,1.4982778715688008,0.0,0.0,3.9890308753215415,0.0,0.0,6.571627300838423
5.379716731879785,8.614644913743202,0.0,0.0,0.0,0.0,0.0,0.0,0.0,0.0,4.377253546708512,3.6391235717390575,4.714686691493737,0.0,0.0,3.503501519861499,4.982145212038212,0.0,0.0,0.0,5.599744142405878,7.530543681723832,0.0,2.195175319485962,0.0,0.0,4.019852375955604,0.0,0.0,6.203838435200958
4.803999905469883,10.40163881836539,0.0,0.0,0.0,0.0,0.0,0.0,0.0,0.0,1.9530448284134718,1.227863176093142,5.114425803569155,0.0,0.0,4.286936154879898,5.3591036988108955,0.0,0.0,0.0,2.3436825811104756,6.035605940680348,0.0,2.6010138217921748,0.0,0.0,4.024500591835257,0.0,0.0,6.825667324558387
4.548635483223806,10.272621472268233,0.0,0.0,0.0,0.0,0.0,0.0,0.0,0.0,4.082769520946506,2.896604416186621,5.481237405199986,0.0,0.0,3.554412916039036,4.715834647236917,0.0,0.0,0.0,3.485815031699637,6.739791897453854,0.0,2.9153825331689003,0.0,0.0,4.434925172650932,0.0,0.0,5.847765767398336
1.651710128165079,10.278697346240325,0.0,0.0,0.0,0.0,0.0,0.0,0.0,0.0,3.570702802451746,1.6032169520401192,4.302968360342702,0.0,0.0,4.209292571744519,5.9793667723797075,0.0,0.0,0.0,3.6007541034976347,6.348993027767255,0.0,3.113802581787344,0.0,0.0,4.829993400825044,0.0,0.0,8.11055578048406
6.731567973094928,8.907557051348126,0.0,0.0,0.0,0.0,0.0,0.0,0.0,0.0,1.5733819472414163,4.524734661824989,5.0823370060689586,0.0,0.0,5.479804995164917,4.976832174133546,0.0,0.0,0.0,4.077020331772047,7.349451346011439,0.0,3.92067477118718,0.0,0.0,1.4256835679153284,0.0,0.0,6.887282017714757
5.800385557177459,10.077865982094094,0.0,0.0,0.0,0.0,0.0,0.0,0.0,0.0,2.453057489073611,3.2911409498298836,4.690313143819051,0.0,0.0,1.943544669934995,4.645219475774054,0.0,0.0,0.0,4.2845627319491975,6.785676889694192,0.0,1.7360181810098125,0.0,0.0,1.943544669934995,0.0,0.0,6.737307212894788
5.379515670345774,9.071210645283116,0.0,0.0,0.0,0.0,0.0,0.0,0.0,0.0,2.6549096331929682,3.7390381871214817,2.961466246301856,0.0,0.0,3.0250934165575822,7.0903568243602315,0.0,0.0,0.0,3.9702361324579023,6.567893399412598,0.0,3.724734458481007,0.0,0.0,2.3173961210890717,0.0,0.0,6.716863942905231
5.147456142052326,7.866344607654457,0.0,0.0,0.0,0.0,0.0,0.0,0.0,0.0,4.9687268178453525,4.343010687125385,4.44233883534344,0.0,0.0,1.7940433422372644,3.5825678063001796,0.0,0.0,0.0,4.365442926268871,7.898676957205316,0.0,4.513426883847543,0.0,0.0,-0.4179992034816713,0.0,0.0,4.949263707946464
6.110587155159755,9.457757820939383,0.0,0.0,0.0,0.0,0.0,0.0,0.0,0.0,1.6938195197549328,3.5327490624377784,3.6834062988283796,0.0,0.0,3.9008758677376063,2.259001608398356,0.0,0.0,0.0,2.6636989009160406,9.55370885161164,0.0,2.6636989009160406,0.0,0.0,3.868608010310344,0.0,0.0,7.620323135868138
4.460263955260117,8.502143919933921,0.0,0.0,0.0,0.0,0.0,0.0,0.0,0.0,1.5585517082767582,3.028081682959328,5.10376474017664,0.0,0.0,2.432865530887649,4.3810945851413985,0.0,0.0,0.0,2.787070877951711,7.172078808715096,0.0,4.0445639966295115,0.0,0.0,3.9739601611431596,0.0,0.0,7.600372741568585
-1.4642854470260958,10.204603095207595,0.0,0.0,0.0,0.0,0.0,0.0,0.0,0.0,3.16758160892477,1.9694551326508363,4.638373078109733,0.0,0.0,4.0403487945563406,4.471209034206098,0.0,0.0,0.0,4.300348790919543,7.427455802969657,0.0,4.595659282379811,0.0,0.0,2.9854237033422786,0.0,0.0,5.671700367575608
5.473225183739731,7.100334946540068,0.0,0.0,0.0,0.0,0.0,0.0,0.0,0.0,0.639852082771422,3.5930543434526427,3.6083587455795163,0.0,0.0,3.399413389061328,5.294643411615017,0.0,0.0,0.0,3.237127704501789,8.13784775655055,0.0,4.898834229915648,0.0,0.0,5.311441617187353,0.0,0.0,3.399413389061328
5.478298488313003,8.208054126210174,0.0,0.0,0.0,0.0,0.0,0.0,0.0,0.0,3.3983742106021806,3.2335685623382555,3.823901408021652,0.0,0.0,3.0800560588627004,4.850195302044896,0.0,0.0,0.0,4.161048349173997,7.634516120081029,0.0,6.258401393571071,0.0,0.0,4.57449046418001,0.0,0.0,6.653715399253294
4.014123876151073,8.40259440557528,0.0,0.0,0.0,0.0,0.0,0.0,0.0,0.0,2.8958266991742585,3.9083137651760667,4.628778875728331,0.0,0.0,3.7180896232125296,2.5584764818615167,0.0,0.0,0.0,2.8758132019725697,8.90927294560893,0.0,5.002131655443601,0.0,0.0,4.163818978617026,0.0,0.0,6.140444526561619
6.8245587112324895,9.146438704813546,0.0,0.0,0.0,0.0,0.0,0.0,0.0,0.0,3.6992953757572207,2.69106165879838,5.802160142638699,0.0,0.0,3.1265523276852507,1.096954649356829,0.0,0.0,0.0,3.6368689372957883,6.982938992232443,0.0,7.2154752987131925,0.0,0.0,4.60348636559832,0.0,0.0,6.0574393354250375
6.221246087375533,10.66417792014115,0.0,0.0,0.0,0.0,0.0,0.0,0.0,0.0,0.36409218370264784,5.598445254237034,4.213710388539312,0.0,0.0,2.7926363076526957,7.149522662040629,0.0,0.0,0.0,4.965964597547775,7.0739170432054905,0.0,7.434268771931763,0.0,0.0,3.2553479968608574,0.0,0.0,5.643774625731497
7.186490980678007,8.272503418127227,0.0,0.0,0.0,0.0,0.0,0.0,0.0,0.0,1.8812976617558923,3.7413895655581104,4.917127258015604,0.0,0.0,1.6584094272405538,5.539694541405962,0.0,0.0,0.0,4.299674899652026,8.14067954417852,0.0,6.746804849615696,0.0,0.0,6.320300151194306,0.0,0.0,6.307906670317995
4.364086981101165,10.195183879614685,0.0,0.0,0.0,0.0,0.0,0.0,0.0,0.0,3.497492302571065,4.007580704561081,4.248113631515888,0.0,0.0,3.3073051177940593,3.4901794629046305,0.0,0.0,0.0,4.740775518300444,7.104745967129528,0.0,8.469899487334896,0.0,0.0,3.337101955076366,0.0,0.0,3.3073051177940593
4.578237838504237,8.7111060729569,0.0,0.0,0.0,0.0,0.0,0.0,0.0,0.0,4.604474664100426,2.753023651923347,5.60868309093564,0.0,0.0,2.426543008069115,4.369540404909458,0.0,0.0,0.0,5.046970479560663,8.464681322612844,0.0,7.125719988547012,0.0,0.0,5.281110246931456,0.0,0.0,5.41009881301937
4.5557881945817496,8.367282529781038,0.0,0.0,0.0,0.0,0.0,0.0,0.0,0.0,3.321403103310493,4.049930857907349,5.363628655624911,0.0,0.0,2.9545543735863844,4.778352992517772,0.0,0.0,0.0,3.6854881866089735,7.090188239738823,0.0,1.2050713079856885,0.0,0.0,6.598994395198582,0.0,0.0,5.700452777850483
6.106988833561116,7.892709190985483,0.0,0.0,0.0,0.0,0.0,0.0,0.0,0.0,2.468653655584836,1.80223756524992,1.9658626701108317,0.0,0.0,3.5628924738859222,4.533638826267987,0.0,0.0,0.0,1.9658626701108317,4.179106245925006,0.0,9.256201466311751,0.0,0.0,4.241205019698956,0.0,0.0,4.656261175025074
3.5007207250115018,9.772002895419181,0.0,0.0,0.0,0.0,0.0,0.0,0.0,0.0,3.01639906507786,3.2443317185110776,4.397235663686682,0.0,0.0,1.8914012907160647,4.816071078660329,0.0,0.0,0.0,4.983860552587869,7.809482020173202,0.0,9.054610660084194,0.0,0.0,5.82553413156489,0.0,0.0,6.535469353716634
6.275190449915508,8.650051284727057,0.0,0.0,0.0,0.0,0.0,0.0,0.0,0.0,4.131469906530153,3.0114952091356715,2.797318752627656,0.0,0.0,2.77555624106963,6.684608604402425,0.0,0.0,0.0,3.5589779351893873,9.26541160216094,0.0,8.130820751126672,0.0,0.0,6.029044984666144,0.0,0.0,7.317698936364216
4.842273634371097,9.931523034477348,0.0,0.0,0.0,0.0,0.0,0.0,0.0,0.0,4.4400988832031345,3.004206184954723,3.4571599884101207,0.0,0.0,2.4392847387766583,4.7193964233816095,0.0,0.0,0.0,4.692057094232249,8.398169096209013,0.0,7.635088038045586,0.0,0.0,4.824350663814151,0.0,0.0,5.517496718194733
4.2792016000486015,1.600337272230199,0.0,0.0,0.0,0.0,0.0,0.0,0.0,0.0,1.1887886529543266,1.9200257251521564,3.2339887409035395,0.0,0.0,3.134985427898997,5.320480671919249,0.0,0.0,0.0,4.199790817499618,7.983305571743243,0.0,7.9078079485519055,0.0,0.0,4.310809297700877,0.0,0.0,6.74421348379978
3.960813846982476,10.047505373573381,0.0,0.0,0.0,0.0,0.0,0.0,0.0,0.0,3.521187545455088,3.3333218640136844,3.0530432944049375,0.0,0.0,3.422930264087555,3.7591704593296846,0.0,0.0,0.0,6.57701206174999,8.60036182329769,0.0,7.624501237290302,0.0,0.0,5.050527395865574,0.0,0.0,5.848124731604139
4.699189766486779,7.994046676670395,0.0,0.0,0.0,0.0,0.0,0.0,0.0,0.0,2.6927561914948956,2.4368218427011845,4.601748798305389,0.0,0.0,3.3999512939245276,6.964942270239407,0.0,0.0,0.0,3.5142811832244956,7.127189521632984,0.0,9.349895853873043,0.0,0.0,4.3975363850818985,0.0,0.0,6.154560409825619
6.127573291545304,7.998104316991313,0.0,0.0,0.0,0.0,0.0,0.0,0.0,0.0,2.39014718900797,2.5520214633641802,3.860669050580841,0.0,0.0,3.6891364030988942,5.036969020996359,0.0,0.0,0.0,4.446373456010193,3.6891364030988942,0.0,7.4623069522137815,0.0,0.0,4.2027171099790435,0.0,0.0,5.544515939168941
5.883985287611881,1.5746411362534505,0.0,0.0,0.0,0.0,0.0,0.0,0.0,0.0,3.280227913096175,2.6907627112387544,3.5255148568488144,0.0,0.0,4.389392361940661,4.921461082298711,0.0,0.0,0.0,2.055065358128341,6.2403949891430734,0.0,7.415819330382061,0.0,0.0,3.909859551453628,0.0,0.0,7.003979909909864
4.727053920092524,10.004804026196433,0.0,0.0,0.0,0.0,0.0,0.0,0.0,0.0,3.5649522617880733,4.207620497869924,4.65849011630839,0.0,0.0,4.179268729242087,5.893152387234976,0.0,0.0,0.0,4.024131601014322,7.018324867230837,0.0,7.54744093853271,0.0,0.0,4.152828338041502,0.0,0.0,7.839912556382714
4.717281679086342,7.916467126243196,0.0,0.0,0.0,0.0,0.0,0.0,0.0,0.0,4.190890114725255,1.7007610526652641,2.585642830388424,0.0,0.0,3.382577015867606,6.677185169417014,0.0,0.0,0.0,3.1217679412690007,7.961406770938685,0.0,8.540068955683392,0.0,0.0,3.522768271258821,0.0,0.0,1.7007610526652641
5.903615650715486,9.455124841429368,0.0,0.0,0.0,0.0,0.0,0.0,0.0,0.0,2.133045663061612,1.9558357359129843,-1.9101486057175994,0.0,0.0,3.111940972811297,3.983630317886326,0.0,0.0,0.0,4.71351524234971,6.941198176865606,0.0,7.817177109490996,0.0,0.0,4.982189391121587,0.0,0.0,0.9233014154278462
6.4005124677956236,6.423276733884872,0.0,0.0,0.0,0.0,0.0,0.0,0.0,0.0,2.2873735196445835,5.825578774851561,3.730978363667129,0.0,0.0,2.809098888537523,6.283943192039944,0.0,0.0,0.0,3.1271392956745623,6.517931412324392,0.0,8.623831316485628,0.0,0.0,5.496661000485568,0.0,0.0,6.8473170600673035
0.058586630120744165,8.1011063533647,0.0,0.0,0.0,0.0,0.0,0.0,0.0,0.0,2.8709748309507828,3.913372103791099,4.061482990762761,0.0,0.0,3.035295364238491,3.4413909376114344,0.0,0.0,0.0,5.733588728272523,7.46808391367994,0.0,6.122524734188731,0.0,0.0,5.881712279080355,0.0,0.0,7.5900022094839175
7.179758712775503,9.151706381356144,0.0,0.0,0.0,0.0,0.0,0.0,0.0,0.0,1.658323637820436,3.6360479040048648,4.497663120345277,0.0,0.0,4.950103653196031,5.078507843846523,0.0,0.0,0.0,4.614511046287759,7.070008243936217,0.0,8.962642641301027,0.0,0.0,4.983399515651712,0.0,0.0,6.853897641873275
4.469950893819533,8.96610893020547,0.0,0.0,0.0,0.0,0.0,0.0,0.0,0.0,0.9545192758843086,3.0634999775812117,5.662528172583986,0.0,0.0,1.2789519818595205,0.5689235232698411,0.0,0.0,0.0,3.2966083302933287,7.898199178416353,0.0,8.151967754873604,0.0,0.0,5.492974726284242,0.0,0.0,7.753415602824424
4.501406538726405,8.292161613791112,0.0,0.0,0.0,0.0,0.0,0.0,0.0,0.0,3.948495139389829,3.141968341182554,3.7947253748067045,0.0,0.0,3.9985307170928603,5.495225136254636,0.0,0.0,0.0,4.688192039828656,3.948495139389829,0.0,8.895009757904202,0.0,0.0,7.477246199230666,0.0,0.0,7.707158035316588
6.456300729689084,7.53000072730857,0.0,0.0,0.0,0.0,0.0,0.0,0.0,0.0,3.3436918579011023,2.726104788512526,3.3132668653570096,0.0,0.0,1.7867861379127603,4.534437366508711,0.0,0.0,0.0,4.2790270732165006,7.361682552249438,0.0,7.379084273785842,0.0,0.0,4.931761432402554,0.0,0.0,7.31400033059797
4.67680787204232,9.20151010363077,0.0,0.0,0.0,0.0,0.0,0.0,0.0,0.0,3.832613341650403,2.492694320473378,3.4900506353744793,0.0,0.0,2.229898130372591,5.451951814207842,0.0,0.0,0.0,3.9105997189697996,5.770942374108035,0.0,6.386391231783283,0.0,0.0,4.635899311022872,0.0,0.0,8.293443083660199
5.004517035425046,9.53399736641184,0.0,0.0,0.0,0.0,0.0,0.0,0.0,0.0,3.1051574779545854,1.7489507297356446,3.7650074272560845,0.0,0.0,3.0172909974421773,4.35616354595463,0.0,0.0,0.0,4.802172884153393,6.448675826029724,0.0,2.321457325644169,0.0,0.0,4.8654659815909955,0.0,0.0,1.2372125157634408
3.205248371911272,4.433973562523082,0.0,0.0,0.0,0.0,0.0,0.0,0.0,0.0,2.4539194473102444,1.9991050538228607,5.400383418739259,0.0,0.0,3.331778945254858,4.699995281104858,0.0,0.0,0.0,4.433973562523082,7.434818143241709,0.0,7.925264741948228,0.0,0.0,3.9414176540303396,0.0,0.0,5.535339738754337
5.591403366980573,7.52063703957319,0.0,0.0,0.0,0.0,0.0,0.0,0.0,0.0,1.1169979233573795,1.4819962489403031,3.2572930431756966,0.0,0.0,4.084844916272798,4.533049002100409,0.0,0.0,0.0,3.8313793875004203,7.642586105161611,0.0,9.325876910214015,0.0,0.0,3.8583782053528854,0.0,0.0,6.131963058827554
5.820511399465973,8.721031927877386,0.0,0.0,0.0,0.0,0.0,0.0,0.0,0.0,2.7573389716415075,2.1916255602475756,3.867668295837592,0.0,0.0,5.370013718057405,5.20619956716589,0.0,0.0,0.0,2.8986355170344753,8.250640407845575,0.0,9.63737189097047,0.0,0.0,3.0677378727316595,0.0,0.0,5.4349764185176825
5.61079129139676,9.323486823322511,0.0,0.0,0.0,0.0,0.0,0.0,0.0,0.0,4.367031336173772,2.379951291001928,4.349260337259126,0.0,0.0,4.979307460578269,4.957071010668025,0.0,0.0,0.0,6.278649181011428,6.899003888187919,0.0,9.151337854120706,0.0,0.0,3.5801731469422378,0.0,0.0,0.4515561948356047
4.026592510240994,7.682228995109865,0.0,0.0,0.0,0.0,0.0,0.0,0.0,0.0,4.028512325073782,4.1734432443998015,3.9333000989450713,0.0,0.0,4.220242386007011,5.903368600104549,0.0,0.0,0.0,3.08084333862406,3.077060480838947,0.0,6.817757413221907,0.0,0.0,5.348874641826101,0.0,0.0,3.08084333862406
3.4959905602311614,4.575608604141128,0.0,0.0,0.0,0.0,0.0,0.0,0.0,0.0,1.0637123664594972,5.630938534692295,5.274752047464088,0.0,0.0,2.4546537511455595,7.001367916434231,0.0,0.0,0.0,6.704500604134071,8.001854736023738,0.0,9.333985287721159,0.0,0.0,-0.5442372073099868,0.0,0.0,1.0637123664594972
6.436565734637297,8.052676833441643,0.0,0.0,0.0,0.0,0.0,0.0,0.0,0.0,1.8265613796275149,1.0203185536231607,3.008159980739578,0.0,0.0,1.8265613796275149,3.1420531047114126,0.0,0.0,0.0,6.910801030979305,6.704655940849387,0.0,9.623446098965232,0.0,0.0,4.701551245244665,0.0,0.0,1.1671269910752988
7.432713484611778,9.901609793819382,0.0,0.0,0.0,0.0,0.0,0.0,0.0,0.0,1.9964054231169128,3.847948184953325,4.800021590937087,0.0,0.0,2.992491816176052,2.2880117764693155,0.0,0.0,0.0,2.7623803938090328,6.542650591242442,0.0,7.396701562677101,0.0,0.0,3.8706244789211173,0.0,0.0,2.7623803938090328
5.43345832610447,8.366253675805465,0.0,0.0,0.0,0.0,0.0,0.0,0.0,0.0,2.0968611200633,4.014717356322543,1.9004427435873699,0.0,0.0,3.9612414168436296,3.5768007450593196,0.0,0.0,0.0,2.7728715696922603,8.822543304556536,0.0,9.339919960652763,0.0,0.0,6.0055372727694785,0.0,0.0,2.7728715696922603
5.100822947321539,5.100822947321539,0.0,0.0,0.0,0.0,0.0,0.0,0.0,0.0,2.942889381221624,2.974873888971103,4.080062256909277,0.0,0.0,2.8599568128052337,4.507187614408277,0.0,0.0,0.0,2.3571442320758114,8.790130664747988,0.0,9.143021621715379,0.0,0.0,4.969007094894121,0.0,0.0,2.3571442320758114
5.9772799903189675,6.262179613091276,0.0,0.0,0.0,0.0,0.0,0.0,0.0,0.0,3.648232930844485,3.039158322933662,3.572844405744661,0.0,0.0,4.186258202087221,5.376656048237517,0.0,0.0,0.0,1.7570030176314229,8.354558280651517,0.0,9.544659250465223,0.0,0.0,5.702724359266741,0.0,0.0,1.7570030176314229
5.175461124937369,8.86703644828083,0.0,0.0,0.0,0.0,0.0,0.0,0.0,0.0,3.938482640411841,5.037456168867319,4.108543751717343,0.0,0.0,3.792463658559707,5.5563563059117325,0.0,0.0,0.0,3.4779821852445103,6.2300478392983525,0.0,7.854498458880686,0.0,0.0,4.809921692696295,0.0,0.0,2.34922275539641
4.840601237945058,8.249609256895614,0.0,0.0,0.0,0.0,0.0,0.0,0.0,0.0,2.7418721378599575,3.447352646503742,3.7347403719745933,0.0,0.0,3.6600937658562707,5.092661435440444,0.0,0.0,0.0,3.0307740345190544,5.881568127068783,0.0,8.646431280070363,0.0,0.0,0.7724377486969054,0.0,0.0,2.0958123163996496
1.3986720515268507,10.554026488893385,0.0,0.0,0.0,0.0,0.0,0.0,0.0,0.0,1.301082149275096,2.220239505081013,4.289960306146667,0.0,0.0,5.773326254430481,6.232652885173183,0.0,0.0,0.0,1.3986720515268507,9.410298209457235,0.0,7.6126962095951844,0.0,0.0,6.172335498734721,0.0,0.0,3.2320375482471775
3.854264735380972,10.127674591555117,0.0,0.0,0.0,0.0,0.0,0.0,0.0,0.0,0.9611083013351318,4.002790314643774,4.701100816766674,0.0,0.0,1.7750279701225447,5.688217694918429,0.0,0.0,0.0,3.1016955159964374,8.758854982441749,0.0,1.7750279701225447,0.0,0.0,3.1478434164421865,0.0,0.0,1.6546011940300265
5.412680537046129,9.461703220245507,0.0,0.0,0.0,0.0,0.0,0.0,0.0,0.0,2.6127850120369853,4.100406439559593,4.14057228456582,0.0,0.0,1.312512454281701,4.164570546414962,0.0,0.0,0.0,5.501779046516041,0.4946526315981463,0.0,7.145571439824106,0.0,0.0,5.23138955985403,0.0,0.0,2.4894790871716785
4.04405974918059,1.030312738580208,0.0,0.0,0.0,0.0,0.0,0.0,0.0,0.0,2.7759410839578225,4.239320852826349,2.2564137280545937,0.0,0.0,3.7052092431380097,5.705349137381488,0.0,0.0,0.0,3.7132910345962395,6.747953152703076,0.0,5.795357535216007,0.0,0.0,2.2564137280545937,0.0,0.0,1.9533075792629577
5.536027260013278,8.508610298727197,0.0,0.0,0.0,0.0,0.0,0.0,0.0,0.0,2.9793390947655403,3.922768946383984,3.907530722281179,0.0,0.0,4.435833302172952,4.821683071025656,0.0,0.0,0.0,5.827258058050385,1.9367105102272548,0.0,7.654432223673657,0.0,0.0,4.147315755769841,0.0,0.0,1.9367105102272548
1.2489053018625165,10.252691931840982,0.0,0.0,0.0,0.0,0.0,0.0,0.0,0.0,1.469080762550197,1.469080762550197,4.297012245805012,0.0,0.0,3.583571852371501,4.487374332554195,0.0,0.0,0.0,4.715630497415189,8.595144921963733,0.0,7.423950007255636,0.0,0.0,3.1240194709555773,0.0,0.0,1.9784935228525047
7.104096122729167,1.097492747107498,0.0,0.0,0.0,0.0,0.0,0.0,0.0,0.0,1.097492747107498,-0.18680082105725715,3.893380847092525,0.0,0.0,2.87346415960999,4.414525772675353,0.0,0.0,0.0,2.7666878194880864,8.509641258329824,0.0,8.845153575134482,0.0,0.0,2.3403637781106585,0.0,0.0,8.710347936393498
5.213954130553423,11.999499422654216,0.0,0.0,0.0,0.0,0.0,0.0,0.0,0.0,2.217671928320851,2.7057785554918734,3.3314620228701584,0.0,0.0,5.443708996298455,4.446542906209413,0.0,0.0,0.0,3.812515658052596,7.247071204049245,0.0,8.028902875659814,0.0,0.0,3.9088015120746507,0.0,0.0,2.6746834022261727
4.475626160711033,9.088194194389052,0.0,0.0,0.0,0.0,0.0,0.0,0.0,0.0,1.2785767899628626,1.1323082057884104,3.915237436001629,0.0,0.0,2.350085301483837,5.076907507271712,0.0,0.0,0.0,3.5599199772158356,7.470012735720875,0.0,9.81266264696313,0.0,0.0,4.251029391780326,0.0,0.0,4.030531719894832
1.110804388139468,4.522613531351465,0.0,0.0,0.0,0.0,0.0,0.0,0.0,0.0,1.4888040447846085,2.5266528935579564,2.53219866369679,0.0,0.0,3.1241966668280186,4.196154526956607,0.0,0.0,0.0,5.658297494367117,4.522613531351465,0.0,7.506917918624092,0.0,0.0,5.407924635089255,0.0,0.0,3.2554555106662635
4.950633845958754,7.634290017054647,0.0,0.0,0.0,0.0,0.0,0.0,0.0,0.0,1.4863675602100619,2.2596605465768484,5.975792964167794,0.0,0.0,1.590568681027846,7.312846911891137,0.0,0.0,0.0,3.282112641881328,1.590568681027846,0.0,1.837516570699133,0.0,0.0,3.6380126573938965,0.0,0.0,1.4863675602100619
1.5428261216209596,8.388060625502371,0.0,0.0,0.0,0.0,0.0,0.0,0.0,0.0,3.1170163413769068,2.590140835740617,4.1785861436866005,0.0,0.0,3.493343686737833,6.024074417943656,0.0,0.0,0.0,3.4623674308188495,8.035646379147973,0.0,7.149388373884474,0.0,0.0,4.623936198736519,0.0,0.0,1.5428261216209596
4.367971432185063,8.562331421075601,0.0,0.0,0.0,0.0,0.0,0.0,0.0,0.0,2.1976973719488813,2.9498356459125006,4.711340899722218,0.0,0.0,3.397917839316334,3.462205747121747,0.0,0.0,0.0,1.4741972734562747,8.421223036965445,0.0,8.092120939284573,0.0,0.0,3.6129809518927525,0.0,0.0,1.432919565837571
4.981022346738522,2.1643011638991467,0.0,0.0,0.0,0.0,0.0,0.0,0.0,0.0,2.959951522507394,3.25122747360621,4.687915735785503,0.0,0.0,2.8583917290543974,4.274703943983303,0.0,0.0,0.0,2.090094771367985,2.090094771367985,0.0,7.5828738404923435,0.0,0.0,2.1643011638991467,0.0,0.0,2.2384817227358402
4.203678022148032,7.314560374025488,0.0,0.0,0.0,0.0,0.0,0.0,0.0,0.0,3.401980005041238,3.8087876140086836,5.502412151184627,0.0,0.0,4.145388981453317,1.3726806971988454,0.0,0.0,0.0,1.3646555359825439,7.96592268767572,0.0,8.819800651355887,0.0,0.0,1.3646555359825439,0.0,0.0,2.040127473315102
5.591315838022209,9.87174572243957,0.0,0.0,0.0,0.0,0.0,0.0,0.0,0.0,3.4102286022581283,4.349078955665129,5.198453775155809,0.0,0.0,2.901304103043995,5.657404945516781,0.0,0.0,0.0,1.4634816954897714,6.662286542786204,0.0,8.889466864167822,0.0,0.0,2.441054014217555,0.0,0.0,2.773212655157466
6.614212553150585,9.395388563422854,0.0,0.0,0.0,0.0,0.0,0.0,0.0,0.0,2.714493809165538,3.4170679658529504,2.5180576490709967,0.0,0.0,4.468094532474096,1.976181461492247,0.0,0.0,0.0,2.6289593481117874,9.854173798729255,0.0,9.905556217077091,0.0,0.0,5.3417266816129745,0.0,0.0,3.6937243488646962
5.709723705700805,8.382478698891887,0.0,0.0,0.0,0.0,0.0,0.0,0.0,0.0,2.6199698644486316,2.205375279578151,2.866036610838879,0.0,0.0,4.1640921990249335,5.5129552072963195,0.0,0.0,0.0,3.595659198865169,6.789761092476548,0.0,7.648969230511746,0.0,0.0,4.307774099741164,0.0,0.0,2.5147891524759896
4.976516692693606,2.4408963121213354,0.0,0.0,0.0,0.0,0.0,0.0,0.0,0.0,2.0552132906887457,2.9860188260051745,0.5019408156161411,0.0,0.0,2.4408963121213354,5.8593508209646865,0.0,0.0,0.0,3.689850369684052,6.61943772777251,0.0,9.112267597832298,0.0,0.0,4.272603075851193,0.0,0.0,3.807009525431444
4.732283875478705,8.268589949397619,0.0,0.0,0.0,0.0,0.0,0.0,0.0,0.0,3.172247296470629,4.774158680043109,9.202101969287128,0.0,0.0,4.193382171911677,2.749326326090263,0.0,0.0,0.0,2.345873371723637,6.918984982647107,0.0,7.557869567234478,0.0,0.0,4.646537532412276,0.0,0.0,2.623246502265689
5.6335671965696115,8.576058586243848,0.0,0.0,0.0,0.0,0.0,0.0,0.0,0.0,2.488869180914227,2.41884464097742,3.7088269726251224,0.0,0.0,3.3290624398414175,6.643584361163592,0.0,0.0,0.0,3.5790462482837992,8.081022725777519,0.0,6.697423339979999,0.0,0.0,2.488869180914227,0.0,0.0,2.41884464097742
5.606137308534158,8.967699826678082,0.0,0.0,0.0,0.0,0.0,0.0,0.0,0.0,1.9450859923476087,3.6266575244754327,1.6229135652337057,0.0,0.0,1.4528178769325062,6.80242291077035,0.0,0.0,0.0,4.515654707285665,8.717738112515612,0.0,1.9450859923476087,0.0,0.0,4.317201512925559,0.0,0.0,2.503540342174871
5.845085015350855,7.870209532522228,0.0,0.0,0.0,0.0,0.0,0.0,0.0,0.0,1.603055387698979,3.8306361462182643,4.9785359505092766,0.0,0.0,2.8718737388089743,3.263439746142468,0.0,0.0,0.0,3.463885931505848,6.204565044946597,0.0,7.569112387639219,0.0,0.0,4.638708568511991,0.0,0.0,4.122379009733733
5.718576233892768,9.850916370415995,0.0,0.0,0.0,0.0,0.0,0.0,0.0,0.0,2.469542281951238,3.754576324068239,3.717722867736841,0.0,0.0,1.798447930422818,4.7427252164807365,0.0,0.0,0.0,4.225609065444028,6.379438921669982,0.0,7.591887914487052,0.0,0.0,4.93200949180816,0.0,0.0,4.363007423080759
1.6503352259379733,8.748034950772084,0.0,0.0,0.0,0.0,0.0,0.0,0.0,0.0,2.3354408784846976,5.240256298823935,3.4381485858334626,0.0,0.0,5.013486820900187,6.071746079928727,0.0,0.0,0.0,2.5864717176315346,6.835501710811047,0.0,8.34090771756625,0.0,0.0,5.758959707855905,0.0,0.0,1.6503352259379733
5.476373854928747,9.399284096185916,0.0,0.0,0.0,0.0,0.0,0.0,0.0,0.0,3.8935081707048407,3.5248963045249297,2.3628395775654836,0.0,0.0,3.904349642467333,3.9764461962605515,0.0,0.0,0.0,2.921649224448558,7.287921375540947,0.0,6.411196632608327,0.0,0.0,5.296471056627658,0.0,0.0,3.0656922009036234
1.3575579766481098,8.042999461200347,0.0,0.0,0.0,0.0,0.0,0.0,0.0,0.0,0.9206098555460303,3.690091623286292,5.075756808200119,0.0,0.0,3.3072024262819983,3.1391586261745412,0.0,0.0,0.0,3.160770683059555,7.170091416359208,0.0,9.859800853503522,0.0,0.0,4.847485593543529,0.0,0.0,3.329859761110578
6.1344740237151285,10.244629800891605,0.0,0.0,0.0,0.0,0.0,0.0,0.0,0.0,5.430413669974458,4.070859585018299,4.548770207649182,0.0,0.0,2.5161632843069826,5.77614318870736,0.0,0.0,0.0,2.757158718653386,4.514712204045341,0.0,4.514712204045341,0.0,0.0,0.9763176495400425,0.0,0.0,4.105001614167411
5.179595875382995,7.548133565192634,0.0,0.0,0.0,0.0,0.0,0.0,0.0,0.0,2.7931533979076075,3.3611143562235015,4.307376307474366,0.0,0.0,5.304270369360937,5.912662217747936,0.0,0.0,0.0,4.779437450819917,7.857328517085834,0.0,7.829443014600809,0.0,0.0,4.010547480349677,0.0,0.0,4.0743817591392
6.325524923455711,7.35503825461338,0.0,0.0,0.0,0.0,0.0,0.0,0.0,0.0,3.339926226357409,2.4956990601728695,3.4005892184059263,0.0,0.0,3.086581797967664,3.094903750431736,0.0,0.0,0.0,3.524184582855579,10.1315632070858,0.0,6.9773369143655755,0.0,0.0,5.028725009307083,0.0,0.0,3.6810607818792396
4.035840213705427,8.274330326225732,0.0,0.0,0.0,0.0,0.0,0.0,0.0,0.0,3.6571085138569868,4.142124964616059,3.612533241720928,0.0,0.0,0.93645932067456,4.026315064718219,0.0,0.0,0.0,4.477639228844273,5.790630589713053,0.0,6.93067953983537,0.0,0.0,3.536184254951751,0.0,0.0,5.559334188208851
5.420846916981347,8.38609215842271,0.0,0.0,0.0,0.0,0.0,0.0,0.0,0.0,2.1569964759856233,3.8379502368024805,3.4917897669843487,0.0,0.0,2.8829963771706066,6.05368096388148,0.0,0.0,0.0,4.354928291043261,4.681653195821382,0.0,6.76228837422198,0.0,0.0,4.544865327952205,0.0,0.0,2.1464809481160128
4.888910854535286,9.268301997346352,0.0,0.0,0.0,0.0,0.0,0.0,0.0,0.0,3.4207896646121183,2.057945728020485,3.553794097526397,0.0,0.0,4.854920789495089,3.0714031348562743,0.0,0.0,0.0,2.5516361432204677,4.9713236804763445,0.0,7.999826125838491,0.0,0.0,0.4013340602211183,0.0,0.0,4.575622462579226
4.959619691045695,8.988116974521782,0.0,0.0,0.0,0.0,0.0,0.0,0.0,0.0,4.536819087841986,5.37984470779171,3.4410995394481776,0.0,0.0,3.183702423665647,4.646925145445291,0.0,0.0,0.0,3.662822604554179,7.735213921726628,0.0,8.313686061803399,0.0,0.0,5.432337046511924,0.0,0.0,4.8816538038001465
4.7848236633658585,8.90052834158423,0.0,0.0,0.0,0.0,0.0,0.0,0.0,0.0,2.5242168477318083,1.4607697399426056,3.922461800463095,0.0,0.0,3.1002859355214456,4.366127700384439,0.0,0.0,0.0,4.2628193693680005,2.4905711890033584,0.0,8.3866154614068,0.0,0.0,6.112892216316707,0.0,0.0,5.546120676014226
2.9763439930727924,11.376658123937185,0.0,0.0,0.0,0.0,0.0,0.0,0.0,0.0,3.2447380242560344,2.9573364281580687,2.9763439930727924,0.0,0.0,3.2081202612137565,6.058370739229136,0.0,0.0,0.0,4.458211657403329,8.015601800590169,0.0,9.337884493550295,0.0,0.0,6.004171806873947,0.0,0.0,5.954480193331628
5.1882488789139405,7.848995326444008,0.0,0.0,0.0,0.0,0.0,0.0,0.0,0.0,3.572625185143951,1.86754025031145,3.9330987481721507,0.0,0.0,3.208452890436237,4.833678114551163,0.0,0.0,0.0,4.124401185142474,5.618497217053042,0.0,7.39279763962223,0.0,0.0,3.9392872951971443,0.0,0.0,7.835764201032081
4.137122530464196,9.100418959160635,0.0,0.0,0.0,0.0,0.0,0.0,0.0,0.0,3.5407875431212887,3.6034907729730725,4.317771494190762,0.0,0.0,2.5363475877716786,5.823889957410774,0.0,0.0,0.0,4.405342399930854,6.682877941328466,0.0,7.339730199846781,0.0,0.0,3.9975713251133502,0.0,0.0,7.056481411563673
6.467642727941736,3.93861085546048,0.0,0.0,0.0,0.0,0.0,0.0,0.0,0.0,3.93861085546048,2.8289147988026087,4.188650019358802,0.0,0.0,2.370752530861753,4.974794566617962,0.0,0.0,0.0,1.8670684594128844,7.4393879656837765,0.0,9.326205335811421,0.0,0.0,4.956351740377736,0.0,0.0,6.88086070218082
3.530798944113793,8.58113443421485,0.0,0.0,0.0,0.0,0.0,0.0,0.0,0.0,3.131125255097996,4.011166379415735,4.946516781323132,0.0,0.0,1.1330894970570164,5.349614064698225,0.0,0.0,0.0,3.875029377454217,9.516180701771454,0.0,8.475760496795884,0.0,0.0,3.248694203620377,0.0,0.0,6.328338156885734
0.28605486219270726,6.980801084518828,0.0,0.0,0.0,0.0,0.0,0.0,0.0,0.0,2.91423486559114,3.2699182094018924,5.74680618041382,0.0,0.0,3.7497767297636555,4.460563785724229,0.0,0.0,0.0,4.876041957985227,7.893122265135018,0.0,8.72594029845436,0.0,0.0,5.07644040085918,0.0,0.0,7.602278705864306
7.161843478791668,1.105698639142056,0.0,0.0,0.0,0.0,0.0,0.0,0.0,0.0,4.414062417005559,3.2455496277390115,4.695100094745677,0.0,0.0,1.4306881427875155,4.630337424611959,0.0,0.0,0.0,3.918845771096234,0.4548747013970962,0.0,7.7537237787443,0.0,0.0,5.116547864081734,0.0,0.0,6.85072815209914
7.1057000610113565,9.31012907393982,0.0,0.0,0.0,0.0,0.0,0.0,0.0,0.0,2.1097843452942455,6.972283064777269,4.684995237558886,0.0,0.0,3.963396441173657,5.684630519189836,0.0,0.0,0.0,3.9024753984681397,7.131281347668838,0.0,9.314003592825223,0.0,0.0,3.2030327367827747,0.0,0.0,6.787499083196193
4.993070190204602,4.993070190204602,0.0,0.0,0.0,0.0,0.0,0.0,0.0,0.0,1.1345609036545117,2.7664099529811086,3.553126959367548,0.0,0.0,3.8524849440896713,4.203601112209473,0.0,0.0,0.0,3.944797212868243,6.8984200856478495,0.0,9.860535618680412,0.0,0.0,5.0163939763435375,0.0,0.0,6.363925201451421
7.067064335109788,8.31818112960036,0.0,0.0,0.0,0.0,0.0,0.0,0.0,0.0,2.9715337437259013,4.868079454062143,4.787771876408819,0.0,0.0,1.7389128777989724,5.50068170607037,0.0,0.0,0.0,4.402863644020215,1.6224494767812816,0.0,8.704620199220486,0.0,0.0,3.873241208633387,0.0,0.0,6.470718146765906
5.466394377790612,8.566580049802937,0.0,0.0,0.0,0.0,0.0,0.0,0.0,0.0,3.7943309822501163,0.23387788913571728,2.7412742132638974,0.0,0.0,3.0743952840026205,4.555228638595241,0.0,0.0,0.0,5.178517070188612,7.232804935439114,0.0,7.818532173025784,0.0,0.0,5.153963891680785,0.0,0.0,3.7943309822501163
6.961991636220446,8.243423052312316,0.0,0.0,0.0,0.0,0.0,0.0,0.0,0.0,4.488068765567665,2.374219556631869,2.1255863743685177,0.0,0.0,0.48401349346536127,3.394468690703301,0.0,0.0,0.0,2.936943272389521,7.998299595034033,0.0,2.1255863743685177,0.0,0.0,3.6317409332898642,0.0,0.0,6.7659729378189475
6.535555331908858,7.426268752491808,0.0,0.0,0.0,0.0,0.0,0.0,0.0,0.0,2.9820760259482513,4.476111478326047,4.4985884704803265,0.0,0.0,3.552350034563471,6.063024695436675,0.0,0.0,0.0,2.83298701470413,6.5356344103916095,0.0,1.692092379691486,0.0,0.0,4.721419980119275,0.0,0.0,5.97060705641892
5.471518906072622,7.555240604975749,0.0,0.0,0.0,0.0,0.0,0.0,0.0,0.0,3.5059585983864077,3.5254411324670274,1.3023804119314788,0.0,0.0,4.460893626906388,1.8574751038940935,0.0,0.0,0.0,1.8574751038940935,7.4145857940763555,0.0,10.423544533397042,0.0,0.0,5.410491174632517,0.0,0.0,7.234732126730816
1.3731842381615216,9.35061732140461,0.0,0.0,0.0,0.0,0.0,0.0,0.0,0.0,4.149269167677963,2.4665978184678368,5.092787720959491,0.0,0.0,2.820704684824967,3.852852243358398,0.0,0.0,0.0,2.6994342172507544,6.604694494020444,0.0,9.15134098316965,0.0,0.0,4.438477977237599,0.0,0.0,6.292454127731719
6.212564975531903,9.73513491909842,0.0,0.0,0.0,0.0,0.0,0.0,0.0,0.0,3.94338961945209,3.015890919268889,2.9407256102491663,0.0,0.0,4.679390115495206,4.006100670941644,0.0,0.0,0.0,3.7795593567393606,8.315107232309742,0.0,9.124131186418266,0.0,0.0,5.43660809081673,0.0,0.0,6.814242019925992
6.012608535124635,8.977220472835462,0.0,0.0,0.0,0.0,0.0,0.0,0.0,0.0,2.667287490236256,3.698231680548053,4.360391216345609,0.0,0.0,4.644108390815947,5.23818554015942,0.0,0.0,0.0,5.207935503620152,7.15205072858674,0.0,6.939713201298883,0.0,0.0,4.726637447305855,0.0,0.0,6.80439020694394
3.5597925143533877,7.937295499390046,0.0,0.0,0.0,0.0,0.0,0.0,0.0,0.0,3.6069904815885376,4.084905611962132,4.449648878449284,0.0,0.0,4.27654303242334,4.6998526805204515,0.0,0.0,0.0,3.0273889097910565,7.316234233390312,0.0,9.416096261483075,0.0,0.0,4.8899713922932735,0.0,0.0,7.161558158631744
5.247464493766704,9.223039252980726,0.0,0.0,0.0,0.0,0.0,0.0,0.0,0.0,1.7138553751070142,3.553756596059792,1.8718718934505003,0.0,0.0,3.578273551941294,1.7138553751070142,0.0,0.0,0.0,3.657847136743239,1.3073522554379733,0.0,3.578273551941294,0.0,0.0,5.634053024292317,0.0,0.0,6.4574909265533735
1.874148206645755,9.999871352909059,0.0,0.0,0.0,0.0,0.0,0.0,0.0,0.0,2.0159170054891535,1.874148206645755,4.289147511113019,0.0,0.0,2.530903516439942,3.1229468445253428,0.0,0.0,0.0,1.846347957896794,6.778957160728725,0.0,6.909129735311165,0.0,0.0,5.350174825844154,0.0,0.0,7.190912068389501
3.840973363145834,8.427393856586162,0.0,0.0,0.0,0.0,0.0,0.0,0.0,0.0,3.6859405925523667,3.7876089983805157,5.260863974164262,0.0,0.0,3.9289247321418537,5.254400212790244,0.0,0.0,0.0,5.013942281195947,2.859212214465745,0.0,7.170767596977337,0.0,0.0,4.0078536541993985,0.0,0.0,7.024100652367566
4.998622576240634,9.744154889518944,0.0,0.0,0.0,0.0,0.0,0.0,0.0,0.0,2.633587405512227,3.363182612694243,2.718246447294598,0.0,0.0,2.105236553573324,4.388359905366952,0.0,0.0,0.0,2.0365785929225337,8.099816400876142,0.0,7.520074970822293,0.0,0.0,3.5471216364647313,0.0,0.0,7.120202626699067
3.616303363556903,4.980076829394391,0.0,0.0,0.0,0.0,0.0,0.0,0.0,0.0,3.8778465776786675,2.924881568847776,4.267203412300765,0.0,0.0,2.881174877768128,5.102692622298732,0.0,0.0,0.0,3.1634841097789197,9.102308115785158,0.0,6.669613996710261,0.0,0.0,4.980076829394391,0.0,0.0,2.881174877768128
5.868468001797302,7.791316020985092,0.0,0.0,0.0,0.0,0.0,0.0,0.0,0.0,1.7324174493245288,3.930249196401128,4.9834297159730685,0.0,0.0,2.5494732621983256,4.924886367731738,0.0,0.0,0.0,4.4142833297223145,2.758094700952751,0.0,7.938364681233521,0.0,0.0,2.758094700952751,0.0,0.0,6.819206886234234
1.4829775531489768,8.85828170665611,0.0,0.0,0.0,0.0,0.0,0.0,0.0,0.0,2.8701452901068243,4.126548789664439,1.4829775531489768,0.0,0.0,3.1618797224527997,5.137092587632103,0.0,0.0,0.0,3.56760091025804,-0.39572370313500516,0.0,7.130851335072084,0.0,0.0,4.632599088374327,0.0,0.0,6.108335009437731
3.9798855428047317,8.232239019248885,0.0,0.0,0.0,0.0,0.0,0.0,0.0,0.0,2.193144091718973,3.870341232823637,4.733234316511038,0.0,0.0,2.36384318590832,5.326403199172004,0.0,0.0,0.0,4.553654185488409,4.664088155849555,0.0,8.34404517589779,0.0,0.0,4.881023917818998,0.0,0.0,4.188884932687965
-0.100486977426691,3.0491076927539775,0.0,0.0,0.0,0.0,0.0,0.0,0.0,0.0,4.658441963381604,2.2111678162596906,4.1783180449636665,0.0,0.0,4.3965504119383505,5.04497275621959,0.0,0.0,0.0,3.439745286131756,8.217861036741182,0.0,8.93219318076404,0.0,0.0,2.9271861741227374,0.0,0.0,6.44602681681393
6.072884566516721,9.41975505670584,0.0,0.0,0.0,0.0,0.0,0.0,0.0,0.0,5.4391358173368305,3.918277213637581,3.7107383055828667,0.0,0.0,4.7074128456349165,6.401035074732212,0.0,0.0,0.0,3.642477445118702,8.660835781605694,0.0,8.55786848316021,0.0,0.0,5.312936894708858,0.0,0.0,6.984961183235202
4.369249062057699,8.39821545297631,0.0,0.0,0.0,0.0,0.0,0.0,0.0,0.0,3.4297653639713066,4.007764898286098,3.95315117162625,0.0,0.0,2.714952440390002,3.16861005360977,0.0,0.0,0.0,3.750913393644031,0.17728902366280974,0.0,7.951019285741724,0.0,0.0,3.4412132222899787,0.0,0.0,8.101368907148778
6.47059954536215,8.052442367170006,0.0,0.0,0.0,0.0,0.0,0.0,0.0,0.0,4.549951357112385,4.260897070453555,4.379787725578051,0.0,0.0,2.8893109340032126,2.2709741474375837,0.0,0.0,0.0,5.317735035400958,9.313992900528842,0.0,9.066118973971289,0.0,0.0,1.383349565872456,0.0,0.0,4.5392469987455915
2.982461157319438,9.944521693345662,0.0,0.0,0.0,0.0,0.0,0.0,0.0,0.0,1.8908596955978805,5.036959942919578,4.712267925935362,0.0,0.0,2.6753476285672657,4.020664092632272,0.0,0.0,0.0,4.391877954207841,8.398516934430672,0.0,8.571330514393049,0.0,0.0,4.213768412673054,0.0,0.0,8.929305447791776
4.728365464625937,8.797955984036545,0.0,0.0,0.0,0.0,0.0,0.0,0.0,0.0,1.3053296991436423,2.850476228474026,4.234723340054898,0.0,0.0,3.2711490395537686,2.3738879132920396,0.0,0.0,0.0,3.2460422256649775,8.286625722391697,0.0,8.995847210460814,0.0,0.0,4.989681297606494,0.0,0.0,7.149349391581588
5.317721167491503,8.09173593113646,0.0,0.0,0.0,0.0,0.0,0.0,0.0,0.0,2.214059088772879,4.311746769544953,2.416726816365288,0.0,0.0,3.359175588481898,4.021702713157315,0.0,0.0,0.0,2.901068675899306,9.03358894157332,0.0,7.581655941022634,0.0,0.0,4.18658923195805,0.0,0.0,6.32742043182581
4.861890079955635,9.190880650588793,0.0,0.0,0.0,0.0,0.0,0.0,0.0,0.0,1.863798115614549,3.2293635620727317,5.196965238124721,0.0,0.0,3.128425298107898,3.128425298107898,0.0,0.0,0.0,4.1765016405456645,8.207020629015298,0.0,7.897807973015464,0.0,0.0,6.06516078243407,0.0,0.0,6.634101302365125
4.696329594006848,9.17343553674964,0.0,0.0,0.0,0.0,0.0,0.0,0.0,0.0,2.7825667537762473,0.625585426358677,5.072655559350192,0.0,0.0,2.553850192581076,2.651352629672679,0.0,0.0,0.0,3.16882133500165,6.295855015493797,0.0,7.299950388308113,0.0,0.0,5.236408085098226,0.0,0.0,5.2838663000153465
6.082813972491891,8.94568997297366,0.0,0.0,0.0,0.0,0.0,0.0,0.0,0.0,3.2123449689468258,3.827897602209252,3.9983002689229363,0.0,0.0,1.725482716381381,3.4741901444686154,0.0,0.0,0.0,1.4708528841888389,9.368827879800673,0.0,9.149059206682121,0.0,0.0,4.015981957077415,0.0,0.0,5.345372546493669
2.0415911152344095,11.11521058354325,0.0,0.0,0.0,0.0,0.0,0.0,0.0,0.0,2.454531163553303,3.461659076010899,2.0415911152344095,0.0,0.0,3.322154416829815,3.9209564032209654,0.0,0.0,0.0,3.3371831040053666,7.816171449423014,0.0,8.185734724813068,0.0,0.0,5.658493126212726,0.0,0.0,5.069274704972653
5.953386522356221,9.454484001253162,0.0,0.0,0.0,0.0,0.0,0.0,0.0,0.0,3.7066979057277845,2.9689598477909698,2.2290693604713656,0.0,0.0,2.1727107574094444,3.704439734828231,0.0,0.0,0.0,3.119209939703302,7.517535937969624,0.0,9.233456981931099,0.0,0.0,4.2469527589518945,0.0,0.0,5.855822185632961
5.643334358020121,8.61377537156674,0.0,0.0,0.0,0.0,0.0,0.0,0.0,0.0,3.6295931322043717,3.6411750359311483,4.198343966725191,0.0,0.0,3.0056087742411473,4.262906514851873,0.0,0.0,0.0,4.513016171628936,6.226327355624277,0.0,9.313376535430848,0.0,0.0,5.11865232638891,0.0,0.0,5.831525630102712
4.461753375393133,9.617644446199291,0.0,0.0,0.0,0.0,0.0,0.0,0.0,0.0,3.297798988056201,2.0554472209596857,5.64254716360946,0.0,0.0,3.0459886489579855,6.686972915199954,0.0,0.0,0.0,2.790611555351946,4.629012776466872,0.0,8.411503835282911,0.0,0.0,2.9654003254462387,0.0,0.0,7.8249344482714935
6.623992912987765,8.831724138996915,0.0,0.0,0.0,0.0,0.0,0.0,0.0,0.0,3.5190454777720124,1.382304757888464,4.516641283261774,0.0,0.0,1.205349990097431,6.034548376355637,0.0,0.0,0.0,4.1920967619917056,8.60264545883163,0.0,7.6690928851081654,0.0,0.0,5.0013659657277785,0.0,0.0,7.651821142270404
6.092388193921133,8.253408631783918,0.0,0.0,0.0,0.0,0.0,0.0,0.0,0.0,1.3402633982952814,2.818769084195383,2.0175475816054167,0.0,0.0,2.588195898252874,3.497774650759202,0.0,0.0,0.0,3.190401936277555,10.16147224532897,0.0,7.833527239128295,0.0,0.0,2.0175475816054167,0.0,0.0,6.723179327482125
4.597848373674068,8.260857007153282,0.0,0.0,0.0,0.0,0.0,0.0,0.0,0.0,2.97695931515239,2.8935482060562943,5.19839963464017,0.0,0.0,1.0085175517443106,4.175724886872322,0.0,0.0,0.0,5.193860598689218,7.063384221399342,0.0,9.162108661699454,0.0,0.0,4.469706513198262,0.0,0.0,7.089163147129205
6.6538089680044425,1.0514202368300465,0.0,0.0,0.0,0.0,0.0,0.0,0.0,0.0,3.428088370363044,3.323719497110805,1.0514202368300465,0.0,0.0,2.340170042359007,5.555313256453288,0.0,0.0,0.0,3.429125346269676,7.453690546799756,0.0,9.312462870169494,0.0,0.0,1.0514202368300465,0.0,0.0,5.558686100083289
5.68835972231411,1.1107950443171102,0.0,0.0,0.0,0.0,0.0,0.0,0.0,0.0,1.1107950443171102,3.315045394228748,3.8014762798080186,0.0,0.0,4.10795478618592,5.5414512594560374,0.0,0.0,0.0,3.571386180107383,1.1107950443171102,0.0,7.24390858617667,0.0,0.0,4.344058477466268,0.0,0.0,6.943073642035925
4.5404869512178365,8.604014729406778,0.0,0.0,0.0,0.0,0.0,0.0,0.0,0.0,1.4850657400719085,3.1473103683689025,2.378531462099593,0.0,0.0,1.3650969794195587,6.117289725864149,0.0,0.0,0.0,5.657655652212456,7.348753471993449,0.0,6.307875769284208,0.0,0.0,5.269392527623405,0.0,0.0,1.3650969794195587
4.042754519325596,1.0638166036454173,0.0,0.0,0.0,0.0,0.0,0.0,0.0,0.0,1.0638166036454173,4.347917828583313,4.584890728457764,0.0,0.0,4.022871851209335,5.52973381386911,0.0,0.0,0.0,3.5883567970303214,3.5883567970303214,0.0,8.588467987354248,0.0,0.0,5.372452336137313,0.0,0.0,5.3441816844762
1.4644884386041133,11.414175217578377,0.0,0.0,0.0,0.0,0.0,0.0,0.0,0.0,3.4491119539797364,3.527650398801652,2.5833051099756736,0.0,0.0,2.4791040825739854,5.682104734583564,0.0,0.0,0.0,3.5485740400159034,7.093928055936754,0.0,9.112902547640603,0.0,0.0,3.394606256151276,0.0,0.0,6.069519261901247
6.062525244035504,7.96136486008631,0.0,0.0,0.0,0.0,0.0,0.0,0.0,0.0,2.317180352259626,1.8116747267234863,4.092254672716748,0.0,0.0,2.9876826222728776,5.627215631588237,0.0,0.0,0.0,4.127465894609171,6.741674144561749,0.0,7.449960598336248,0.0,0.0,1.8116747267234863,0.0,0.0,7.16516125391248
6.968445218366255,8.495301380982797,0.0,0.0,0.0,0.0,0.0,0.0,0.0,0.0,3.143887412958401,0.8306383997368472,3.8220264776074653,0.0,0.0,3.2695017909863897,5.288466851211548,0.0,0.0,0.0,4.0219855740411665,2.0406289003645437,0.0,7.894360085596287,0.0,0.0,4.278158466886339,0.0,0.0,6.947854783027894
4.401118657531643,8.307649737372744,0.0,0.0,0.0,0.0,0.0,0.0,0.0,0.0,1.9698126705722594,2.163441030094841,3.292011025521315,0.0,0.0,4.140684904068842,4.831412010641344,0.0,0.0,0.0,5.229238380676364,4.401118657531643,0.0,7.982090637445373,0.0,0.0,4.86692490407283,0.0,0.0,6.552988477136224
3.629617405732936,9.04046021494157,0.0,0.0,0.0,0.0,0.0,0.0,0.0,0.0,2.3750272291926358,3.7047883003997772,3.9126383084444365,0.0,0.0,4.6586931918465115,5.7777077896062075,0.0,0.0,0.0,3.1972794492091383,3.629617405732936,0.0,7.213674521382492,0.0,0.0,4.149154686414151,0.0,0.0,6.110717498398637
1.5987019277173367,10.037231607972103,0.0,0.0,0.0,0.0,0.0,0.0,0.0,0.0,2.119564585230833,3.095662415449955,3.3683675269673374,0.0,0.0,4.329311130303413,4.8699020976638705,0.0,0.0,0.0,4.326823243777199,1.5987019277173367,0.0,7.814540067395149,0.0,0.0,4.080051285505341,0.0,0.0,6.101342871610991
5.132126162667622,9.20203209060064,0.0,0.0,0.0,0.0,0.0,0.0,0.0,0.0,2.2089871597306026,5.211448671546442,2.7661709453796335,0.0,0.0,2.921802761782784,5.895093384760666,0.0,0.0,0.0,3.729101295451629,4.343874927809181,0.0,9.94595314846953,0.0,0.0,5.491508618151622,0.0,0.0,2.7661709453796335
3.7220434643228373,7.826535982442175,0.0,0.0,0.0,0.0,0.0,0.0,0.0,0.0,1.5516461293608284,1.6926712914549087,3.222244446814272,0.0,0.0,2.7217184953052915,6.331452711114247,0.0,0.0,0.0,1.5516461293608284,4.822179504577902,0.0,11.096482773701819,0.0,0.0,4.218036544868129,0.0,0.0,7.825745805405128
4.878932443467889,9.145755137670085,0.0,0.0,0.0,0.0,0.0,0.0,0.0,0.0,3.551774410225676,2.446973644023788,4.144735148067439,0.0,0.0,5.038094619815185,5.818711928869852,0.0,0.0,0.0,4.531232252059225,3.8827465719903542,0.0,3.9029150765537244,0.0,0.0,3.9029150765537244,0.0,0.0,7.002779714415092
5.7359898704895445,11.18505787739511,0.0,0.0,0.0,0.0,0.0,0.0,0.0,0.0,1.6175167868506248,2.224068803098392,5.075163398407217,0.0,0.0,3.136158792309696,5.310443469872357,0.0,0.0,0.0,4.930054482626053,4.359445245015842,0.0,6.505699421588042,0.0,0.0,4.244708114807025,0.0,0.0,8.102574639376028
5.927479181835446,9.625536400269267,0.0,0.0,0.0,0.0,0.0,0.0,0.0,0.0,2.7804264388173987,3.688447060021838,3.325566167494866,0.0,0.0,3.706277892317457,2.464154019395455,0.0,0.0,0.0,3.26675269734217,4.502334870072759,0.0,6.673611768184659,0.0,0.0,5.082942826496212,0.0,0.0,6.678620105734557
4.304681283961138,8.7600460408648,0.0,0.0,0.0,0.0,0.0,0.0,0.0,0.0,2.5953538691298057,1.4595399426844593,4.561593401696753,0.0,0.0,4.829154942595277,5.923295041667634,0.0,0.0,0.0,4.36004852012542,5.912877351880133,0.0,7.974771337445249,0.0,0.0,5.840308419993513,0.0,0.0,6.69821837810039
1.2095467720806519,8.30708109332655,0.0,0.0,0.0,0.0,0.0,0.0,0.0,0.0,3.0631540556862933,4.282790650761414,2.4364272639464963,0.0,0.0,5.14114574677382,3.66120212431874,0.0,0.0,0.0,6.151999035448776,3.907983343985936,0.0,7.924165394906646,0.0,0.0,2.466704816667621,0.0,0.0,2.466704816667621
5.25686502864619,8.51244384065208,0.0,0.0,0.0,0.0,0.0,0.0,0.0,0.0,2.4907797187411314,3.9747638331294852,1.866834391533609,0.0,0.0,2.826069128339787,5.60838262725017,0.0,0.0,0.0,1.866834391533609,6.656925833974514,0.0,7.799699591978343,0.0,0.0,4.112399605013731,0.0,0.0,6.47901599946721
8.610953901642256,7.921019411659636,0.0,0.0,0.0,0.0,0.0,0.0,0.0,0.0,2.3693207096918596,1.692406656863531,2.1792154683909652,0.0,0.0,2.7219983399947547,0.6221815894136139,0.0,0.0,0.0,5.203817380755552,6.713596754615337,0.0,5.802958636134974,0.0,0.0,5.14891267175597,0.0,0.0,5.792377458789156
6.228496196485748,1.598152458705084,0.0,0.0,0.0,0.0,0.0,0.0,0.0,0.0,3.6896638273892624,3.5376488861937503,3.3633683552964575,0.0,0.0,3.922673521750418,5.095008543813856,0.0,0.0,0.0,4.0079605545085055,5.954001037136885,0.0,7.842565815220107,0.0,0.0,5.023196641195255,0.0,0.0,2.7952269585590876
3.9072362234517586,4.061571911414841,0.0,0.0,0.0,0.0,0.0,0.0,0.0,0.0,4.061571911414841,2.883801781407089,3.7432058390829352,0.0,0.0,3.5876960458303246,5.321159002383343,0.0,0.0,0.0,3.3501899898639533,4.294867522555704,0.0,9.014311859862156,0.0,0.0,5.4847901450226,0.0,0.0,6.325294877615057
1.7114027216582999,4.290393142089593,0.0,0.0,0.0,0.0,0.0,0.0,0.0,0.0,4.290393142089593,3.376621094798716,4.98278211890327,0.0,0.0,1.168640827756935,6.297066241369652,0.0,0.0,0.0,3.744388842549172,6.1102772008019715,0.0,8.471313018094431,0.0,0.0,3.4918878110343563,0.0,0.0,6.188964194307941
3.8753183784364063,3.241253000202206,0.0,0.0,0.0,0.0,0.0,0.0,0.0,0.0,3.241253000202206,3.4273428148330742,4.532497098050307,0.0,0.0,2.481553535370489,1.0774911014638247,0.0,0.0,0.0,4.340646005496094,8.239666209535251,0.0,8.268742317317566,0.0,0.0,8.210588257185169,0.0,0.0,5.900394005836055
10.448046582227294,1.3372364813122495,0.0,0.0,0.0,0.0,0.0,0.0,0.0,0.0,1.3372364813122495,1.3372364813122495,4.932335266892924,0.0,0.0,2.11398211659283,5.049768106995921,0.0,0.0,0.0,3.334227320934703,6.685917734433889,0.0,8.5889847890714,0.0,0.0,5.088661690032938,0.0,0.0,2.28788405881368
6.07619032042261,3.0710781733135777,0.0,0.0,0.0,0.0,0.0,0.0,0.0,0.0,1.021276438439318,3.2097856376447624,5.602156334008399,0.0,0.0,3.7038191734627803,4.4944308370219925,0.0,0.0,0.0,0.09062945391046245,7.95336420351985,0.0,7.3678346323455335,0.0,0.0,3.2935347424096033,0.0,0.0,5.340424868181
3.9073224608681665,1.9037280126049168,0.0,0.0,0.0,0.0,0.0,0.0,0.0,0.0,1.9037280126049168,2.795397423576831,1.2651657291450222,0.0,0.0,4.040584918983312,5.809650485693086,0.0,0.0,0.0,1.2651657291450222,8.567038950894212,0.0,8.717975745561459,0.0,0.0,5.07454991032803,0.0,0.0,5.405212614681892
4.762431838998685,1.7185175212913908,0.0,0.0,0.0,0.0,0.0,0.0,0.0,0.0,1.7185175212913908,0.5914828772284197,4.96669640039931,0.0,0.0,2.6142501827817153,4.750649481861277,0.0,0.0,0.0,3.8766300682967705,7.222819481935441,0.0,7.513424875203175,0.0,0.0,4.954736032097494,0.0,0.0,6.106527683489304
6.002159450243733,1.4585147686549802,0.0,0.0,0.0,0.0,0.0,0.0,0.0,0.0,0.6038140318025453,0.6038140318025453,4.3747361820363135,0.0,0.0,5.105899924512343,5.2153078844854885,0.0,0.0,0.0,4.039948627393276,6.29250311586064,0.0,6.382468508261504,0.0,0.0,6.318299475503785,0.0,0.0,6.36065602788455
4.910198265982621,1.120716241655915,0.0,0.0,0.0,0.0,0.0,0.0,0.0,0.0,1.120716241655915,4.117128025150441,2.195761109938595,0.0,0.0,1.7411250328535963,5.135660215881659,0.0,0.0,0.0,4.220996751961382,7.604361794620781,0.0,9.450311033684345,0.0,0.0,5.103616470452199,0.0,0.0,8.033155164393685
4.647929611962639,1.0653386564178835,0.0,0.0,0.0,0.0,0.0,0.0,0.0,0.0,3.2497990751848533,2.7187556684080523,5.038908128790094,0.0,0.0,3.9998289323508223,5.223562774922186,0.0,0.0,0.0,3.5654612568108224,6.73555402742162,0.0,8.263490264119827,0.0,0.0,2.6008601804843314,0.0,0.0,9.062045591243047
6.256553333623456,1.5146226404236638,0.0,0.0,0.0,0.0,0.0,0.0,0.0,0.0,5.231385414381302,4.1422429963390925,3.9799402553391494,0.0,0.0,3.3027201902495644,2.928160708614406,0.0,0.0,0.0,4.084725925138005,6.660208439458495,0.0,9.584633695883293,0.0,0.0,3.7372064055885055,0.0,0.0,5.740084491167449
4.732857400710608,1.5892582090623382,0.0,0.0,0.0,0.0,0.0,0.0,0.0,0.0,3.209410631489101,1.418883683761242,3.6321929732467204,0.0,0.0,2.6649677551004873,5.311440761375322,0.0,0.0,0.0,4.826555284350331,7.4143281743778955,0.0,9.519230648717988,0.0,0.0,5.248197874690456,0.0,0.0,6.189872323672688
6.510466557415184,2.2525543510902457,0.0,0.0,0.0,0.0,0.0,0.0,0.0,0.0,3.095664449199354,4.037936542743371,5.176028059631636,0.0,0.0,2.7995378714682304,5.52573976293883,0.0,0.0,0.0,3.0693145791143177,8.467674095985577,0.0,7.547510463849241,0.0,0.0,6.150281854644101,0.0,0.0,6.455103361962656
3.0357108689587173,2.2037057644216977,0.0,0.0,0.0,0.0,0.0,0.0,0.0,0.0,4.199338230146951,2.7365853620208496,5.457629453855047,0.0,0.0,3.995933551528489,5.476928056104927,0.0,0.0,0.0,4.573887602369422,8.362175761389937,0.0,9.412895347668833,0.0,0.0,3.3489694222509803,0.0,0.0,7.092905785847207
4.592432948574138,3.095534302503786,0.0,0.0,0.0,0.0,0.0,0.0,0.0,0.0,3.3223958149473916,2.675007961616069,1.5374607369461735,0.0,0.0,3.495900756548385,4.0746426927972195,0.0,0.0,0.0,4.479122303648383,6.148395425247437,0.0,7.664018833352415,0.0,0.0,3.5312314754799137,0.0,0.0,7.44221373102898
5.885425329008263,1.748338445280182,0.0,0.0,0.0,0.0,0.0,0.0,0.0,0.0,3.6637085449502576,3.2711654077213193,5.660756992964541,0.0,0.0,2.8849442912339414,5.065665031873677,0.0,0.0,0.0,3.9036184297304506,7.069610931178177,0.0,1.748338445280182,0.0,0.0,5.013836492831549,0.0,0.0,2.6632620647350835
5.918184656056911,2.1113982219737806,0.0,0.0,0.0,0.0,0.0,0.0,0.0,0.0,0.41906043767228995,2.987353726124918,4.090757525247064,0.0,0.0,4.756930468184543,3.9878002412030336,0.0,0.0,0.0,4.422474363365151,7.387509306622374,0.0,7.824645499133948,0.0,0.0,3.4384846939627463,0.0,0.0,0.9536682476056146
2.5412672383946857,2.5412672383946857,0.0,0.0,0.0,0.0,0.0,0.0,0.0,0.0,4.8866833378528005,3.3853653591116903,4.615151643904303,0.0,0.0,3.707538933668111,2.036536472646733,0.0,0.0,0.0,3.0628346478491015,6.693243940727246,0.0,9.008295505828213,0.0,0.0,3.467421056935217,0.0,0.0,7.6956268359486355
4.353797273899818,3.4878638836580014,0.0,0.0,0.0,0.0,0.0,0.0,0.0,0.0,2.2136031235106493,0.9230573030678683,4.33850621000748,0.0,0.0,4.027387458375891,3.247720295105879,0.0,0.0,0.0,4.515117753482619,7.86836919924937,0.0,9.145060116015834,0.0,0.0,3.501318111109435,0.0,0.0,7.362763845905907
3.1848060896130224,3.5261278563085976,0.0,0.0,0.0,0.0,0.0,0.0,0.0,0.0,1.1877783887799735,1.9546075829049006,4.265875755998215,0.0,0.0,3.793041984064115,5.849701449582702,0.0,0.0,0.0,3.6138920508083827,7.58880144998737,0.0,8.26036727959951,0.0,0.0,2.27948946075628,0.0,0.0,6.720987358650876
5.2397771025946245,4.116473453401755,0.0,0.0,0.0,0.0,0.0,0.0,0.0,0.0,4.363624652539623,4.16451269584864,2.7578133717346613,0.0,0.0,2.7377514274857524,4.797861381523881,0.0,0.0,0.0,3.349266244373493,8.132065179388269,0.0,8.869692794625543,0.0,0.0,3.5801877027319113,0.0,0.0,8.064834466682381
4.7096245140932815,3.6620513954531364,0.0,0.0,0.0,0.0,0.0,0.0,0.0,0.0,3.5560364740359707,3.1550326393728363,2.268432131836545,0.0,0.0,5.283346835113912,4.525577748463842,0.0,0.0,0.0,2.268432131836545,4.024129878698169,0.0,7.027016579608202,0.0,0.0,3.328293471436953,0.0,0.0,6.401469455236538
4.865672675992004,2.65221718917089,0.0,0.0,0.0,0.0,0.0,0.0,0.0,0.0,2.23198887149982,3.2992750203200933,5.835165861306952,0.0,0.0,3.357272440731692,6.788350889561621,0.0,0.0,0.0,3.5359983276141502,8.784249578336432,0.0,3.38326800302327,0.0,0.0,4.9034148600479694,0.0,0.0,5.694035894351238
6.003809716209757,5.912374544925186,0.0,0.0,0.0,0.0,0.0,0.0,0.0,0.0,4.183953876260016,4.96814828733206,3.5466247465703074,0.0,0.0,0.04869423850475829,4.703080905671814,0.0,0.0,0.0,3.5011077747805968,10.204447169868343,0.0,6.493090398936834,0.0,0.0,4.2094709242891115,0.0,0.0,6.665521058124348
5.5677392184940855,2.6889195557863417,0.0,0.0,0.0,0.0,0.0,0.0,0.0,0.0,3.7416341234936445,0.9757218531109029,4.799080559521638,0.0,0.0,2.808102987834841,4.508280179816699,0.0,0.0,0.0,4.738371890656719,2.2502003127548393,0.0,7.761377030021032,0.0,0.0,3.6558843140690933,0.0,0.0,7.592757858839148
6.072844510342642,5.714118391487009,0.0,0.0,0.0,0.0,0.0,0.0,0.0,0.0,3.220040502165027,4.33101455658581,4.647780876171503,0.0,0.0,3.9971571045545007,3.011180930032706,0.0,0.0,0.0,3.03787066924878,7.41962240129002,0.0,8.72272855697616,0.0,0.0,4.788178540903687,0.0,0.0,6.324203675247503
6.190461800805308,5.924578013127829,0.0,0.0,0.0,0.0,0.0,0.0,0.0,0.0,3.8462198171447586,3.942801172113903,6.747932123267406,0.0,0.0,0.8025287623373287,5.354397682559129,0.0,0.0,0.0,3.5251277622593387,8.671777309539927,0.0,9.083094991493207,0.0,0.0,6.514805198069823,0.0,0.0,5.815281043537498
5.189537940891452,6.771399181668114,0.0,0.0,0.0,0.0,0.0,0.0,0.0,0.0,3.6645267055711956,4.013894881734677,4.585733124786427,0.0,0.0,4.555485190472897,1.40461373172696,0.0,0.0,0.0,3.293329827912831,8.296617027027185,0.0,7.92601848848258,0.0,0.0,4.362526756202299,0.0,0.0,6.171739122333946
4.443890616568744,6.663443015963327,0.0,0.0,0.0,0.0,0.0,0.0,0.0,0.0,3.9724205010126536,3.3954326820379714,3.889187497751462,0.0,0.0,2.5088424281029083,5.4024290831159405,0.0,0.0,0.0,3.9657392246463083,6.559211186582497,0.0,9.017002507692517,0.0,0.0,1.0065673797631405,0.0,0.0,1.0065673797631405
5.577701876354655,3.6062288144619616,0.0,0.0,0.0,0.0,0.0,0.0,0.0,0.0,2.7895238587275717,2.2957477088446154,4.619988887355629,0.0,0.0,5.417454835277443,1.1958891436469066,0.0,0.0,0.0,2.3325304614568116,0.9051153108873654,0.0,7.147063572783155,0.0,0.0,5.469778827860379,0.0,0.0,5.3468387236910155
5.323893073338886,6.903299001273566,0.0,0.0,0.0,0.0,0.0,0.0,0.0,0.0,2.6680695321684547,1.5277437396865998,1.5277437396865998,0.0,0.0,4.753581445193034,5.410728565217802,0.0,0.0,0.0,2.820319177450761,6.54171705324466,0.0,9.023653286299858,0.0,0.0,4.7222043621518,0.0,0.0,5.470650120663738
2.676500528720245,9.421732925672075,0.0,0.0,0.0,0.0,0.0,0.0,0.0,0.0,2.1548502039769963,2.7560074644099437,5.836143459114688,0.0,0.0,3.9150198599400814,2.676500528720245,0.0,0.0,0.0,2.937913053902488,7.674489955443786,0.0,7.966233820311323,0.0,0.0,3.9293221700942818,0.0,0.0,2.9138180052932867
5.3228097830576875,8.127991846222077,0.0,0.0,0.0,0.0,0.0,0.0,0.0,0.0,2.5891173823429035,2.6930042021911427,2.383289864392105,0.0,0.0,0.7417317111235304,3.9284385677239673,0.0,0.0,0.0,3.5930425895487472,7.90403722118047,0.0,7.139260743601456,0.0,0.0,3.5540485190209328,0.0,0.0,8.949727011733945
5.051968596657506,8.048872281885334,0.0,0.0,0.0,0.0,0.0,0.0,0.0,0.0,0.566302466103743,0.566302466103743,4.705850018704679,0.0,0.0,3.100020962916463,3.2752034916389503,0.0,0.0,0.0,3.3569149218699215,7.302408809237061,0.0,7.753404007289465,0.0,0.0,4.378027306950788,0.0,0.0,7.968140405330954
2.384362665294501,8.96742114942119,0.0,0.0,0.0,0.0,0.0,0.0,0.0,0.0,1.931673437359956,2.047725083261461,4.263997699892954,0.0,0.0,3.6793356609081345,2.384362665294501,0.0,0.0,0.0,5.758389542256114,8.916080802266933,0.0,7.82150571310622,0.0,0.0,3.5781243057868295,0.0,0.0,6.456518837411144
4.433590498448249,4.379954180061597,0.0,0.0,0.0,0.0,0.0,0.0,0.0,0.0,1.728417810316377,1.0844811573057256,3.0315648782264963,0.0,0.0,0.09090918221938216,4.774829706810387,0.0,0.0,0.0,3.870941660022151,4.379954180061597,0.0,4.711194622792016,0.0,0.0,4.711194622792016,0.0,0.0,5.515413303823453
5.56486767203489,9.255049484749263,0.0,0.0,0.0,0.0,0.0,0.0,0.0,0.0,2.807436997786091,3.68807641785056,4.138345708198592,0.0,0.0,1.6876077157963791,3.804434114900907,0.0,0.0,0.0,3.9101611709461217,5.99682112092844,0.0,6.696324055082531,0.0,0.0,4.9555980331476945,0.0,0.0,7.606944832514178
3.792145212737492,10.072528305976737,0.0,0.0,0.0,0.0,0.0,0.0,0.0,0.0,4.430290434732571,2.090777939492779,2.090777939492779,0.0,0.0,4.402438924802159,4.152964155709784,0.0,0.0,0.0,2.707403605288177,7.868053783405583,0.0,8.003725466955796,0.0,0.0,3.8786395343855564,0.0,0.0,7.853314392952166
5.593153968202423,9.729821712975383,0.0,0.0,0.0,0.0,0.0,0.0,0.0,0.0,4.37202050568063,3.5943964254235805,2.979604246435593,0.0,0.0,-1.1096491253072718,4.4705349288797755,0.0,0.0,0.0,4.0928236662047235,5.546612141524467,0.0,5.964690116618685,0.0,0.0,5.415775396908343,0.0,0.0,-0.010961945887678182
3.8585869723747486,8.012574778163323,0.0,0.0,0.0,0.0,0.0,0.0,0.0,0.0,3.94278370889087,2.7762909046271056,5.098148285001425,0.0,0.0,1.9318305704269219,2.404712328219328,0.0,0.0,0.0,2.857238220832433,7.269392892453057,0.0,7.938409710816961,0.0,0.0,2.404712328219328,0.0,0.0,5.9310577844627606
5.911315146806524,8.21300425292065,0.0,0.0,0.0,0.0,0.0,0.0,0.0,0.0,3.555145832349911,3.084087098780088,3.958667674151876,0.0,0.0,2.6852471830973252,5.557171815624145,0.0,0.0,0.0,3.4706590776823183,-1.3514131331334214,0.0,8.572574717956329,0.0,0.0,3.9201025104163665,0.0,0.0,8.287495581100508
4.8666703252231525,7.884137710533689,0.0,0.0,0.0,0.0,0.0,0.0,0.0,0.0,4.2832331625926185,3.6424389637917907,3.5299174367863264,0.0,0.0,4.026572789153199,4.541578157899012,0.0,0.0,0.0,4.3893226583752885,7.752710629570178,0.0,4.026572789153199,0.0,0.0,2.1175560780538007,0.0,0.0,2.1175560780538007
5.9825951793443295,7.905203462164086,0.0,0.0,0.0,0.0,0.0,0.0,0.0,0.0,3.446752878852917,3.20524033610458,6.457722832100284,0.0,0.0,1.0261295421819077,2.866803699018309,0.0,0.0,0.0,7.216052347140433,7.21625466586237,0.0,7.873251586871565,0.0,0.0,3.140720490335808,0.0,0.0,0.25981210500967933
6.931108312041656,9.41551603657326,0.0,0.0,0.0,0.0,0.0,0.0,0.0,0.0,1.9356004301016205,2.8030025063333506,3.294342815254507,0.0,0.0,3.5425956444651874,6.672626862767062,0.0,0.0,0.0,3.7790453243274253,8.173853912436305,0.0,7.734448708568974,0.0,0.0,2.882960229061138,0.0,0.0,3.7790453243274253
5.880299506460633,9.076838884130142,0.0,0.0,0.0,0.0,0.0,0.0,0.0,0.0,3.9660182949822023,2.9455918410344024,5.007521941163982,0.0,0.0,3.8958326283136473,5.2474724868073075,0.0,0.0,0.0,3.757539619241454,8.65214740010359,0.0,9.822857968335814,0.0,0.0,4.979039724823963,0.0,0.0,3.757539619241454
8.084255118667246,9.319710101930779,0.0,0.0,0.0,0.0,0.0,0.0,0.0,0.0,3.146653788070019,3.453130858068458,2.9800233545420554,0.0,0.0,5.080135912518772,4.91649263248046,0.0,0.0,0.0,2.8019490955925446,6.867423536493646,0.0,9.139865733207976,0.0,0.0,5.090231493896333,0.0,0.0,2.8019490955925446
5.188412793848751,9.209312443858526,0.0,0.0,0.0,0.0,0.0,0.0,0.0,0.0,3.8192421907382026,4.231929395722358,1.5335784887735873,0.0,0.0,3.290275283182414,5.298444750529932,0.0,0.0,0.0,1.543787271447479,7.321490865924846,0.0,1.5335784887735873,0.0,0.0,4.236641908061973,0.0,0.0,1.543787271447479
7.226475172358056,9.980983209110006,0.0,0.0,0.0,0.0,0.0,0.0,0.0,0.0,2.2920877863935143,3.4723927892533886,4.105283647900715,0.0,0.0,2.9090409695913704,4.888585008622815,0.0,0.0,0.0,4.840108324035247,8.11008296408228,0.0,7.747305869034915,0.0,0.0,5.22034110336095,0.0,0.0,2.666804309718781
7.1375510948794645,10.849237503973935,0.0,0.0,0.0,0.0,0.0,0.0,0.0,0.0,2.9473175742767066,3.5058026135421296,4.320695468927194,0.0,0.0,3.2327760462008848,2.757740599948794,0.0,0.0,0.0,2.1170798539208313,2.757740599948794,0.0,9.12244614160968,0.0,0.0,5.51164334453216,0.0,0.0,7.713064651964505
3.618270083426547,8.83212916893929,0.0,0.0,0.0,0.0,0.0,0.0,0.0,0.0,4.858299044675947,3.21448753195957,3.803467525525718,0.0,0.0,4.030100523946109,4.246710274696785,0.0,0.0,0.0,4.033974741583952,3.889959402777424,0.0,8.789225140409965,0.0,0.0,5.355568869275852,0.0,0.0,3.889959402777424
1.2662855695962596,9.638426124309607,0.0,0.0,0.0,0.0,0.0,0.0,0.0,0.0,1.2662855695962596,2.7692143327172403,4.850312984649009,0.0,0.0,2.5325669458962974,5.924120299513623,0.0,0.0,0.0,3.6598322190702386,5.6333693706043295,0.0,7.3993974393920805,0.0,0.0,3.921276447793537,0.0,0.0,3.936336282443028
4.6220142657330365,9.730006782737524,0.0,0.0,0.0,0.0,0.0,0.0,0.0,0.0,1.774554668859653,4.112899869882026,2.5536344051317816,0.0,0.0,3.3685020750815355,6.132825789970749,0.0,0.0,0.0,2.5527028366242384,5.544723498829918,0.0,7.911521745005901,0.0,0.0,3.898563718334362,0.0,0.0,5.144138145644418
6.5975675537405305,9.283632547397303,0.0,0.0,0.0,0.0,0.0,0.0,0.0,0.0,3.770786070222713,1.360492436795575,1.360492436795575,0.0,0.0,2.6564666900431524,4.636216154584089,0.0,0.0,0.0,5.433499890312062,7.3793512274547375,0.0,8.215893521275635,0.0,0.0,2.5702447077601396,0.0,0.0,4.056795204378212
5.551537326970041,8.368638657484679,0.0,0.0,0.0,0.0,0.0,0.0,0.0,0.0,1.7070144127117934,2.218738744952754,4.043150867082194,0.0,0.0,3.599430226383814,6.558470842632794,0.0,0.0,0.0,2.738162555573668,7.137682416031485,0.0,7.261828129696476,0.0,0.0,4.081430270863962,0.0,0.0,3.377476199615103
4.737856303342893,9.571521807728837,0.0,0.0,0.0,0.0,0.0,0.0,0.0,0.0,3.357719740819887,0.5186862696490695,3.1538385096478847,0.0,0.0,2.2358172772849434,3.1326902490655284,0.0,0.0,0.0,2.371019034473815,9.804977180319575,0.0,8.390626632070944,0.0,0.0,5.668223188392687,0.0,0.0,4.596154277104425
2.512901599795538,8.043091918201387,0.0,0.0,0.0,0.0,0.0,0.0,0.0,0.0,3.1912236267117153,3.8354502026604838,3.713054875037171,0.0,0.0,4.177032387076361,4.2638589889450245,0.0,0.0,0.0,4.472576408670048,8.766962393448875,0.0,10.488378491615585,0.0,0.0,4.828338858809235,0.0,0.0,5.693826803540039
4.1951790369616475,8.819413275339349,0.0,0.0,0.0,0.0,0.0,0.0,0.0,0.0,3.7117655427484393,2.973065511221862,2.696527258897938,0.0,0.0,4.364375574276915,5.466569896933035,0.0,0.0,0.0,5.1832033377906646,7.446097545190027,0.0,7.85617526965068,0.0,0.0,5.6793999463522695,0.0,0.0,4.926760481581647
4.079256674596082,8.100517528420658,0.0,0.0,0.0,0.0,0.0,0.0,0.0,0.0,3.290127526883967,3.9927586218317304,5.243051727468286,0.0,0.0,-0.08457591473530712,-0.08457591473530712,0.0,0.0,0.0,4.672452117174801,5.823133172105443,0.0,9.823560681919183,0.0,0.0,6.060424582394647,0.0,0.0,8.90819106985584
5.7388438176308565,0.8923656712651331,0.0,0.0,0.0,0.0,0.0,0.0,0.0,0.0,3.00914525677759,0.8639350682940252,4.237697482414075,0.0,0.0,1.0990044171020288,7.640594008837547,0.0,0.0,0.0,2.4788639868085847,8.595919889477976,0.0,7.7838051659610095,0.0,0.0,5.245537707067593,0.0,0.0,5.71462611354805
5.4578700069645425,9.707415871476426,0.0,0.0,0.0,0.0,0.0,0.0,0.0,0.0,3.4205762446073997,4.380360846168401,2.6429400189950902,0.0,0.0,2.962876161406943,5.831511655973189,0.0,0.0,0.0,4.080848174210807,7.407982874571623,0.0,8.31108718436674,0.0,0.0,4.501057859878791,0.0,0.0,6.7998802614066625
-0.9419525047856993,8.051718265519437,0.0,0.0,0.0,0.0,0.0,0.0,0.0,0.0,3.4393441721417624,1.6581769125210517,1.6581769125210517,0.0,0.0,2.656024393170323,3.4751639276064794,0.0,0.0,0.0,3.951803296806665,6.274728356717349,0.0,8.878484533141725,0.0,0.0,4.912894769158959,0.0,0.0,6.333983709663692
5.494604887612644,9.828704034078134,0.0,0.0,0.0,0.0,0.0,0.0,0.0,0.0,3.2815966199625164,2.3068960278268325,5.195327569061061,0.0,0.0,4.100925443945691,5.012309711661631,0.0,0.0,0.0,2.0953413432799555,8.574349098053467,0.0,9.264371877688076,0.0,0.0,3.0886115778473906,0.0,0.0,5.519951032933527
4.769847027915738,9.478439884119211,0.0,0.0,0.0,0.0,0.0,0.0,0.0,0.0,4.333645664111344,1.8619017616991644,3.76187237083745,0.0,0.0,3.757030336026738,5.275132612960446,0.0,0.0,0.0,3.1161706387871337,7.7759254910985005,0.0,1.3545326303442566,0.0,0.0,4.266532018456163,0.0,0.0,7.023813591352368
5.160206853411028,9.653196334579961,0.0,0.0,0.0,0.0,0.0,0.0,0.0,0.0,3.2459463183160744,3.3475077932777597,3.81040685276771,0.0,0.0,4.024841838078949,5.636877264846604,0.0,0.0,0.0,4.027902777173811,6.254860336009135,0.0,9.902361774874677,0.0,0.0,5.151270453438908,0.0,0.0,7.0585519327855275
6.655832131638888,11.369707385310198,0.0,0.0,0.0,0.0,0.0,0.0,0.0,0.0,3.1870910650111632,2.7640140927528147,4.591239280483827,0.0,0.0,4.749172152962132,5.662319138737281,0.0,0.0,0.0,4.128912603017585,8.904508701253606,0.0,7.634193634219028,0.0,0.0,3.990716273293668,0.0,0.0,5.852790176669917
5.2548065569625235,8.102420382102911,0.0,0.0,0.0,0.0,0.0,0.0,0.0,0.0,1.8489089428547227,2.2664996651147815,4.442258672984002,0.0,0.0,3.493581513867685,6.159314695257472,0.0,0.0,0.0,4.2521719944158844,7.9394380921110645,0.0,6.807657951094669,0.0,0.0,4.5379240252548305,0.0,0.0,6.878946620377551
4.837468279581735,11.045979642324951,0.0,0.0,0.0,0.0,0.0,0.0,0.0,0.0,2.1507317693286514,2.695640533631954,2.695640533631954,0.0,0.0,3.596670569997471,3.848883047723308,0.0,0.0,0.0,4.086575275351631,9.066445556405458,0.0,6.76285580477363,0.0,0.0,4.805696561998616,0.0,0.0,7.7028246800964295
4.357186691425411,8.725146169925319,0.0,0.0,0.0,0.0,0.0,0.0,0.0,0.0,4.343154552489126,3.68088497885858,4.083785004249124,0.0,0.0,4.603299742335845,3.4766306453118228,0.0,0.0,0.0,3.8585675047962127,5.612397770692795,0.0,8.564439120175425,0.0,0.0,4.343985114323602,0.0,0.0,6.413010118993846
5.8337759251251695,1.305752385754374,0.0,0.0,0.0,0.0,0.0,0.0,0.0,0.0,2.801987905896294,2.7233550243683933,5.876043260753763,0.0,0.0,4.607330209937748,3.8972082541163324,0.0,0.0,0.0,3.306781038358314,7.150597452167929,0.0,0.47115056734502525,0.0,0.0,5.694798193260794,0.0,0.0,6.500534085551497
3.16549658124797,7.921570812787524,0.0,0.0,0.0,0.0,0.0,0.0,0.0,0.0,3.047844320687485,3.1926788469353085,4.1105054101450085,0.0,0.0,3.629889431609227,4.153945558696812,0.0,0.0,0.0,4.609551125944044,7.30224843428254,0.0,7.439481361471095,0.0,0.0,5.753730762247406,0.0,0.0,5.639274187636549
4.8078197654862205,10.985746432974787,0.0,0.0,0.0,0.0,0.0,0.0,0.0,0.0,2.201250427111672,3.231265194271273,3.2162096065189725,0.0,0.0,4.302362471947977,4.902799099937121,0.0,0.0,0.0,4.199211205802633,8.080983065384684,0.0,8.08559115130713,0.0,0.0,3.292620594695838,0.0,0.0,2.201250427111672
5.525461664395265,11.206607691986402,0.0,0.0,0.0,0.0,0.0,0.0,0.0,0.0,1.0186778484521295,1.4358617047735174,3.821965368620108,0.0,0.0,4.029143139969337,4.5225727696264695,0.0,0.0,0.0,5.0015237868534665,2.321633564749221,0.0,7.5716557576567896,0.0,0.0,3.821965368620108,0.0,0.0,7.664260505876742
2.579784089204546,8.866835352178093,0.0,0.0,0.0,0.0,0.0,0.0,0.0,0.0,1.711934886025773,3.1816309726974144,1.4234865969829253,0.0,0.0,2.7258453146359787,4.364841363651494,0.0,0.0,0.0,6.974364811194457,7.896334631065733,0.0,8.689914520176393,0.0,0.0,2.579784089204546,0.0,0.0,6.0396837204623885
4.341709999465873,4.53051135105701,0.0,0.0,0.0,0.0,0.0,0.0,0.0,0.0,2.6311967145435,3.511871135445747,5.392687187631077,0.0,0.0,3.217290618461327,2.7933676407782717,0.0,0.0,0.0,7.008938497790701,7.4588115917622355,0.0,9.365479640124672,0.0,0.0,4.53051135105701,0.0,0.0,2.7933676407782717
4.3877254499898,7.887965082954004,0.0,0.0,0.0,0.0,0.0,0.0,0.0,0.0,2.960009875640675,3.678629704973284,4.596621132325863,0.0,0.0,2.4438106471968988,3.7674308747099077,0.0,0.0,0.0,8.43659311657954,6.9119415105969075,0.0,9.271234864799544,0.0,0.0,2.8914401276714212,0.0,0.0,1.0795394712496624
4.76475555725618,8.82669176553189,0.0,0.0,0.0,0.0,0.0,0.0,0.0,0.0,2.0034101181136026,2.1642003786765454,4.707226164768019,0.0,0.0,3.1785136616550203,5.2914671976586005,0.0,0.0,0.0,3.9291900035257603,7.420855350101565,0.0,8.651007137422972,0.0,0.0,4.751971225487337,0.0,0.0,3.9291900035257603
4.490839435746224,9.981506911684459,0.0,0.0,0.0,0.0,0.0,0.0,0.0,0.0,2.307821948042711,1.203932596684573,4.262285233423949,0.0,0.0,4.537489175248355,5.535049731667704,0.0,0.0,0.0,2.590811693659423,7.392643131409392,0.0,9.87300455055082,0.0,0.0,3.8598027713093344,0.0,0.0,2.590811693659423
6.095465507929635,0.15152702194661194,0.0,0.0,0.0,0.0,0.0,0.0,0.0,0.0,2.7987171659315035,3.423198567883796,4.287761088062601,0.0,0.0,3.720444913611052,4.239356363048747,0.0,0.0,0.0,1.6445979496934113,1.6445979496934113,0.0,8.794822851612212,0.0,0.0,4.5613340504303155,0.0,0.0,1.6445979496934113
3.639403931060232,9.383595844269951,0.0,0.0,0.0,0.0,0.0,0.0,0.0,0.0,2.996366017530814,10.242340584963081,4.850511449925984,0.0,0.0,5.044565902225804,5.813114055669726,0.0,0.0,0.0,1.6846666992649835,7.166480401435231,0.0,9.343504414073418,0.0,0.0,4.60578309344203,0.0,0.0,1.6846666992649835
5.827896936432983,6.875833258173667,0.0,0.0,0.0,0.0,0.0,0.0,0.0,0.0,2.6585827382852965,3.953235796175617,1.5373287359136316,0.0,0.0,4.41013884369936,2.841733775166607,0.0,0.0,0.0,1.5169265735460793,8.177780238398094,0.0,2.841733775166607,0.0,0.0,6.314278239163899,0.0,0.0,1.5169265735460793
4.99240302552703,7.673596520519314,0.0,0.0,0.0,0.0,0.0,0.0,0.0,0.0,1.9085508035584764,10.728389693354847,4.413858072145532,0.0,0.0,4.641057771235209,3.518531729061934,0.0,0.0,0.0,0.8231044647283103,7.775227884924636,0.0,8.446025710615254,0.0,0.0,4.449861567452153,0.0,0.0,0.8231044647283103
6.465919317466646,10.933718372027352,0.0,0.0,0.0,0.0,0.0,0.0,0.0,0.0,3.6925452872305486,9.503643482630412,3.4366946481955276,0.0,0.0,3.461528298156086,3.981452277465874,0.0,0.0,0.0,3.3020384052841125,1.6060315290840483,0.0,7.681497606043841,0.0,0.0,6.1902340061890575,0.0,0.0,0.5654030875405791
4.978995593951257,8.707907732174707,0.0,0.0,0.0,0.0,0.0,0.0,0.0,0.0,3.910512387127061,7.640726287312575,4.495162135785259,0.0,0.0,3.743718733623419,4.952492887343614,0.0,0.0,0.0,3.5142500760133473,8.727783888618964,0.0,8.483320447670037,0.0,0.0,3.7946260675764503,0.0,0.0,1.1626656693658743
6.547624221584541,10.46218714117093,0.0,0.0,0.0,0.0,0.0,0.0,0.0,0.0,3.858609730922362,10.412985695820407,3.1626381737690776,0.0,0.0,4.030901360442352,5.971276677308284,0.0,0.0,0.0,5.493401026649181,8.20231919550953,0.0,8.196784712537182,0.0,0.0,4.62521121097096,0.0,0.0,1.049880032983262
1.3999053079798378,8.043755297523294,0.0,0.0,0.0,0.0,0.0,0.0,0.0,0.0,1.3999053079798378,9.838137881194726,1.3999053079798378,0.0,0.0,4.083361585060738,1.9466742305845894,0.0,0.0,0.0,2.504666219928488,6.839000489721748,0.0,8.48062929576007,0.0,0.0,4.582164172988153,0.0,0.0,2.185044132811956
5.149385054074792,9.515724729121033,0.0,0.0,0.0,0.0,0.0,0.0,0.0,0.0,2.693030792756773,8.78369309200365,2.081810801892145,0.0,0.0,4.06727450205877,5.1856942571290325,0.0,0.0,0.0,3.5053265303647003,6.107985530879377,0.0,7.686527023996206,0.0,0.0,4.375268037552193,0.0,0.0,1.6407945590685937
6.792559040624529,7.005318931342195,0.0,0.0,0.0,0.0,0.0,0.0,0.0,0.0,4.167880542099607,9.129653602686794,4.776876416560858,0.0,0.0,1.4994448921130183,5.006821534482236,0.0,0.0,0.0,4.090228713473457,7.778015074017781,0.0,8.005821201796797,0.0,0.0,4.144667814090172,0.0,0.0,2.766462417158888
4.317259599544798,8.093680303702248,0.0,0.0,0.0,0.0,0.0,0.0,0.0,0.0,1.1693783977828796,10.292958254293495,0.1309143833875484,0.0,0.0,5.450551491972852,4.675154162300395,0.0,0.0,0.0,3.6912265058501146,7.702745974044386,0.0,7.95317319339092,0.0,0.0,2.0961011658857567,0.0,0.0,2.7750674247101688
5.507196342672027,10.95483868358929,0.0,0.0,0.0,0.0,0.0,0.0,0.0,0.0,4.369033847732981,-0.42639386536316914,5.099404437543185,0.0,0.0,3.261890440419837,6.125608944742202,0.0,0.0,0.0,3.6539934170069346,7.338877838617339,0.0,7.131626457665972,0.0,0.0,3.92789633949189,0.0,0.0,2.930567717595201
6.399170278533867,9.188544878844723,0.0,0.0,0.0,0.0,0.0,0.0,0.0,0.0,3.8849866013783334,10.307558155059294,2.5780091217401475,0.0,0.0,3.8170060085001225,4.731436754992277,0.0,0.0,0.0,4.699826778221665,6.658112222235781,0.0,2.2079322461332294,0.0,0.0,5.21218961689059,0.0,0.0,3.209611681030434
5.592891980793396,9.790894250273517,0.0,0.0,0.0,0.0,0.0,0.0,0.0,0.0,3.2118444705460503,10.60050307388815,5.1102089851848,0.0,0.0,-0.11868738928064249,3.402592638786207,0.0,0.0,0.0,4.133806454106282,8.222264354383483,0.0,8.64788178121227,0.0,0.0,5.844100843762653,0.0,0.0,4.4415736086663475
4.599632701507586,8.601945642770637,0.0,0.0,0.0,0.0,0.0,0.0,0.0,0.0,1.8511333747302556,10.220608871847038,4.293166315622857,0.0,0.0,3.13130355144122,2.017291388536642,0.0,0.0,0.0,4.203490696473005,6.469017999077931,0.0,6.735561164137162,0.0,0.0,4.806719181277098,0.0,0.0,4.612025320142759
6.0116677579751405,8.866845642676074,0.0,0.0,0.0,0.0,0.0,0.0,0.0,0.0,2.479604701847313,11.639146877273667,3.1254930999413584,0.0,0.0,4.519572080100733,4.5787707451196376,0.0,0.0,0.0,0.7246387834733224,7.883595154525175,0.0,7.242348693962681,0.0,0.0,3.541464507435635,0.0,0.0,4.817248068849491
4.339086849688967,9.578233513681997,0.0,0.0,0.0,0.0,0.0,0.0,0.0,0.0,2.9612856530662777,10.162443482269127,5.291877537512977,0.0,0.0,4.880887189523758,4.564192467042623,0.0,0.0,0.0,3.6385304000950116,8.398388309941613,0.0,8.329341420371815,0.0,0.0,4.147336005827931,0.0,0.0,5.335933214907712
6.0656619042299456,10.207182180234184,0.0,0.0,0.0,0.0,0.0,0.0,0.0,0.0,1.6193731773353612,10.738974923255928,3.2919995664827066,0.0,0.0,4.591897649124233,5.422980215727059,0.0,0.0,0.0,3.15030703439707,7.854789889703646,0.0,8.494721233803693,0.0,0.0,3.8678806306874147,0.0,0.0,5.50157955556683
5.424542715011151,11.439541742651144,0.0,0.0,0.0,0.0,0.0,0.0,0.0,0.0,3.7851846150610147,1.5573566318440883,3.901828954782596,0.0,0.0,3.755677794196225,5.9272421120714744,0.0,0.0,0.0,3.600382105045172,6.971166320530956,0.0,5.369838312790655,0.0,0.0,3.441276763764974,0.0,0.0,2.5987555444609107
4.509517878852774,7.725729480044437,0.0,0.0,0.0,0.0,0.0,0.0,0.0,0.0,4.065072364777403,11.2756323292763,5.423180181089304,0.0,0.0,2.8900379064747646,3.7439251019631596,0.0,0.0,0.0,3.5933797707782293,6.975445067346027,0.0,9.09679800906978,0.0,0.0,4.446655759002669,0.0,0.0,6.72113959984037
6.171933801141463,10.236850944554575,0.0,0.0,0.0,0.0,0.0,0.0,0.0,0.0,3.4092334137612115,0.0025814910347499165,4.6385224868627475,0.0,0.0,3.855031506116428,4.489087806088694,0.0,0.0,0.0,2.018291778570802,6.900818042174947,0.0,8.27778758662208,0.0,0.0,6.240381567621542,0.0,0.0,2.0659887715523735
3.4750642436341965,10.955019076331807,0.0,0.0,0.0,0.0,0.0,0.0,0.0,0.0,3.7198251776081337,9.970628893998029,2.9918152024949265,0.0,0.0,4.2648180703817244,2.9918152024949265,0.0,0.0,0.0,4.787089447622048,6.36608375351133,0.0,6.275159018736792,0.0,0.0,1.825698750410324,0.0,0.0,7.187628534896117
4.471424957053701,8.283939200263053,0.0,0.0,0.0,0.0,0.0,0.0,0.0,0.0,1.089173540170012,11.440095559113955,3.457592875574233,0.0,0.0,1.2998997813749227,5.685453901253625,0.0,0.0,0.0,4.4103842617664855,7.405361830968854,0.0,7.990599405852522,0.0,0.0,4.341309844685389,0.0,0.0,7.073395067056087
5.104230866799889,9.351221716931986,0.0,0.0,0.0,0.0,0.0,0.0,0.0,0.0,3.3149630606212086,10.606876948975488,4.199276704663575,0.0,0.0,2.893885256448411,3.9722966758358167,0.0,0.0,0.0,3.36612877108225,4.7365056685806195,0.0,4.7365056685806195,0.0,0.0,4.416720256247158,0.0,0.0,1.5422433824917416
6.244005300955375,8.863686091899803,0.0,0.0,0.0,0.0,0.0,0.0,0.0,0.0,2.763468204358449,8.810145965084873,4.101670391390817,0.0,0.0,2.9285718555679168,6.67896037392296,0.0,0.0,0.0,3.3923644042663152,5.892743885235244,0.0,7.256810647399295,0.0,0.0,4.94126886129315,0.0,0.0,6.322649485287558
4.101406981347495,8.410759582370625,0.0,0.0,0.0,0.0,0.0,0.0,0.0,0.0,3.508686844759896,9.093143032153206,6.3122460304712416,0.0,0.0,4.482047518026629,3.898459364600013,0.0,0.0,0.0,1.7116430551771327,8.379124914865766,0.0,1.7116430551771327,0.0,0.0,3.31400208881887,0.0,0.0,7.985060439960352
7.355302960320181,-0.10397916264318285,0.0,0.0,0.0,0.0,0.0,0.0,0.0,0.0,2.903488452429754,8.66289579611561,4.74228592331347,0.0,0.0,3.838584317344959,4.517829036286074,0.0,0.0,0.0,2.1938127970409744,1.5835031066978387,0.0,7.39266010875531,0.0,0.0,1.7196225343878504,0.0,0.0,6.531524763460393
6.199105127769243,8.144982741954827,0.0,0.0,0.0,0.0,0.0,0.0,0.0,0.0,3.373395837508096,9.335435654487968,5.163631980821896,0.0,0.0,4.302320340854066,5.014532365961391,0.0,0.0,0.0,3.5420116093197387,7.9749489102856685,0.0,9.414751033411177,0.0,0.0,3.668625836392043,0.0,0.0,7.675346721412684
5.890250331416789,7.37412284961732,0.0,0.0,0.0,0.0,0.0,0.0,0.0,0.0,3.329780334350072,9.553543341668657,4.232085607049538,0.0,0.0,3.814787230819345,1.0071285539460222,0.0,0.0,0.0,2.8436897254855915,6.293924769622407,0.0,6.952851441083353,0.0,0.0,5.930184594970001,0.0,0.0,6.886565758358521
5.523907484422381,7.176896833984459,0.0,0.0,0.0,0.0,0.0,0.0,0.0,0.0,3.074205906697557,9.297316457668957,3.935796019620023,0.0,0.0,3.0370106945389153,7.650679819752298,0.0,0.0,0.0,2.955920683726532,7.0520211261893095,0.0,7.890871628634305,0.0,0.0,3.723253216625677,0.0,0.0,5.556787918010045
5.303546518457302,8.898915538867964,0.0,0.0,0.0,0.0,0.0,0.0,0.0,0.0,3.270237871976549,10.2006877839744,3.0031883275609252,0.0,0.0,2.1320508479005094,4.958293796280652,0.0,0.0,0.0,3.2704290343442777,8.004891492145902,0.0,8.730119286140898,0.0,0.0,4.131050755411213,0.0,0.0,6.9132843820680865
4.831957927337772,7.638791114398705,0.0,0.0,0.0,0.0,0.0,0.0,0.0,0.0,3.4960732104333365,9.23290184161787,3.0211290636825394,0.0,0.0,2.670783030412194,5.786829067025993,0.0,0.0,0.0,4.686974336999244,7.822843998118178,0.0,10.524378098825188,0.0,0.0,4.361115247465696,0.0,0.0,6.9469516889612715
5.742831604673706,9.398730894313664,0.0,0.0,0.0,0.0,0.0,0.0,0.0,0.0,4.677729946702171,9.890989169091277,4.434573970011426,0.0,0.0,5.868015145746296,3.3309762706371107,0.0,0.0,0.0,3.601967094941841,6.823615380032557,0.0,8.371262527806671,0.0,0.0,5.604586821945066,0.0,0.0,6.690354500663541
5.930671576100983,10.603296801217823,0.0,0.0,0.0,0.0,0.0,0.0,0.0,0.0,3.553306487539875,9.416795363710692,3.7564828254450746,0.0,0.0,3.379901366099824,4.660927505322373,0.0,0.0,0.0,3.87686762223571,9.681037865251447,0.0,8.073290608133895,0.0,0.0,-0.03815749240695965,0.0,0.0,6.6540679461730585
5.48882689301556,9.271392926128584,0.0,0.0,0.0,0.0,0.0,0.0,0.0,0.0,3.705246570723703,8.035647916140162,5.017663904445105,0.0,0.0,2.8671719763307557,5.07984252569969,0.0,0.0,0.0,3.866118005973543,7.003235596251579,0.0,9.667937032728105,0.0,0.0,4.936722453370402,0.0,0.0,7.678199100467126
5.075589344386547,8.151353651324554,0.0,0.0,0.0,0.0,0.0,0.0,0.0,0.0,6.359049133748784,10.824890846936613,4.130676604534765,0.0,0.0,3.219159911205053,4.912522166797641,0.0,0.0,0.0,3.914432140307315,9.945903289503846,0.0,9.881918218415082,0.0,0.0,4.943083206553065,0.0,0.0,6.388926938362715
5.437286313046605,9.166100125167981,0.0,0.0,0.0,0.0,0.0,0.0,0.0,0.0,2.2144882575766496,9.255944773912207,6.975987075721646,0.0,0.0,5.106230717097745,4.591087294101534,0.0,0.0,0.0,5.7740529649007675,6.785824629635603,0.0,0.9155055800196322,0.0,0.0,2.7866936101050284,0.0,0.0,2.7866936101050284
4.342576411185864,9.45310446540252,0.0,0.0,0.0,0.0,0.0,0.0,0.0,0.0,4.02213105498146,9.382647996009785,3.0747126627883086,0.0,0.0,2.9851499640208083,5.145827251201619,0.0,0.0,0.0,1.372724829860886,8.852740735067119,0.0,8.151179039260516,0.0,0.0,3.693935721896582,0.0,0.0,3.0747126627883086
6.439349508016313,9.36206351896273,0.0,0.0,0.0,0.0,0.0,0.0,0.0,0.0,3.6292678126831523,10.327261171654772,3.145852632692054,0.0,0.0,2.2682190992354014,4.513280015819064,0.0,0.0,0.0,3.350631009552943,7.950396351144737,0.0,6.689765026750232,0.0,0.0,4.4389687812086445,0.0,0.0,2.8264534946291993
7.400697268998556,9.772073647258088,0.0,0.0,0.0,0.0,0.0,0.0,0.0,0.0,3.6649528554508026,10.708504637155173,3.2668853225671532,0.0,0.0,3.651965221193886,4.193859089866876,0.0,0.0,0.0,3.8470169170156088,7.791554542833253,0.0,7.525487114914048,0.0,0.0,4.532473283077982,0.0,0.0,3.2668853225671532
3.8864110031329315,8.06002212274689,0.0,0.0,0.0,0.0,0.0,0.0,0.0,0.0,3.0527053029035236,10.78838048625788,2.3517815353607743,0.0,0.0,2.1733224774489233,5.319320425936159,0.0,0.0,0.0,2.6792779798202755,6.009173422193835,0.0,8.400867378613976,0.0,0.0,4.065982391036971,0.0,0.0,2.3517815353607743
3.4469705317659063,8.65916165011173,0.0,0.0,0.0,0.0,0.0,0.0,0.0,0.0,3.010493694170941,9.136760517628822,2.974607631643084,0.0,0.0,7.580470086900235,3.698806299393988,0.0,0.0,0.0,2.5813622892415298,6.6933781033334965,0.0,3.4469705317659063,0.0,0.0,5.463170997114677,0.0,0.0,3.33205836381876
5.9958427881033,8.742793809857938,0.0,0.0,0.0,0.0,0.0,0.0,0.0,0.0,2.3219321190596673,1.5096308759334853,5.663504751804144,0.0,0.0,3.4936444161727795,6.977438368376933,0.0,0.0,0.0,2.3278021058407523,7.3074919558061335,0.0,6.833472768924781,0.0,0.0,5.521481421775281,0.0,0.0,3.3622899899883874
4.944223237896747,9.293818377152348,0.0,0.0,0.0,0.0,0.0,0.0,0.0,0.0,3.319554826078174,9.663095237468937,3.7681153543102983,0.0,0.0,3.3289508885116144,4.617523818967623,0.0,0.0,0.0,4.933644592940161,7.241582603575795,0.0,6.569192586019257,0.0,0.0,3.9318863087735267,0.0,0.0,4.480087895119889
2.5189343530041124,7.82976344254109,0.0,0.0,0.0,0.0,0.0,0.0,0.0,0.0,4.463450735700066,10.037764905352741,5.431277530972524,0.0,0.0,4.690108358861444,4.521883348263357,0.0,0.0,0.0,4.391293651569974,6.347338260001366,0.0,7.60479320140643,0.0,0.0,5.193321125990385,0.0,0.0,5.152738270327924
5.497716260974424,8.530495030323966,0.0,0.0,0.0,0.0,0.0,0.0,0.0,0.0,5.242407388587388,9.915639474717713,3.0730614688915487,0.0,0.0,2.205841243871137,4.982557138591809,0.0,0.0,0.0,3.4110593455990115,6.531989254184112,0.0,7.60142729585349,0.0,0.0,4.564745597900555,0.0,0.0,4.5079683652471445
5.32116590982363,9.127573041286269,0.0,0.0,0.0,0.0,0.0,0.0,0.0,0.0,2.065313505639827,10.882346300374351,4.821692646938338,0.0,0.0,2.5756918028741174,2.5756918028741174,0.0,0.0,0.0,3.9745804799852746,9.051949160351302,0.0,7.889224693690777,0.0,0.0,4.6047832369378074,0.0,0.0,6.242061922025802
5.562080452063376,4.264835119812705,0.0,0.0,0.0,0.0,0.0,0.0,0.0,0.0,2.312034070731187,9.813968786123468,4.309772908626649,0.0,0.0,3.5866709966084835,4.49724067075867,0.0,0.0,0.0,0.9902402948908952,4.264835119812705,0.0,0.9902402948908952,0.0,0.0,3.002606560051454,0.0,0.0,5.712655309615458
5.535151308093945,7.009454528368016,0.0,0.0,0.0,0.0,0.0,0.0,0.0,0.0,2.7356614513326063,8.611011566822109,3.5452465283063157,0.0,0.0,3.5598994535577844,3.4483640204911308,0.0,0.0,0.0,2.862915152754662,7.08235139045135,0.0,8.523993662339869,0.0,0.0,4.295516417273011,0.0,0.0,5.428829219988129
4.929212152921248,6.843416033910882,0.0,0.0,0.0,0.0,0.0,0.0,0.0,0.0,2.072137643046286,8.227031153761512,1.8775443711168176,0.0,0.0,3.771699696332696,4.715889507608447,0.0,0.0,0.0,2.242057698862642,6.922817737169896,0.0,3.9290343820420155,0.0,0.0,4.904655016986913,0.0,0.0,3.9290343820420155
5.7970092795251205,8.245732939904348,0.0,0.0,0.0,0.0,0.0,0.0,0.0,0.0,3.486140840760619,8.830015098629215,5.089538434169376,0.0,0.0,3.5421719562220675,3.844721517474212,0.0,0.0,0.0,4.5470630394673295,6.474119744971204,0.0,4.183593342246274,0.0,0.0,4.4332716029956005,0.0,0.0,6.485403796575471
4.629083008503191,5.528528532136892,0.0,0.0,0.0,0.0,0.0,0.0,0.0,0.0,0.4266752590947598,6.559663500839676,2.9045207338700565,0.0,0.0,2.988405154983888,3.3436448331462927,0.0,0.0,0.0,5.528528532136892,7.056379255195964,0.0,8.36780249852152,0.0,0.0,4.60163056394675,0.0,0.0,6.1619937099191855
4.902092859357882,3.6172144706085674,0.0,0.0,0.0,0.0,0.0,0.0,0.0,0.0,2.8614608892883315,10.6391488300124,4.58329205851014,0.0,0.0,3.155706615552176,4.71182761504426,0.0,0.0,0.0,3.6172144706085674,7.754738126138029,0.0,6.683778711331404,0.0,0.0,3.8499146777696875,0.0,0.0,6.418140573669947
4.10994722843349,6.444521718637151,0.0,0.0,0.0,0.0,0.0,0.0,0.0,0.0,3.1686525784231883,1.7200070358639428,3.4236810108097115,0.0,0.0,3.6354376872849694,6.420428529916865,0.0,0.0,0.0,1.7200070358639428,5.567815709404622,0.0,7.458298174880815,0.0,0.0,5.133619753517694,0.0,0.0,8.672104734582607
5.638579449722324,3.5151922034027265,0.0,0.0,0.0,0.0,0.0,0.0,0.0,0.0,3.619519179805439,10.479287412546826,4.002240942372789,0.0,0.0,3.0572592125443285,7.096411274281335,0.0,0.0,0.0,3.5151922034027265,6.876348660717531,0.0,9.039307433558767,0.0,0.0,5.170897657593989,0.0,0.0,8.100107165399344
6.5655378080384095,4.553435440846019,0.0,0.0,0.0,0.0,0.0,0.0,0.0,0.0,3.107393189477548,9.762539990034494,3.8617140252703295,0.0,0.0,0.9219493647786048,4.847677505849825,0.0,0.0,0.0,4.724806712987594,7.534286081057429,0.0,7.356757355925767,0.0,0.0,0.6458638827419905,0.0,0.0,6.05734690736209
6.945089224759483,6.2592952716791155,0.0,0.0,0.0,0.0,0.0,0.0,0.0,0.0,4.352444220275705,8.746421564820311,3.231842050655575,0.0,0.0,4.845975376895099,7.116812889061009,0.0,0.0,0.0,2.8557981381076805,7.611403381148431,0.0,7.0508342741020416,0.0,0.0,6.278661668760201,0.0,0.0,9.29228796208176
6.038948862679683,2.638013235252787,0.0,0.0,0.0,0.0,0.0,0.0,0.0,0.0,1.664689342286749,9.97143404092745,4.58179401533065,0.0,0.0,2.638013235252787,5.3574752701197585,0.0,0.0,0.0,4.293846243809701,6.406618930057645,0.0,2.834009857335399,0.0,0.0,3.9201035507014956,0.0,0.0,6.278204305334052
5.372513797687032,7.180618959840182,0.0,0.0,0.0,0.0,0.0,0.0,0.0,0.0,3.7686757145645045,9.468204975967854,4.561963933094585,0.0,0.0,3.1389959495987556,4.65977550566601,0.0,0.0,0.0,3.3701211269892433,7.912715413526045,0.0,8.036271783373216,0.0,0.0,4.912556141543352,0.0,0.0,5.8520072275617085
5.110290816595186,6.20451665601295,0.0,0.0,0.0,0.0,0.0,0.0,0.0,0.0,4.058021245317269,8.31472384659543,5.193614306311503,0.0,0.0,2.7914340894576783,5.6466524354067955,0.0,0.0,0.0,1.9771922876908137,8.387639974198196,0.0,7.625396441871605,0.0,0.0,5.689795229618716,0.0,0.0,6.528091849977887
6.265743595031164,7.959364332035309,0.0,0.0,0.0,0.0,0.0,0.0,0.0,0.0,3.1857512884091403,10.089630040378514,0.4743831431085025,0.0,0.0,5.790712510796562,4.316809678902043,0.0,0.0,0.0,4.3042024245089845,0.4743831431085025,0.0,8.362806418921322,0.0,0.0,4.783123483133295,0.0,0.0,7.495602713105915
4.561633153883173,8.424643663977108,0.0,0.0,0.0,0.0,0.0,0.0,0.0,0.0,3.669448662297533,8.7872654096816,4.658616059035937,0.0,0.0,4.619333130244033,5.059842966523152,0.0,0.0,0.0,3.531552588930678,9.482648567303636,0.0,8.348936195235453,0.0,0.0,5.040972743619587,0.0,0.0,8.25911769505849
7.939034965018101,8.06577483353673,0.0,0.0,0.0,0.0,0.0,0.0,0.0,0.0,0.7240491771506217,11.031748913824973,3.6229347035890918,0.0,0.0,3.323115282281031,4.852241487232679,0.0,0.0,0.0,3.7392576999332388,6.562013966568571,0.0,1.8524398771998813,0.0,0.0,4.481568605047837,0.0,0.0,-0.5578496438726451
5.691238664391442,10.243657786900393,0.0,0.0,0.0,0.0,0.0,0.0,0.0,0.0,4.043169387575221,8.919767509812363,4.465249489788188,0.0,0.0,1.6948994136197135,4.911714705921655,0.0,0.0,0.0,3.131725506440137,0.3049315365025371,0.0,7.614182514626244,0.0,0.0,4.499507459154403,0.0,0.0,5.272364286716185
5.885873738531146,9.035586753372826,0.0,0.0,0.0,0.0,0.0,0.0,0.0,0.0,1.5717594321269535,9.748591404296297,4.316879720722317,0.0,0.0,4.618612189341565,5.861566539238606,0.0,0.0,0.0,2.481437070066538,8.694331533002215,0.0,2.6464674555802103,0.0,0.0,0.9921189918089804,0.0,0.0,7.79815030239002
3.4462093783588137,10.298026247477242,0.0,0.0,0.0,0.0,0.0,0.0,0.0,0.0,1.833091900120984,8.43010260025266,6.480784954775624,0.0,0.0,3.1632753736606043,4.532842530083591,0.0,0.0,0.0,5.156915215566444,6.053902944630892,0.0,10.722905188927749,0.0,0.0,4.446211718886045,0.0,0.0,0.18816743578444095
5.807103940535126,8.78825953881504,0.0,0.0,0.0,0.0,0.0,0.0,0.0,0.0,3.78164425419444,10.343942688371238,3.9900199943902486,0.0,0.0,5.013345104307653,4.856847922056253,0.0,0.0,0.0,3.6654089787039768,7.889030218176693,0.0,9.792965051485396,0.0,0.0,4.754424309528467,0.0,0.0,5.954212417411359
2.534323523456903,10.489750426191415,0.0,0.0,0.0,0.0,0.0,0.0,0.0,0.0,3.008543413456887,11.170856383714089,5.996928691718102,0.0,0.0,2.52834244928121,2.534323523456903,0.0,0.0,0.0,4.413725489442432,1.3542005256119911,0.0,9.12072680109151,0.0,0.0,4.959355410451664,0.0,0.0,7.841355447273027
5.50418131306531,9.461178517752478,0.0,0.0,0.0,0.0,0.0,0.0,0.0,0.0,3.4446770735747387,10.018774084552215,3.70138505406113,0.0,0.0,3.811227585725035,5.4377527996811486,0.0,0.0,0.0,3.2698973341448734,7.1171385794501,0.0,6.768174886806374,0.0,0.0,4.054836620201736,0.0,0.0,7.0321609218423085
2.8838554981474576,8.783442473005422,0.0,0.0,0.0,0.0,0.0,0.0,0.0,0.0,2.5272411440710765,10.208735807013683,2.8838554981474576,0.0,0.0,3.0626386775097068,4.2117598665197,0.0,0.0,0.0,4.126414417099717,3.2791058273644147,0.0,7.958829079451695,0.0,0.0,4.828374959770419,0.0,0.0,3.2791058273644147
6.155833033448714,8.910881813612827,0.0,0.0,0.0,0.0,0.0,0.0,0.0,0.0,0.32391185620145224,9.461916217577205,3.1922015389308327,0.0,0.0,1.6658253478930298,4.950308267648495,0.0,0.0,0.0,3.047629672747195,0.32391185620145224,0.0,8.005887587645574,0.0,0.0,3.710968917954634,0.0,0.0,5.67374035706874
5.6345348823009855,2.3249320694806923,0.0,0.0,0.0,0.0,0.0,0.0,0.0,0.0,1.4335768490653404,10.391902751056014,4.347510592780381,0.0,0.0,1.4335768490653404,5.56470677608705,0.0,0.0,0.0,4.280719806278065,6.173576310074682,0.0,6.2860332280601385,0.0,0.0,6.6368337108214455,0.0,0.0,7.381457901730853
5.588736067250184,8.620769287378765,0.0,0.0,0.0,0.0,0.0,0.0,0.0,0.0,2.9904556622055742,10.607847163250232,3.913658688163334,0.0,0.0,1.6771774348920876,4.255208518526803,0.0,0.0,0.0,4.434960874079472,5.8873518893163075,0.0,7.871230265628965,0.0,0.0,3.6199724038185495,0.0,0.0,6.678814943919094
2.693170211192334,7.281171400534382,0.0,0.0,0.0,0.0,0.0,0.0,0.0,0.0,3.023219176743283,9.626939659279847,4.820916536060171,0.0,0.0,5.341649187938766,6.766746402573812,0.0,0.0,0.0,3.434585023886619,5.967747507535592,0.0,2.693170211192334,0.0,0.0,4.506824335411301,0.0,0.0,6.148583910899675
3.3972775787421767,1.908172257871963,0.0,0.0,0.0,0.0,0.0,0.0,0.0,0.0,3.654259657958461,1.3999705535040552,2.995123582307974,0.0,0.0,4.398783728398929,4.935759227140173,0.0,0.0,0.0,5.415063793542733,7.102054804121315,0.0,7.296929415880544,0.0,0.0,3.8117778191120717,0.0,0.0,5.022833345314919
5.38192090023804,8.833902015064018,0.0,0.0,0.0,0.0,0.0,0.0,0.0,0.0,1.8566968264810368,3.062287944908892,3.1153164030618035,0.0,0.0,3.7220636990307314,4.88905155870583,0.0,0.0,0.0,2.856956426248598,6.374777898715848,0.0,7.78222710749713,0.0,0.0,5.0821275849958525,0.0,0.0,6.927413695886269
4.742159643615919,10.274307502326263,0.0,0.0,0.0,0.0,0.0,0.0,0.0,0.0,2.1529846519894256,9.454958229996834,5.6427895416657545,0.0,0.0,4.356809323744146,6.571468527869669,0.0,0.0,0.0,2.490963268750357,6.286523982791922,0.0,7.963451274301147,0.0,0.0,4.964037226595818,0.0,0.0,0.9610685086739263
6.1138620689834315,2.6651648851718432,0.0,0.0,0.0,0.0,0.0,0.0,0.0,0.0,3.022316667054764,8.1765023456955,1.8935323432831521,0.0,0.0,4.309693418785025,6.095667590424409,0.0,0.0,0.0,4.6118384805657495,8.241257712951429,0.0,8.724709214462202,0.0,0.0,2.6651648851718432,0.0,0.0,7.062485309006845
7.051487594507424,8.113998006336715,0.0,0.0,0.0,0.0,0.0,0.0,0.0,0.0,3.8081711346101708,4.034067947058289,4.336964709246486,0.0,0.0,2.8888036116983624,5.0613270042683105,0.0,0.0,0.0,4.790884007068627,8.033830612493142,0.0,10.106882318565654,0.0,0.0,5.8492636766187465,0.0,0.0,7.216020674141117
4.383883205214606,10.05393614623767,0.0,0.0,0.0,0.0,0.0,0.0,0.0,0.0,1.6900101403306567,8.9758960672999,4.006066646426479,0.0,0.0,1.864270116033152,3.9848145803263844,0.0,0.0,0.0,1.8270670474116253,8.463097851258654,0.0,8.786066890435203,0.0,0.0,1.9754966829443295,0.0,0.0,7.278703483004295
4.156497250562525,8.843495626682365,0.0,0.0,0.0,0.0,0.0,0.0,0.0,0.0,2.2620640637298375,3.7163849203976778,3.069933602642469,0.0,0.0,1.7680090812030986,4.047614882543576,0.0,0.0,0.0,4.311941396292695,6.919385161309645,0.0,7.187732980349772,0.0,0.0,1.0335551325395287,0.0,0.0,7.057197155245195
5.894359933979511,9.325640661889034,0.0,0.0,0.0,0.0,0.0,0.0,0.0,0.0,-0.8807252436167627,11.513567574798335,3.9299870817468334,0.0,0.0,3.444781530246346,4.981060770938305,0.0,0.0,0.0,3.8937341236983425,8.297697629706951,0.0,9.459206469582341,0.0,0.0,2.967722402406621,0.0,0.0,6.35953540565489
1.9752991593228117,7.761562658652352,0.0,0.0,0.0,0.0,0.0,0.0,0.0,0.0,4.212634766970303,9.885774198770605,1.9752991593228117,0.0,0.0,2.393971071244301,5.282784124737647,0.0,0.0,0.0,4.406136158284058,6.907472432322829,0.0,6.5809029759627995,0.0,0.0,6.33050209953454,0.0,0.0,7.259653404722563
4.96154410884265,9.069566402298422,0.0,0.0,0.0,0.0,0.0,0.0,0.0,0.0,1.958939430553033,1.958939430553033,2.907925771743863,0.0,0.0,3.172210687020679,4.653871303147141,0.0,0.0,0.0,3.7721752453824453,7.852713181730633,0.0,7.949148942617933,0.0,0.0,5.626189456998073,0.0,0.0,5.734569270426158
4.838764592067563,1.4758869535916204,0.0,0.0,0.0,0.0,0.0,0.0,0.0,0.0,2.8804875739567675,9.804012224567066,4.075838549475396,0.0,0.0,4.896383844379731,2.6431170535820976,0.0,0.0,0.0,4.024311086100725,5.9878629846681655,0.0,4.024311086100725,0.0,0.0,3.2623291694425287,0.0,0.0,7.237346317737322
1.3815799399103126,7.836871218094989,0.0,0.0,0.0,0.0,0.0,0.0,0.0,0.0,1.276791558709829,10.426132046636273,4.015014826118853,0.0,0.0,3.0164303183269707,3.6772933362656577,0.0,0.0,0.0,4.797956851427647,8.93127411817199,0.0,-0.10112169674854643,0.0,0.0,2.9423251097659264,0.0,0.0,3.731138288720026
1.6635944666086604,8.789091200573422,0.0,0.0,0.0,0.0,0.0,0.0,0.0,0.0,2.0596260514844507,10.088708573101684,4.914008686664748,0.0,0.0,1.6635944666086604,5.717749447342306,0.0,0.0,0.0,1.8421206184954158,8.207037355830147,0.0,6.071545396354376,0.0,0.0,4.739108845903197,0.0,0.0,7.008447367741206
5.125071981054163,10.282508865936482,0.0,0.0,0.0,0.0,0.0,0.0,0.0,0.0,3.867486180799084,9.362548753656291,2.4795937829555985,0.0,0.0,2.898508444043412,6.318287662390004,0.0,0.0,0.0,2.5895765757765288,8.062901373848092,0.0,7.864946023105785,0.0,0.0,4.545885062113932,0.0,0.0,6.077058449479613
5.315100249058863,8.17833591925188,0.0,0.0,0.0,0.0,0.0,0.0,0.0,0.0,2.2389661457102314,11.702967266682368,0.4898816001906887,0.0,0.0,3.465474650362582,2.2389661457102314,0.0,0.0,0.0,4.083786885661394,7.7474834116822064,0.0,9.691558843480886,0.0,0.0,4.317688621131051,0.0,0.0,6.869840823286821
4.535628608810206,8.856191337669724,0.0,0.0,0.0,0.0,0.0,0.0,0.0,0.0,4.100526633446835,11.674858675524437,2.0032486921606463,0.0,0.0,4.142593261485933,4.1563549327187115,0.0,0.0,0.0,5.729534477664974,9.08434108910707,0.0,7.387775284754053,0.0,0.0,6.153200871135941,0.0,0.0,7.428122742130781
5.932038933938025,9.813885408625168,0.0,0.0,0.0,0.0,0.0,0.0,0.0,0.0,4.627233096943531,1.872242304894755,4.168169634434751,0.0,0.0,2.180882499620301,5.025596541966376,0.0,0.0,0.0,5.844273472153344,8.57223851033668,0.0,8.97959490640258,0.0,0.0,4.575147697442027,0.0,0.0,6.951780590016908
3.4167240849561935,8.425351796318195,0.0,0.0,0.0,0.0,0.0,0.0,0.0,0.0,5.150849358940722,10.674935690740313,3.4230327315108635,0.0,0.0,4.158086948221028,4.927234916469431,0.0,0.0,0.0,3.2042097255108755,8.91552584817047,0.0,0.9941351120733474,0.0,0.0,5.930745331072442,0.0,0.0,6.876459311452337
2.6314506608771535,7.7017783791170205,0.0,0.0,0.0,0.0,0.0,0.0,0.0,0.0,1.933222918402053,9.5645702445503,4.264023792614038,0.0,0.0,1.4582981776795,6.6474857984071,0.0,0.0,0.0,2.7647435290235247,8.51812904457996,0.0,9.44703103210512,0.0,0.0,5.701049972844268,0.0,0.0,5.9825855272685
6.229226676537318,8.488489697479364,0.0,0.0,0.0,0.0,0.0,0.0,0.0,0.0,2.999112088992231,11.183566510321304,3.2217549937489114,0.0,0.0,4.617564121279164,2.166933917862701,0.0,0.0,0.0,5.0630630306068065,8.438225203301354,0.0,8.662790004828157,0.0,0.0,3.909170221397346,0.0,0.0,7.132233892143958
7.158753081723064,10.050603246460499,0.0,0.0,0.0,0.0,0.0,0.0,0.0,0.0,3.1091656204136804,9.632348165019067,3.9643415312667134,0.0,0.0,5.240762430225493,5.681233936064942,0.0,0.0,0.0,3.859798683645672,9.105768807730705,0.0,7.012610785306727,0.0,0.0,4.247467104858315,0.0,0.0,6.786149148293762
6.641165913445349,10.327492220968571,0.0,0.0,0.0,0.0,0.0,0.0,0.0,0.0,1.7362988329021465,10.629659242350163,3.623774144015076,0.0,0.0,2.327863447953071,1.7362988329021465,0.0,0.0,0.0,2.7001281486809816,7.337225267808195,0.0,9.37956107994668,0.0,0.0,5.116468688222422,0.0,0.0,6.38545946028369
6.870197365364318,4.116034785512795,0.0,0.0,0.0,0.0,0.0,0.0,0.0,0.0,4.5747850764407865,10.865547896129844,0.9717658325863053,0.0,0.0,2.554882863048313,4.422439404644632,0.0,0.0,0.0,2.563828435618194,6.206449710694474,0.0,4.116034785512795,0.0,0.0,2.3901815347735815,0.0,0.0,6.319103143177907
6.433750908618487,9.273207421783349,0.0,0.0,0.0,0.0,0.0,0.0,0.0,0.0,7.245174558300565,12.228436956406734,2.6131722230371963,0.0,0.0,2.37684123559497,4.4568975984617705,0.0,0.0,0.0,2.3834491939905464,8.036505602864118,0.0,2.37684123559497,0.0,0.0,3.9327670890427457,0.0,0.0,7.448328260442734
4.906727277600366,7.674883711214643,0.0,0.0,0.0,0.0,0.0,0.0,0.0,0.0,4.244829522261012,10.797941269904666,1.784254333620526,0.0,0.0,3.077452433460948,4.67054772358057,0.0,0.0,0.0,4.481256272450674,8.529313259361032,0.0,4.244829522261012,0.0,0.0,5.9744887717385105,0.0,0.0,6.142490457322685
5.27492425065333,8.033112071312026,0.0,0.0,0.0,0.0,0.0,0.0,0.0,0.0,4.705053797099432,9.045647478744405,4.562859597097196,0.0,0.0,2.5541889789278285,4.773879124255067,0.0,0.0,0.0,1.9585692206088792,4.767121784886414,0.0,1.222676851063384,0.0,0.0,3.7465717508554928,0.0,0.0,7.529874196965078
6.276331258553122,9.764901836676637,0.0,0.0,0.0,0.0,0.0,0.0,0.0,0.0,-0.049214566515600744,10.312667573634997,0.6269994827012305,0.0,0.0,-0.049214566515600744,4.884218652045641,0.0,0.0,0.0,4.609806207250409,2.458462861971077,0.0,5.927840912360188,0.0,0.0,4.625043475431717,0.0,0.0,0.7649112798464327
6.963800786352264,9.585370120041894,0.0,0.0,0.0,0.0,0.0,0.0,0.0,0.0,4.202654072123916,4.3036989990426315,3.64721737529732,0.0,0.0,2.8562300862948957,2.628813415190741,0.0,0.0,0.0,4.424573710229696,8.876033111925532,0.0,4.202654072123916,0.0,0.0,0.2223448455781385,0.0,0.0,6.305807888739405
2.9001743840783574,9.67009533716902,0.0,0.0,0.0,0.0,0.0,0.0,0.0,0.0,3.4212554750252226,10.007711405329573,7.278654920980671,0.0,0.0,4.166315102193688,4.661395738522032,0.0,0.0,0.0,4.350785157952253,7.688518947733658,0.0,3.4212554750252226,0.0,0.0,6.154780112831492,0.0,0.0,5.302799714079261
6.646839633471831,9.458061280950622,0.0,0.0,0.0,0.0,0.0,0.0,0.0,0.0,1.5644918301321469,10.11432402610171,2.421299563096807,0.0,0.0,2.214771487273652,6.238300128324524,0.0,0.0,0.0,3.6447981921538326,7.1628790239758295,0.0,6.036794365460053,0.0,0.0,5.730781940284832,0.0,0.0,8.540442727189141
6.463562343950899,10.904929681202315,0.0,0.0,0.0,0.0,0.0,0.0,0.0,0.0,2.7308637947224383,10.410590966682134,5.582325084174451,0.0,0.0,4.378094572589221,4.790885262892944,0.0,0.0,0.0,5.627066596014716,7.096795301113941,0.0,2.7308637947224383,0.0,0.0,4.909881036059113,0.0,0.0,5.994396772168102
6.030008820318907,8.217903121728671,0.0,0.0,0.0,0.0,0.0,0.0,0.0,0.0,2.5732894569308287,9.342759081714474,4.148323634838072,0.0,0.0,3.487237435522145,5.765343027622651,0.0,0.0,0.0,1.0819659617248325,5.4738242161313115,0.0,2.5732894569308287,0.0,0.0,3.7838710649874088,0.0,0.0,1.0819659617248325
6.088480574708641,7.5814737561031125,0.0,0.0,0.0,0.0,0.0,0.0,0.0,0.0,1.3908658812856576,11.207086863905785,4.1689278798051275,0.0,0.0,3.4343059100234457,6.387355106121358,0.0,0.0,0.0,2.2997202277234594,9.198507752506934,0.0,1.3908658812856576,0.0,0.0,4.458000216596187,0.0,0.0,5.829757193486942
5.074536187198798,7.7748437166048845,0.0,0.0,0.0,0.0,0.0,0.0,0.0,0.0,0.9654165333523678,9.560524132822387,4.07734580442567,0.0,0.0,2.7594599239608164,4.112181239034222,0.0,0.0,0.0,1.197310259347183,6.5691910263808735,0.0,0.9654165333523678,0.0,0.0,4.636876049019097,0.0,0.0,8.066620618007132
3.379493245502782,9.289311241142723,0.0,0.0,0.0,0.0,0.0,0.0,0.0,0.0,0.4737412438250075,1.362281021235638,5.038560504376804,0.0,0.0,4.300670571261506,6.362361361850114,0.0,0.0,0.0,3.0734294440756833,7.651246045832846,0.0,0.4737412438250075,0.0,0.0,4.004996243051536,0.0,0.0,6.605166741815479
-0.7444929140414729,2.3365397875756293,0.0,0.0,0.0,0.0,0.0,0.0,0.0,0.0,0.37088329819079674,9.311483432373246,2.6937602610848606,0.0,0.0,2.5668453045025816,4.797018801564676,0.0,0.0,0.0,4.1830974044454035,6.80759901260934,0.0,0.37088329819079674,0.0,0.0,6.3987919343091075,0.0,0.0,5.64885264750995
2.2914119262731725,7.582243697488099,0.0,0.0,0.0,0.0,0.0,0.0,0.0,0.0,0.25891391273633785,9.625312804341629,4.120360266057081,0.0,0.0,2.0354138804296396,2.2914119262731725,0.0,0.0,0.0,2.87009284129112,0.25891391273633785,0.0,0.25891391273633785,0.0,0.0,2.848220102678664,0.0,0.0,7.459584171834429
3.7497568413870694,8.87714600674731,0.0,0.0,0.0,0.0,0.0,0.0,0.0,0.0,1.365583623803022,9.65177165990978,3.3048159855494257,0.0,0.0,4.496317906731148,6.415049441918972,0.0,0.0,0.0,4.624140201161168,6.570588269108059,0.0,0.8192361588267423,0.0,0.0,4.055603744008347,0.0,0.0,6.524402792721291
4.121920228854556,11.034060535930632,0.0,0.0,0.0,0.0,0.0,0.0,0.0,0.0,3.1732635989152396,10.70793990752182,5.049847799625347,0.0,0.0,2.589557751004378,4.1359881848164575,0.0,0.0,0.0,4.461762475003161,7.212442244612138,0.0,0.8845169279733847,0.0,0.0,2.2939315596810532,0.0,0.0,7.445576705347636
6.985039895993298,7.98292400702285,0.0,0.0,0.0,0.0,0.0,0.0,0.0,0.0,3.048613162289697,11.781277611468848,4.164246920125799,0.0,0.0,3.5818583342412142,4.024197989491113,0.0,0.0,0.0,3.344830254014655,4.654158556901414,0.0,1.7073987801584403,0.0,0.0,7.411770998560673,0.0,0.0,5.646055517774173
5.324776960374062,9.200290660593458,0.0,0.0,0.0,0.0,0.0,0.0,0.0,0.0,2.235405402045103,9.83295236731469,3.7429534235468567,0.0,0.0,0.8499770547006106,5.986958927182586,0.0,0.0,0.0,5.028429422932202,7.641656095976486,0.0,0.8499770547006106,0.0,0.0,5.19270556756555,0.0,0.0,5.0819594047232455
5.469688251853621,8.597775720559294,0.0,0.0,0.0,0.0,0.0,0.0,0.0,0.0,1.5511402178792726,8.60448866248342,3.9054939709039758,0.0,0.0,3.9648493437164425,0.5760051674644142,0.0,0.0,0.0,4.242467711098251,8.25044942139822,0.0,0.9423042929350519,0.0,0.0,6.44134318174958,0.0,0.0,4.922222551661813
3.66249797555066,10.545918607103449,0.0,0.0,0.0,0.0,0.0,0.0,0.0,0.0,3.8240516362897314,10.396576066740547,4.59386387581404,0.0,0.0,1.3217884287389339,7.982305739882136,0.0,0.0,0.0,2.8542763156504605,1.3217884287389339,0.0,1.4413815489243513,0.0,0.0,3.9994863712203705,0.0,0.0,6.972834185933663
6.256571772871008,9.474922598214466,0.0,0.0,0.0,0.0,0.0,0.0,0.0,0.0,2.2714145156976913,11.149594304678715,5.515261538982032,0.0,0.0,3.3374295157609386,3.074487584790452,0.0,0.0,0.0,3.7522310690269283,3.074487584790452,0.0,1.1952099720763316,0.0,0.0,6.041751493169269,0.0,0.0,5.485405495341213
4.934216711267565,7.231018648804921,0.0,0.0,0.0,0.0,0.0,0.0,0.0,0.0,-1.0285449901092796,10.97683852608242,4.666276644473362,0.0,0.0,3.8397872370173776,2.460829961089306,0.0,0.0,0.0,3.3785538799058727,2.460829961089306,0.0,2.3271723669433277,0.0,0.0,4.128064372303954,0.0,0.0,7.135281498926397
4.485439599404355,7.5758783351561405,0.0,0.0,0.0,0.0,0.0,0.0,0.0,0.0,3.4277803770415547,7.778187519655038,5.220483640807231,0.0,0.0,5.059412526995377,4.791566668353581,0.0,0.0,0.0,2.745834314810959,4.7487700499400125,0.0,2.1347792054595818,0.0,0.0,6.399477349469971,0.0,0.0,6.1280226184635405
1.6397139734975217,8.04538348049771,0.0,0.0,0.0,0.0,0.0,0.0,0.0,0.0,4.432518819438198,4.432518819438198,3.860835266894068,0.0,0.0,3.7004207113823613,6.007772114236917,0.0,0.0,0.0,2.5212299237683604,1.6397139734975217,0.0,2.9106710646439113,0.0,0.0,4.789694637036268,0.0,0.0,5.872441971982038
2.380836187468595,9.391933143310514,0.0,0.0,0.0,0.0,0.0,0.0,0.0,0.0,2.380836187468595,8.320557078586106,4.027231034820714,0.0,0.0,3.9291316232912763,4.833299615826807,0.0,0.0,0.0,6.213706303612451,5.443264343918089,0.0,3.4979934604998344,0.0,0.0,5.096215092473648,0.0,0.0,6.271682774895533
4.537781042284571,8.687917651524396,0.0,0.0,0.0,0.0,0.0,0.0,0.0,0.0,2.4846814623732016,9.296250667739026,4.728959637098288,0.0,0.0,3.1645741039565314,5.706144720135632,0.0,0.0,0.0,3.507368909243682,4.849628025896506,0.0,3.464752183703127,0.0,0.0,0.7664090465357085,0.0,0.0,4.662304025173105
1.7178224440906305,8.772471829439377,0.0,0.0,0.0,0.0,0.0,0.0,0.0,0.0,1.8769982459069587,10.55206708556938,3.160743821727751,0.0,0.0,0.41768167729294525,1.7178224440906305,0.0,0.0,0.0,1.9539747178535598,7.658351198534126,0.0,3.516900489257378,0.0,0.0,1.9539747178535598,0.0,0.0,6.412842834173127
4.70897431815165,4.001485078527436,0.0,0.0,0.0,0.0,0.0,0.0,0.0,0.0,4.633005206817755,9.405546457392642,1.4919284417156615,0.0,0.0,5.144603798390364,3.7602458616495085,0.0,0.0,0.0,3.4627369243702577,4.001485078527436,0.0,5.10899245685412,0.0,0.0,3.968236592422892,0.0,0.0,8.07701134070049
5.171541880974776,7.760774844185927,0.0,0.0,0.0,0.0,0.0,0.0,0.0,0.0,2.6293175228053123,9.942168798781497,4.805232620287255,0.0,0.0,2.816169835158467,5.149561926606326,0.0,0.0,0.0,3.1124636552919447,6.830067458643946,0.0,4.820346148907526,0.0,0.0,1.6192463654078777,0.0,0.0,7.081888030571137
4.803907476200997,8.85220071794441,0.0,0.0,0.0,0.0,0.0,0.0,0.0,0.0,0.9359858491057369,10.196009566332858,3.5461444247908798,0.0,0.0,3.3442472116377884,4.7172086109217135,0.0,0.0,0.0,3.2162258983937004,7.63580455912044,0.0,5.454103857906191,0.0,0.0,5.754250869476159,0.0,0.0,5.856596659629132
4.953457644870828,8.812664183424749,0.0,0.0,0.0,0.0,0.0,0.0,0.0,0.0,2.7630301016713306,10.356327849803057,2.6164005284296454,0.0,0.0,2.6068289172078916,4.873332647681234,0.0,0.0,0.0,3.4563634995740795,6.481923429360889,0.0,5.3497676225492485,0.0,0.0,-0.7968653180367411,0.0,0.0,8.051710612794938
9.456032264594866,9.011529711506217,0.0,0.0,0.0,0.0,0.0,0.0,0.0,0.0,3.83254709392802,0.5829575318332874,3.117982314941879,0.0,0.0,2.263905265733172,6.0318197056330485,0.0,0.0,0.0,3.5784830995042896,7.837842434569433,0.0,3.117982314941879,0.0,0.0,4.487013382274746,0.0,0.0,2.263905265733172
5.271714266789485,1.1941389460583567,0.0,0.0,0.0,0.0,0.0,0.0,0.0,0.0,3.196384089706189,9.445427160994926,4.00816157537037,0.0,0.0,3.5967509248386316,0.6840489555566723,0.0,0.0,0.0,0.6840489555566723,7.513787300063247,0.0,5.366022933659889,0.0,0.0,2.9968705544514442,0.0,0.0,7.531877415261609
6.92103022682307,5.520179300175406,0.0,0.0,0.0,0.0,0.0,0.0,0.0,0.0,3.3027074901231424,10.47431732904288,1.7220394711813238,0.0,0.0,2.839650107544902,2.3146989423779725,0.0,0.0,0.0,5.520179300175406,8.019873176970648,0.0,4.136552461970347,0.0,0.0,5.522523144181464,0.0,0.0,6.100005051479667
5.258938769538306,3.4905257362928825,0.0,0.0,0.0,0.0,0.0,0.0,0.0,0.0,2.976163929069682,9.922816059624243,1.9218591963712166,0.0,0.0,3.5274283846425405,4.533541310430289,0.0,0.0,0.0,3.4905257362928825,7.504016334075616,0.0,5.648807975790001,0.0,0.0,1.9218591963712166,0.0,0.0,2.2672609330621607
3.794386315494512,2.2730664048601237,0.0,0.0,0.0,0.0,0.0,0.0,0.0,0.0,1.1846128028641367,8.069991638124778,3.4762341940498183,0.0,0.0,1.9764797492910957,6.994189258839121,0.0,0.0,0.0,0.8497315530989018,6.00698799759888,0.0,5.1866333129484214,0.0,0.0,4.551613567265129,0.0,0.0,1.9764797492910957
5.7293016915955315,3.7251043679422673,0.0,0.0,0.0,0.0,0.0,0.0,0.0,0.0,2.421575609673507,9.616742675654947,3.9857177008442473,0.0,0.0,3.8086746303458807,5.535067020112468,0.0,0.0,0.0,3.7251043679422673,8.184753673653365,0.0,6.384111870982487,0.0,0.0,4.651569432805343,0.0,0.0,6.44806194262956
5.991151491170756,2.873219593163234,0.0,0.0,0.0,0.0,0.0,0.0,0.0,0.0,2.8028074257159687,10.948311645021954,3.7149131978869554,0.0,0.0,3.8106877641084034,6.193046303029176,0.0,0.0,0.0,2.873219593163234,8.804040622530117,0.0,6.80249311936168,0.0,0.0,4.9309528489544165,0.0,0.0,7.944587365314808
7.469258225417349,3.948048850515769,0.0,0.0,0.0,0.0,0.0,0.0,0.0,0.0,2.4531094198574404,10.50000663840998,3.3710604036436362,0.0,0.0,4.893279861421327,6.583198687053556,0.0,0.0,0.0,4.506917580964107,8.237548928184165,0.0,6.772548800635767,0.0,0.0,2.1029114296699225,0.0,0.0,5.645696502862082
0.5026169712294575,2.495954293814213,0.0,0.0,0.0,0.0,0.0,0.0,0.0,0.0,4.01263782376105,4.9370951552286835,3.7502524795116523,0.0,0.0,3.33417921954385,3.2118398360883242,0.0,0.0,0.0,4.978610172521444,9.106877429155029,0.0,8.767568307556774,0.0,0.0,5.614442908066295,0.0,0.0,6.9952419470055265
5.712749892028111,4.519955398084722,0.0,0.0,0.0,0.0,0.0,0.0,0.0,0.0,3.4904153672644673,10.705355284287002,5.409742128797227,0.0,0.0,2.1455743248408425,4.702140016303122,0.0,0.0,0.0,2.1455743248408425,7.21753720389228,0.0,8.05033717410585,0.0,0.0,4.093931327491406,0.0,0.0,6.513700757860672
4.970048176010824,2.7136600631770316,0.0,0.0,0.0,0.0,0.0,0.0,0.0,0.0,2.6548595032077826,9.271002195550297,3.4527476792355096,0.0,0.0,1.3162199602082616,5.402657548137549,0.0,0.0,0.0,2.7136600631770316,5.516881988706237,0.0,7.769435791186961,0.0,0.0,5.058892970288481,0.0,0.0,4.700757858733558
5.050413080073281,2.0522737753123783,0.0,0.0,0.0,0.0,0.0,0.0,0.0,0.0,4.38960479765852,10.074920226887981,3.1382090187472906,0.0,0.0,3.5974485154956968,5.785946577566269,0.0,0.0,0.0,2.0522737753123783,7.496909262119599,0.0,9.345324879159733,0.0,0.0,4.167012929849594,0.0,0.0,6.982528604245046
5.8466508626293034,2.7255935530406568,0.0,0.0,0.0,0.0,0.0,0.0,0.0,0.0,2.109474154867866,7.722263027592719,3.4686720295082365,0.0,0.0,4.548057891097796,6.840174717834103,0.0,0.0,0.0,4.0689236827810955,7.89768036616328,0.0,8.143721155597738,0.0,0.0,4.3700594318268635,0.0,0.0,7.317350872475271
4.374599503878949,1.5454885155307498,0.0,0.0,0.0,0.0,0.0,0.0,0.0,0.0,4.4848781974421374,9.075738408184558,4.968967445498848,0.0,0.0,4.429763550794936,4.856690942219217,0.0,0.0,0.0,4.130436080103887,7.053215112945987,0.0,9.415853847441774,0.0,0.0,1.5454885155307498,0.0,0.0,7.959002853578345
6.625297746430314,1.6290884198448752,0.0,0.0,0.0,0.0,0.0,0.0,0.0,0.0,3.818542845233578,11.475758944558885,5.734845720193387,0.0,0.0,3.360832890708848,4.417711866604264,0.0,0.0,0.0,1.437962689115328,7.887187404827878,0.0,1.437962689115328,0.0,0.0,6.672189352688608,0.0,0.0,5.9783102513960475
5.545033035721721,2.431182826155688,0.0,0.0,0.0,0.0,0.0,0.0,0.0,0.0,3.7224480495760988,10.563840388152661,4.9129940880948295,0.0,0.0,3.306318820351567,4.770112137459655,0.0,0.0,0.0,3.0693908967894767,10.175780079645019,0.0,8.753772687500234,0.0,0.0,2.8313791826673618,0.0,0.0,5.38285728036102
0.053715169871607404,2.4967405353134895,0.0,0.0,0.0,0.0,0.0,0.0,0.0,0.0,3.547472425422912,3.6549419284804165,3.0051623331697535,0.0,0.0,3.0051623331697535,6.046944591218153,0.0,0.0,0.0,3.142445673228724,6.427539496352747,0.0,3.6549419284804165,0.0,0.0,5.0965886087077,0.0,0.0,8.824984232468887
5.1831387968893115,3.655681690854224,0.0,0.0,0.0,0.0,0.0,0.0,0.0,0.0,2.815058033727245,2.3197174760640547,4.245279192552503,0.0,0.0,2.5863992109648772,5.077035853752039,0.0,0.0,0.0,3.9863333761086728,6.398570338489685,0.0,5.54101886513463,0.0,0.0,6.026701055819284,0.0,0.0,1.086269533052815
4.402085773056641,4.0606631643604,0.0,0.0,0.0,0.0,0.0,0.0,0.0,0.0,1.5114623816600288,9.987455704374879,5.20497691392355,0.0,0.0,-0.16641132614460497,3.020489764937598,0.0,0.0,0.0,2.7288970159526524,5.9728857950111625,0.0,0.6870354568654433,0.0,0.0,5.441232695635906,0.0,0.0,7.102189978328491
5.034911981461388,3.517746820075059,0.0,0.0,0.0,0.0,0.0,0.0,0.0,0.0,3.0759910569004845,9.201204506467867,1.782529038747375,0.0,0.0,2.807988022228329,5.107108288957008,0.0,0.0,0.0,4.257958103418166,9.5925144007687,0.0,8.625978487566918,0.0,0.0,6.907845652800744,0.0,0.0,8.080987955366183
5.285324646347328,4.885861425109937,0.0,0.0,0.0,0.0,0.0,0.0,0.0,0.0,4.096846625218481,9.740924559757735,2.989448410879371,0.0,0.0,4.024031614516031,7.340412183758511,0.0,0.0,0.0,2.882522942146095,8.468064580418789,0.0,8.840688910911904,0.0,0.0,5.639443148323553,0.0,0.0,6.638483265793821
5.2129774080505005,4.797502018591544,0.0,0.0,0.0,0.0,0.0,0.0,0.0,0.0,3.772090300698954,11.485154650990872,2.452979556778984,0.0,0.0,3.0913229723449223,3.526756974468465,0.0,0.0,0.0,2.3252281457997723,1.4438131924707112,0.0,2.5934909637503694,0.0,0.0,2.452979556778984,0.0,0.0,2.3252281457997723
4.394099676444479,4.501614721026206,0.0,0.0,0.0,0.0,0.0,0.0,0.0,0.0,2.1791507721335015,10.083518680470478,2.750661108494373,0.0,0.0,2.660862880029102,6.650294381500262,0.0,0.0,0.0,3.1632661608142616,6.729772055126391,0.0,8.736189130044128,0.0,0.0,4.9936501682512775,0.0,0.0,6.390719432624121
4.372914871780854,4.751573069672804,0.0,0.0,0.0,0.0,0.0,0.0,0.0,0.0,2.3165250081261592,10.209164502919101,3.247141959093182,0.0,0.0,4.058183639730961,2.854907298459355,0.0,0.0,0.0,1.9337209192332414,9.451264172293596,0.0,9.104952804710479,0.0,0.0,5.54024830569371,0.0,0.0,6.856097461794413
5.551786077025691,7.485393104822186,0.0,0.0,0.0,0.0,0.0,0.0,0.0,0.0,2.720637272373738,8.838516277402112,3.352114935743028,0.0,0.0,2.182473056809555,5.613144562393161,0.0,0.0,0.0,3.224148580773607,8.145591481369959,0.0,8.631420434982555,0.0,0.0,2.3564861990417625,0.0,0.0,7.059283522256167
6.383926755779234,5.7988216005694735,0.0,0.0,0.0,0.0,0.0,0.0,0.0,0.0,2.220791730574269,9.962192377447161,5.000424304181344,0.0,0.0,2.5836044263331983,5.0874851710880495,0.0,0.0,0.0,4.092305986993007,7.288774593868562,0.0,8.783055079808879,0.0,0.0,4.02773496856793,0.0,0.0,7.6679332615238724
6.505211065656522,7.915464485303416,0.0,0.0,0.0,0.0,0.0,0.0,0.0,0.0,1.4149128999034706,8.915963058141154,2.4898201011771186,0.0,0.0,1.9992965351083543,5.853818928448777,0.0,0.0,0.0,3.030056193856583,9.463046212457328,0.0,8.586669990512917,0.0,0.0,5.237942623639863,0.0,0.0,7.403356972520875
5.728818134524351,8.024451806162324,0.0,0.0,0.0,0.0,0.0,0.0,0.0,0.0,1.634086953472372,10.019024234132017,2.901016172141751,0.0,0.0,3.6016960525635535,4.134394724793432,0.0,0.0,0.0,3.3612812980798874,3.823245722891067,0.0,3.823245722891067,0.0,0.0,5.315928323140396,0.0,0.0,5.415188428789725
5.58698397315287,8.223955566972526,0.0,0.0,0.0,0.0,0.0,0.0,0.0,0.0,2.009460508945561,9.131596954998413,3.827667637702142,0.0,0.0,4.063120406155388,4.114574625256408,0.0,0.0,0.0,4.407840360611469,4.345957281229241,0.0,7.510386291434109,0.0,0.0,4.927454422626221,0.0,0.0,7.404675916942526
3.0937014306231587,8.44643202270207,0.0,0.0,0.0,0.0,0.0,0.0,0.0,0.0,2.3415924131656416,1.837304812991261,2.6147836228587398,0.0,0.0,4.36816199743397,5.722013123801362,0.0,0.0,0.0,1.837304812991261,-0.4475256195446162,0.0,8.416021498573764,0.0,0.0,5.085777648532291,0.0,0.0,6.262941016673182
3.072014181602969,9.08946657727455,0.0,0.0,0.0,0.0,0.0,0.0,0.0,0.0,3.1635628432410434,11.03170288831754,1.7414208812279695,0.0,0.0,3.76718586874628,4.039158776086502,0.0,0.0,0.0,1.7414208812279695,3.072014181602969,0.0,9.901902126670363,0.0,0.0,4.440269803014319,0.0,0.0,6.707107479235566
4.234622584938687,7.373051213017215,0.0,0.0,0.0,0.0,0.0,0.0,0.0,0.0,2.951356064364414,8.828130822254872,3.9687712294023205,0.0,0.0,2.969050201196985,5.254761056125101,0.0,0.0,0.0,4.4645791393303025,2.3793295365874236,0.0,9.020988516438637,0.0,0.0,2.9656048768378076,0.0,0.0,5.57263359635468
5.022048406886613,8.769911261316446,0.0,0.0,0.0,0.0,0.0,0.0,0.0,0.0,2.7882877876188843,10.294147472940924,2.625414869164824,0.0,0.0,2.94251437366401,4.50616165482944,0.0,0.0,0.0,5.112841215113499,9.016445342669666,0.0,7.42452246653058,0.0,0.0,2.699484184143585,0.0,0.0,7.0056282345774505
4.974540885251558,8.057692216166599,0.0,0.0,0.0,0.0,0.0,0.0,0.0,0.0,3.450613173623306,8.74165200940853,2.0609045241011286,0.0,0.0,4.4755909722387495,4.941522461174251,0.0,0.0,0.0,2.2468613122911556,4.718915147905562,0.0,7.331756120653792,0.0,0.0,2.3841274464147664,0.0,0.0,5.900400430744124
5.397360439835802,9.263562978391649,0.0,0.0,0.0,0.0,0.0,0.0,0.0,0.0,3.7116162951061202,10.238789295913676,3.7768836582166836,0.0,0.0,3.146583852937786,4.0823853193411015,0.0,0.0,0.0,3.232499126167288,7.845730108489346,0.0,7.70346923282166,0.0,0.0,5.815982180215838,0.0,0.0,5.723144814023641
4.677823733704347,5.936518623114106,0.0,0.0,0.0,0.0,0.0,0.0,0.0,0.0,2.442559347935177,9.083695010166299,3.9690965507165643,0.0,0.0,3.0872774993032,6.05887303270967,0.0,0.0,0.0,3.6184811488232604,7.410320754265017,0.0,8.016496985060343,0.0,0.0,5.524428708125226,0.0,0.0,3.9690965507165643
6.510159463531227,4.379775637977107,0.0,0.0,0.0,0.0,0.0,0.0,0.0,0.0,1.7741481102095606,9.949825709630014,5.493839245984206,0.0,0.0,2.759662487915154,4.379775637977107,0.0,0.0,0.0,5.407855458075839,7.1781923582602705,0.0,8.901802496793513,0.0,0.0,3.84293580126906,0.0,0.0,6.351321460050976
2.9630539919484615,6.928786946110109,0.0,0.0,0.0,0.0,0.0,0.0,0.0,0.0,4.735348488056331,4.735348488056331,2.8708568989937246,0.0,0.0,0.6769610321037751,1.3435671557176208,0.0,0.0,0.0,3.21670137644128,2.9630539919484615,0.0,8.597344652826267,0.0,0.0,4.228946157090656,0.0,0.0,4.314488485903401
3.736991701782746,4.635650555024533,0.0,0.0,0.0,0.0,0.0,0.0,0.0,0.0,4.315185603835799,0.1637067019955336,4.5680642416559945,0.0,0.0,4.501653520157722,4.635650555024533,0.0,0.0,0.0,3.6008395270460625,8.133083594891936,0.0,7.6800240322287685,0.0,0.0,5.702257207521313,0.0,0.0,6.210670753816618
5.376090815857531,2.9510600342176283,0.0,0.0,0.0,0.0,0.0,0.0,0.0,0.0,2.3373784209249306,9.130373014955422,3.9129462246923943,0.0,0.0,3.644531069854096,2.9510600342176283,0.0,0.0,0.0,3.045703419925755,1.7524622335905151,0.0,7.694689827814011,0.0,0.0,5.342997990552159,0.0,0.0,6.04657938054441
4.920557248002894,5.474853499035601,0.0,0.0,0.0,0.0,0.0,0.0,0.0,0.0,3.8150169355696937,10.154478805401615,4.903862937818974,0.0,0.0,2.7376109961665045,4.741662053001627,0.0,0.0,0.0,6.077932284741035,7.749448139990944,0.0,8.926488173493395,0.0,0.0,4.706080379373196,0.0,0.0,6.627374513942913
4.038828574409585,6.448071954007811,0.0,0.0,0.0,0.0,0.0,0.0,0.0,0.0,3.2033261922269154,8.979873574428924,3.9533233813244326,0.0,0.0,4.9726243462430615,5.136209776052173,0.0,0.0,0.0,5.6527335219691235,6.917585770346244,0.0,9.298034847212891,0.0,0.0,4.478034153336282,0.0,0.0,4.937616096619788
5.103241597529758,6.91572262127762,0.0,0.0,0.0,0.0,0.0,0.0,0.0,0.0,2.7987910742015227,2.4188838535528543,2.9129789067960363,0.0,0.0,2.7987910742015227,6.742993508235813,0.0,0.0,0.0,4.312661187811376,6.862107833793242,0.0,8.244158607378084,0.0,0.0,5.897430997409088,0.0,0.0,6.132265195585994
7.576455330350752,7.33266676225097,0.0,0.0,0.0,0.0,0.0,0.0,0.0,0.0,1.4538809773337817,11.301341957071356,3.911222961463671,0.0,0.0,2.4098743715992033,2.6532303331994926,0.0,0.0,0.0,4.262494037526701,8.74879000904058,0.0,3.699971061143217,0.0,0.0,2.6532303331994926,0.0,0.0,3.699971061143217
5.344379177146758,7.797897004338462,0.0,0.0,0.0,0.0,0.0,0.0,0.0,0.0,1.2649364937703484,1.5107601486936773,2.5189954374740733,0.0,0.0,5.189846817788112,4.935911897777656,0.0,0.0,0.0,2.3263468711037216,8.158946289969462,0.0,11.08369948368852,0.0,0.0,3.2000431820172164,0.0,0.0,2.5189954374740733
5.554603971728583,8.396407364251003,0.0,0.0,0.0,0.0,0.0,0.0,0.0,0.0,1.533992894290744,11.247396886953648,4.416401104837791,0.0,0.0,1.543345029072103,4.499782479722062,0.0,0.0,0.0,5.315569867269842,1.148032225832132,0.0,10.10017109845597,0.0,0.0,5.8991680160993205,0.0,0.0,6.0052630630804025
6.62852678899648,7.800290651974782,0.0,0.0,0.0,0.0,0.0,0.0,0.0,0.0,4.08000820787879,8.650533688385076,5.002460372922295,0.0,0.0,3.3751150104439183,4.649339292985606,0.0,0.0,0.0,5.852879155596744,7.945248344992886,0.0,7.640939427877948,0.0,0.0,5.225375265570041,0.0,0.0,3.3049388410008893
4.80004730229187,6.749555914581617,0.0,0.0,0.0,0.0,0.0,0.0,0.0,0.0,2.053225938910642,9.6261156624391,4.106430259231934,0.0,0.0,2.764676317135025,6.884049231957862,0.0,0.0,0.0,-1.0836869803757283,1.7332805858961562,0.0,7.468694398398957,0.0,0.0,2.764676317135025,0.0,0.0,4.3519772971766555
4.723705646397937,10.03753046881097,0.0,0.0,0.0,0.0,0.0,0.0,0.0,0.0,3.05483580767462,9.305842382651829,5.177246347651441,0.0,0.0,4.916145349336338,3.4173243130252593,0.0,0.0,0.0,3.826086930114336,3.4173243130252593,0.0,8.90899983334355,0.0,0.0,3.394487580468139,0.0,0.0,7.818447359022792
4.833931397374085,7.0532514257960734,0.0,0.0,0.0,0.0,0.0,0.0,0.0,0.0,1.6367031912490055,9.677603224359894,4.8061017788200235,0.0,0.0,6.2864810907751,4.062028833375688,0.0,0.0,0.0,3.761804752863098,4.062028833375688,0.0,8.88100260662049,0.0,0.0,4.083090194106514,0.0,0.0,6.851778963752045
5.217986318706723,10.280499458008803,0.0,0.0,0.0,0.0,0.0,0.0,0.0,0.0,2.92666557744702,10.806618422525688,5.732374267771926,0.0,0.0,3.2014642386462606,5.7023674133269555,0.0,0.0,0.0,3.532820382325429,4.865535666532074,0.0,7.778187424204492,0.0,0.0,4.454277287859006,0.0,0.0,8.095290509919295
4.576303806906865,11.283469985371731,0.0,0.0,0.0,0.0,0.0,0.0,0.0,0.0,2.365231925584116,10.545098939668407,5.468043606618248,0.0,0.0,2.888708315587645,5.202949492941009,0.0,0.0,0.0,4.141152285261881,5.338739337431657,0.0,0.3105721190912005,0.0,0.0,0.8794632271009015,0.0,0.0,7.915633508260086
4.511167706615151,9.123549782467931,0.0,0.0,0.0,0.0,0.0,0.0,0.0,0.0,4.559015438322893,10.296610640914045,4.357788999091353,0.0,0.0,4.411431116197621,4.949577043015192,0.0,0.0,0.0,2.4777750025712715,5.538972376424031,0.0,8.078103092941028,0.0,0.0,5.242446303490854,0.0,0.0,7.552617573745495
3.8498249779681704,9.705775302513256,0.0,0.0,0.0,0.0,0.0,0.0,0.0,0.0,2.441031849949084,4.098206023333079,5.312412880881672,0.0,0.0,3.9694693459591024,5.745483330663262,0.0,0.0,0.0,3.121270271805676,5.413117041319636,0.0,4.098206023333079,0.0,0.0,5.759900824218459,0.0,0.0,6.229243352630641
4.619087025488981,10.070555326130435,0.0,0.0,0.0,0.0,0.0,0.0,0.0,0.0,3.2113570036715084,10.93712772583131,5.040814275623756,0.0,0.0,3.2441475636433177,2.0127403353209523,0.0,0.0,0.0,3.707391280177648,5.681777584986368,0.0,2.0127403353209523,0.0,0.0,1.2470519230700496,0.0,0.0,7.439804907356809
5.2599839009153975,9.176393320798386,0.0,0.0,0.0,0.0,0.0,0.0,0.0,0.0,2.1884689709295673,8.57424989552605,1.034396634766668,0.0,0.0,4.04532099812264,4.309224198123989,0.0,0.0,0.0,3.2167605072898775,6.424972326144653,0.0,7.048404488345534,0.0,0.0,6.139486866047507,0.0,0.0,7.344947867489505
4.492572540202307,9.468032382491728,0.0,0.0,0.0,0.0,0.0,0.0,0.0,0.0,3.9166814811375934,11.149097713685752,2.4504827650606233,0.0,0.0,1.059115626958449,3.645295760971307,0.0,0.0,0.0,2.4247571829142585,6.310263443273292,0.0,6.647373243597625,0.0,0.0,5.52408705633584,0.0,0.0,6.726018677017887
4.62515940774971,6.823946463571242,0.0,0.0,0.0,0.0,0.0,0.0,0.0,0.0,2.671276391858999,10.89502257781492,4.341519884043252,0.0,0.0,4.271950453866834,4.4836640656944935,0.0,0.0,0.0,1.7363287376248597,0.21084267153199698,0.0,10.019644069594468,0.0,0.0,5.839127034939459,0.0,0.0,6.491720842929218
4.320440692317657,10.405365275770142,0.0,0.0,0.0,0.0,0.0,0.0,0.0,0.0,2.0343447879865013,8.776973423839689,3.72975705696674,0.0,0.0,4.527582639247364,5.004012986755161,0.0,0.0,0.0,2.620500518248612,7.570604530081332,0.0,7.607481787633528,0.0,0.0,6.099990859977218,0.0,0.0,5.9444099260604055
6.530773178309048,9.423932500271919,0.0,0.0,0.0,0.0,0.0,0.0,0.0,0.0,3.9333650609357553,10.545934482557124,2.111505029449828,0.0,0.0,5.188532248968154,6.629969012771063,0.0,0.0,0.0,3.444444407146941,8.29330237316879,0.0,6.8059860883315855,0.0,0.0,4.611758941632703,0.0,0.0,5.1941196416484585
5.472348033400764,8.882059109854621,0.0,0.0,0.0,0.0,0.0,0.0,0.0,0.0,2.323555557220915,4.805067749405375,4.805067749405375,0.0,0.0,3.704011325981602,4.988085354911436,0.0,0.0,0.0,3.684704942695135,5.8770895345525735,0.0,6.457374442824137,0.0,0.0,5.839302413046782,0.0,0.0,7.989878796558757
5.3597689488442795,9.609049822493391,0.0,0.0,0.0,0.0,0.0,0.0,0.0,0.0,2.2082643858744793,9.168391790123819,2.615426127578134,0.0,0.0,0.5278701443301554,3.990210043262089,0.0,0.0,0.0,3.3189550482718637,7.4718999286563275,0.0,8.847763140550057,0.0,0.0,4.185423159472865,0.0,0.0,1.0024186303040552
0.9446006834462645,8.860757340656368,0.0,0.0,0.0,0.0,0.0,0.0,0.0,0.0,2.755774438173346,7.8849662335823,3.555841037182675,0.0,0.0,4.320759930825593,5.182155467819037,0.0,0.0,0.0,4.828393034415857,6.815201232053445,0.0,7.174391049722287,0.0,0.0,1.7284075624665864,0.0,0.0,6.65055008452159
-0.03418088717385093,9.348103047456533,0.0,0.0,0.0,0.0,0.0,0.0,0.0,0.0,4.450343747278128,9.189102698141513,3.529443060612929,0.0,0.0,5.359028735800459,4.065542556946648,0.0,0.0,0.0,5.3481218734366625,6.680251235933651,0.0,7.921996727755132,0.0,0.0,1.6035843809007264,0.0,0.0,5.780524782201189
3.028127373511259,3.9308073743229475,0.0,0.0,0.0,0.0,0.0,0.0,0.0,0.0,3.9308073743229475,9.740242072261102,4.303586879983628,0.0,0.0,3.028127373511259,4.174753394188415,0.0,0.0,0.0,2.4092347142950823,7.994898720545082,0.0,6.793040198642526,0.0,0.0,4.895999653713295,0.0,0.0,2.4092347142950823
4.180455513580367,3.558439572487429,0.0,0.0,0.0,0.0,0.0,0.0,0.0,0.0,3.363454666300336,8.823994178583803,3.558439572487429,0.0,0.0,2.6396928812900624,5.162020070755926,0.0,0.0,0.0,3.1416879643952607,8.771542104724572,0.0,6.38355310652666,0.0,0.0,2.938514702160273,0.0,0.0,8.100256549477294
1.8975373162156943,5.419055973733138,0.0,0.0,0.0,0.0,0.0,0.0,0.0,0.0,2.7519770902234533,8.802619938282588,4.962272606830135,0.0,0.0,1.8975373162156943,4.263122067308775,0.0,0.0,0.0,1.4412057268841134,7.518994317357678,0.0,6.588171535934541,0.0,0.0,4.958958796965932,0.0,0.0,7.724914463174074
3.810891685340291,6.670706034018466,0.0,0.0,0.0,0.0,0.0,0.0,0.0,0.0,4.9499330273242705,8.162916010360782,5.923630279154032,0.0,0.0,2.4409573378396336,2.9721772677181857,0.0,0.0,0.0,3.413870148157963,6.623348932152326,0.0,9.688542353462799,0.0,0.0,4.906079582306363,0.0,0.0,2.9721772677181857
4.192570034085279,7.05446480053325,0.0,0.0,0.0,0.0,0.0,0.0,0.0,0.0,3.4571388269615446,10.50206737656429,2.971867437510146,0.0,0.0,3.3863381559143306,4.5883780120267526,0.0,0.0,0.0,4.011556117823147,7.591879673081364,0.0,3.4571388269615446,0.0,0.0,4.63511628069451,0.0,0.0,9.453443178398539
3.685059289715256,4.474825572981084,0.0,0.0,0.0,0.0,0.0,0.0,0.0,0.0,3.1991514814044892,8.174529688378664,4.931817869188133,0.0,0.0,3.0022004725936497,3.3457703687934033,0.0,0.0,0.0,3.0877649026939866,4.474825572981084,0.0,9.227521049637762,0.0,0.0,3.497919543703753,0.0,0.0,8.250804651863596
3.1153318774047025,6.781682890064639,0.0,0.0,0.0,0.0,0.0,0.0,0.0,0.0,0.9815377307364592,10.400573450331411,2.893069188782134,0.0,0.0,4.161976278069002,5.491306761498836,0.0,0.0,0.0,0.3807313238564387,7.4478423962226366,0.0,6.877386560308921,0.0,0.0,5.306950000604622,0.0,0.0,6.871728166335689
5.696894498367103,7.140862034603063,0.0,0.0,0.0,0.0,0.0,0.0,0.0,0.0,2.146496654127229,9.933601159036249,3.449540751320486,0.0,0.0,1.9683457928569503,2.7595021790026064,0.0,0.0,0.0,5.443599016527219,8.833225134185884,0.0,6.354388809778422,0.0,0.0,3.262346953785241,0.0,0.0,7.590172862238228
6.23779038526453,9.084522901760918,0.0,0.0,0.0,0.0,0.0,0.0,0.0,0.0,3.047533038172223,2.8279950134164764,6.142885962162516,0.0,0.0,3.3328676600891924,5.300500376459549,0.0,0.0,0.0,0.5721789475628913,6.052274893882589,0.0,9.208369705474063,0.0,0.0,3.7033506303922965,0.0,0.0,0.5721789475628913
5.758985340337593,8.319952847718268,0.0,0.0,0.0,0.0,0.0,0.0,0.0,0.0,3.7589577440483373,10.015618095193853,5.195417549832577,0.0,0.0,3.9885146283755915,5.494286913425476,0.0,0.0,0.0,5.063432910618582,7.7165870206993326,0.0,9.435908117996268,0.0,0.0,3.9028895402272825,0.0,0.0,6.83097873018097
4.826008615378163,8.387136117925888,0.0,0.0,0.0,0.0,0.0,0.0,0.0,0.0,0.9635101710022038,10.663905667293866,5.626180070773405,0.0,0.0,0.49313460095407813,6.734319993713663,0.0,0.0,0.0,4.291119142253141,7.082260016593395,0.0,8.206338893676907,0.0,0.0,4.481718984768498,0.0,0.0,6.448530839394719
5.225329945697875,4.171185732145395,0.0,0.0,0.0,0.0,0.0,0.0,0.0,0.0,2.871647842214345,2.6793339306443347,2.9561702256252502,0.0,0.0,1.6493206961987978,5.380215261946755,0.0,0.0,0.0,3.7826691147762026,7.738062609475418,0.0,8.180913112190161,0.0,0.0,5.411171444252347,0.0,0.0,4.171185732145395
6.462358107400891,9.561821017863851,0.0,0.0,0.0,0.0,0.0,0.0,0.0,0.0,3.7619517051150964,0.5027424969528833,3.3836896211102894,0.0,0.0,4.700686842314514,4.935407140779973,0.0,0.0,0.0,2.7555101868840524,7.138255813364752,0.0,7.2902976907571,0.0,0.0,4.823871182545204,0.0,0.0,6.272241287272162
5.774068240682765,8.827435630633754,0.0,0.0,0.0,0.0,0.0,0.0,0.0,0.0,3.3223941776638304,10.014406682260189,4.633308776699036,0.0,0.0,2.846424272356795,5.224520038427539,0.0,0.0,0.0,4.53756151769993,7.15717259923582,0.0,8.910875745056025,0.0,0.0,4.679322423736814,0.0,0.0,6.3591469373704355
5.3253722418523175,8.501443726445213,0.0,0.0,0.0,0.0,0.0,0.0,0.0,0.0,4.88820216450824,9.650862707822624,5.030166008984545,0.0,0.0,2.586338422068969,3.360326510459389,0.0,0.0,0.0,5.039153482856717,7.7117524259518895,0.0,7.241621992740274,0.0,0.0,4.554767136432963,0.0,0.0,2.3506345643676427
5.107794341927267,9.983221711629879,0.0,0.0,0.0,0.0,0.0,0.0,0.0,0.0,3.9877935528308424,10.438546983069045,3.7107826275897553,0.0,0.0,3.78291700114823,3.807514214498074,0.0,0.0,0.0,2.575049167429963,2.4343272955243034,0.0,7.083537531191007,0.0,0.0,3.4509637680194993,0.0,0.0,5.7110092522875595
1.216646428888503,7.788266440586964,0.0,0.0,0.0,0.0,0.0,0.0,0.0,0.0,1.792066497595449,9.752923403970485,3.9849821421308813,0.0,0.0,2.753239514037628,6.445774949725448,0.0,0.0,0.0,2.742268716992677,1.216646428888503,0.0,8.104124608971729,0.0,0.0,6.177637822873489,0.0,0.0,6.946568331357257
5.238047794114636,9.039817637069254,0.0,0.0,0.0,0.0,0.0,0.0,0.0,0.0,2.830494785596211,9.6152594093175,3.6905549254694856,0.0,0.0,4.112536471225412,5.763849068300417,0.0,0.0,0.0,3.5685643928472293,7.631234687815578,0.0,4.51146635995571,0.0,0.0,4.418159113593197,0.0,0.0,6.672492644580026
4.249839178454001,10.329238516722844,0.0,0.0,0.0,0.0,0.0,0.0,0.0,0.0,2.942770660014264,10.407391561769604,3.7820038714482527,0.0,0.0,4.1242134909520765,5.320801993445404,0.0,0.0,0.0,4.260383543101401,7.76098380712676,0.0,7.230219867853105,0.0,0.0,5.99245439024168,0.0,0.0,5.805821957066341
5.117609056424219,2.1454724717445215,0.0,0.0,0.0,0.0,0.0,0.0,0.0,0.0,1.769049434822637,9.927266918480223,3.2970714976918862,0.0,0.0,3.0112841039914704,6.589977161348572,0.0,0.0,0.0,2.1454724717445215,5.262298755713641,0.0,8.641368182095329,0.0,0.0,3.708680560400511,0.0,0.0,5.426705044445502
3.0509348384950674,1.9187890265596677,0.0,0.0,0.0,0.0,0.0,0.0,0.0,0.0,3.0509348384950674,11.668291020035793,4.077658792759056,0.0,0.0,1.8986833830101884,4.606038483159242,0.0,0.0,0.0,2.365380795405343,5.9859167740883725,0.0,8.45520219860588,0.0,0.0,5.496750694812865,0.0,0.0,7.726986892267023
5.244985318292409,9.694186259929763,0.0,0.0,0.0,0.0,0.0,0.0,0.0,0.0,1.7074275009952002,8.182709245056007,4.538568825211296,0.0,0.0,5.463032158880762,5.557231233935562,0.0,0.0,0.0,5.060503519742396,6.626644583010859,0.0,5.799425363240976,0.0,0.0,4.483025937277523,0.0,0.0,8.517269421552184
3.521644387793632,10.926550013148145,0.0,0.0,0.0,0.0,0.0,0.0,0.0,0.0,2.0774311895306963,9.476859858464788,5.402881046871823,0.0,0.0,4.9700458399573835,5.690640311286519,0.0,0.0,0.0,4.857062815114548,7.1680896239633425,0.0,7.390272045252278,0.0,0.0,3.2102348106598253,0.0,0.0,6.556407962391507
3.4801003033248294,9.900584175797935,0.0,0.0,0.0,0.0,0.0,0.0,0.0,0.0,3.037295737158629,6.895208842111206,2.8192950775863137,0.0,0.0,4.447915814672007,7.215803199229892,0.0,0.0,0.0,4.1114825258292305,3.4801003033248294,0.0,7.973058668239287,0.0,0.0,3.348053930832298,0.0,0.0,1.897653964452865
0.09827909086968889,10.041318062633678,0.0,0.0,0.0,0.0,0.0,0.0,0.0,0.0,3.044895888173623,8.573158095771975,1.893424807204389,0.0,0.0,4.333405974681865,2.644599113052958,0.0,0.0,0.0,3.337253379168321,7.8409097978855495,0.0,8.516813117426125,0.0,0.0,4.866044857113466,0.0,0.0,5.774196148779952
4.576159479042286,7.792441121270692,0.0,0.0,0.0,0.0,0.0,0.0,0.0,0.0,3.796070370293827,10.666320754591522,4.567566614766712,0.0,0.0,5.56702005506348,4.455224216694699,0.0,0.0,0.0,3.9005896103647264,1.4999421736563525,0.0,1.1091297816926038,0.0,0.0,3.7020997183477062,0.0,0.0,9.063352863474915
5.760045536580065,9.703954809632766,0.0,0.0,0.0,0.0,0.0,0.0,0.0,0.0,3.997576905880128,10.1011208343962,4.0986092780056085,0.0,0.0,3.618560327518679,2.7872975232748503,0.0,0.0,0.0,3.709691570729034,2.7872975232748503,0.0,9.025104860423482,0.0,0.0,3.0362713090717115,0.0,0.0,7.739285708166942
6.469833337149373,9.245991395590265,0.0,0.0,0.0,0.0,0.0,0.0,0.0,0.0,2.752210914327739,9.572935995091028,2.685526092751248,0.0,0.0,3.2779084032200667,4.085122235533225,0.0,0.0,0.0,5.039403184010234,7.24641218609704,0.0,8.0288443763587,0.0,0.0,4.555585996932781,0.0,0.0,5.606720389771963
4.671388929635032,8.873443034162387,0.0,0.0,0.0,0.0,0.0,0.0,0.0,0.0,4.609196461571503,9.568149873480507,3.2773968825930173,0.0,0.0,1.8650032412217543,4.232158540459451,0.0,0.0,0.0,4.83781828481534,7.764804117889533,0.0,8.440502686884935,0.0,0.0,4.1624221562469845,0.0,0.0,2.2971138862767466
5.849204916725473,8.318060995887905,0.0,0.0,0.0,0.0,0.0,0.0,0.0,0.0,4.8442113467154275,5.283065608899078,5.663633242191037,0.0,0.0,1.4821043819961153,5.283065608899078,0.0,0.0,0.0,3.4377182102356527,6.450838819909157,0.0,8.724078638862476,0.0,0.0,2.16144310343935,0.0,0.0,2.16144310343935
7.0807010506998465,9.275898694059313,0.0,0.0,0.0,0.0,0.0,0.0,0.0,0.0,3.3328233114606776,7.81180101421693,-0.6362843014225035,0.0,0.0,5.4710585368909115,5.608534109737489,0.0,0.0,0.0,4.570015825844296,7.613637237810525,0.0,8.989708116102065,0.0,0.0,2.692515921265603,0.0,0.0,6.428593636601899
1.9576660445525884,2.816460948324294,0.0,0.0,0.0,0.0,0.0,0.0,0.0,0.0,2.3756686896610955,8.385268322504412,4.685569894796395,0.0,0.0,3.749234891764461,5.741918543181532,0.0,0.0,0.0,3.6088183588001903,7.786911647948158,0.0,9.69417358234569,0.0,0.0,5.078018150168256,0.0,0.0,6.113378879646557
5.642135153364832,8.479120235776294,0.0,0.0,0.0,0.0,0.0,0.0,0.0,0.0,3.4598437322392286,9.147074531076528,4.640026732726972,0.0,0.0,3.560652163898572,1.8323892915393216,0.0,0.0,0.0,3.1920729664487877,7.392786216330156,0.0,7.7552776448589755,0.0,0.0,3.825192231685434,0.0,0.0,3.825192231685434
5.260576742345779,9.347568077190804,0.0,0.0,0.0,0.0,0.0,0.0,0.0,0.0,3.4393500683129896,9.915536751157989,3.684164902033431,0.0,0.0,5.026289904332987,3.435280705127046,0.0,0.0,0.0,3.5798309986369006,8.00660394231413,0.0,8.235051149096531,0.0,0.0,3.8819668061456056,0.0,0.0,6.351980076370192
6.647605118335902,8.326733129770115,0.0,0.0,0.0,0.0,0.0,0.0,0.0,0.0,1.471530026825107,10.48911832546462,1.471530026825107,0.0,0.0,6.161461296018097,5.3957153384988015,0.0,0.0,0.0,4.262302612595416,6.00772527556649,0.0,1.471530026825107,0.0,0.0,4.230646825339528,0.0,0.0,7.720282247952997
5.711028981879793,8.500250538419062,0.0,0.0,0.0,0.0,0.0,0.0,0.0,0.0,3.3160783355711034,10.498739763765597,4.302602739804738,0.0,0.0,3.6795221006577234,5.4289161389952225,0.0,0.0,0.0,2.1254344339947435,8.304328504360136,0.0,8.267899046516044,0.0,0.0,3.1797979856702407,0.0,0.0,6.017310006998537
5.6608262469249215,8.388463360105488,0.0,0.0,0.0,0.0,0.0,0.0,0.0,0.0,3.7471197200790227,9.15249928547248,4.662441146472239,0.0,0.0,1.5557915092000982,3.891477932227231,0.0,0.0,0.0,5.881832541736246,7.7602847832373625,0.0,7.793832654201163,0.0,0.0,4.539373711790502,0.0,0.0,0.40402837667910063
5.858628803094306,10.063520925218636,0.0,0.0,0.0,0.0,0.0,0.0,0.0,0.0,3.8421573611111604,11.995584378185235,3.7711158226163155,0.0,0.0,1.5742967916486337,5.729601506243711,0.0,0.0,0.0,3.797838063765455,7.596443665719979,0.0,8.090970751146473,0.0,0.0,4.220883568953738,0.0,0.0,7.331251136680631
5.07811798945999,9.794087051326649,0.0,0.0,0.0,0.0,0.0,0.0,0.0,0.0,4.168446145465616,9.367921875140198,4.917650922997052,0.0,0.0,1.9348265327429401,4.850637405210103,0.0,0.0,0.0,2.821573024445653,7.457269622293724,0.0,11.337902189128883,0.0,0.0,4.270629508335484,0.0,0.0,7.487283310581546
6.196201735946267,9.037499228548755,0.0,0.0,0.0,0.0,0.0,0.0,0.0,0.0,2.0516766965307442,8.968938194182648,4.319256134761992,0.0,0.0,2.0516766965307442,3.881484795991445,0.0,0.0,0.0,3.0814408656628447,6.7089065661648695,0.0,8.93764767193029,0.0,0.0,4.691400086549256,0.0,0.0,7.384148472967627
6.810341847324549,9.095893406189171,0.0,0.0,0.0,0.0,0.0,0.0,0.0,0.0,1.9733349544152006,10.078722570723864,4.536078597035412,0.0,0.0,3.934398587260604,5.82176529062828,0.0,0.0,0.0,2.701597467459432,8.324888959448618,0.0,6.459069248915017,0.0,0.0,5.105801343069411,0.0,0.0,5.523428788828751
6.617993643490551,10.283991834707678,0.0,0.0,0.0,0.0,0.0,0.0,0.0,0.0,2.0542860993950085,8.583284576960377,4.569571681709863,0.0,0.0,4.08087240930325,3.8264711965709477,0.0,0.0,0.0,3.112310051039337,6.731345892941623,0.0,7.602212298862422,0.0,0.0,3.5759102910188343,0.0,0.0,6.143321438054539
5.715759675040789,9.391641799126168,0.0,0.0,0.0,0.0,0.0,0.0,0.0,0.0,2.4854588146041037,11.250622822053062,3.1913417002057294,0.0,0.0,5.63757976800631,4.269623081226112,0.0,0.0,0.0,4.506529296059538,5.442885806673736,0.0,7.148012926820728,0.0,0.0,4.0924682133208865,0.0,0.0,5.645951963085015
5.174904197068535,8.433158129228659,0.0,0.0,0.0,0.0,0.0,0.0,0.0,0.0,-0.24827259137174007,10.052704357278325,4.582118609309063,0.0,0.0,4.509020860985608,4.979838746837479,0.0,0.0,0.0,3.674614578611044,6.95469905739082,0.0,7.328757783117675,0.0,0.0,5.985224504270592,0.0,0.0,6.577901160661984
4.718784503258272,9.469875057043774,0.0,0.0,0.0,0.0,0.0,0.0,0.0,0.0,4.235049683590719,8.37487423077643,3.692611293538599,0.0,0.0,3.46763753902025,3.3315711879718295,0.0,0.0,0.0,3.9036477207567497,8.991857053691815,0.0,7.421956347445519,0.0,0.0,2.595188897719617,0.0,0.0,6.216977286129964
2.1502162257236788,8.877223143821057,0.0,0.0,0.0,0.0,0.0,0.0,0.0,0.0,1.187525441572941,10.411722581307053,4.388044486060572,0.0,0.0,1.132174367794411,4.678642700041242,0.0,0.0,0.0,3.1956026558085076,7.384942477656194,0.0,7.717804953167518,0.0,0.0,3.832347729137097,0.0,0.0,7.539707339607506
0.29744415091617327,10.21457212519526,0.0,0.0,0.0,0.0,0.0,0.0,0.0,0.0,3.538519764154568,10.885474704892069,5.952981407628258,0.0,0.0,1.7927644039216322,4.351965638829459,0.0,0.0,0.0,3.7428735362094776,4.351965638829459,0.0,7.498980322001228,0.0,0.0,3.516486201415196,0.0,0.0,5.939643465538549
3.6263568347586763,9.36938649565583,0.0,0.0,0.0,0.0,0.0,0.0,0.0,0.0,3.344542127401302,9.348494063600183,4.483374288768722,0.0,0.0,3.075490641416003,3.564598663803487,0.0,0.0,0.0,4.923076211958395,6.181522066434935,0.0,7.577528658900609,0.0,0.0,5.8782469906552395,0.0,0.0,6.35761918407227
4.745443373645963,9.458834003239867,0.0,0.0,0.0,0.0,0.0,0.0,0.0,0.0,1.613095037717711,9.09030568869114,2.153921215177663,0.0,0.0,4.283714630596698,5.410179425043301,0.0,0.0,0.0,5.304430048902667,5.597774722691225,0.0,10.072674055706536,0.0,0.0,4.428766267269341,0.0,0.0,7.958600891381899
5.6719757861084945,8.609592038527586,0.0,0.0,0.0,0.0,0.0,0.0,0.0,0.0,0.7229430071969443,8.772109838861102,1.7524976286020284,0.0,0.0,1.9613406690444593,-0.09914929362683966,0.0,0.0,0.0,2.4032244329335493,7.693505790390882,0.0,9.662743864893793,0.0,0.0,5.08518080678064,0.0,0.0,5.967685688917667
5.187967846775853,9.036223460814945,0.0,0.0,0.0,0.0,0.0,0.0,0.0,0.0,2.6972644930541403,9.490776497128776,6.5286976428691155,0.0,0.0,4.238864210587714,3.732072948942771,0.0,0.0,0.0,5.821639788778245,8.641088300255221,0.0,8.047411195787172,0.0,0.0,3.72001697442162,0.0,0.0,-0.009698012274628853
6.354163760127387,9.809282645864275,0.0,0.0,0.0,0.0,0.0,0.0,0.0,0.0,4.337288274147553,10.401299379588249,4.034008526605043,0.0,0.0,4.519041075964176,5.166919682580433,0.0,0.0,0.0,3.282987868542036,7.623704428484339,0.0,4.034008526605043,0.0,0.0,4.3084699168259375,0.0,0.0,6.1309268312300755
2.719714545931811,8.631621735707917,0.0,0.0,0.0,0.0,0.0,0.0,0.0,0.0,1.7884488783393373,4.5398178677871694,9.285177545214422,0.0,0.0,4.570789499038315,3.7069917397128824,0.0,0.0,0.0,2.5040281929044994,8.392187810081385,0.0,7.104001493948649,0.0,0.0,2.5040281929044994,0.0,0.0,7.997910230819095
5.3796280675784995,9.730192330345956,0.0,0.0,0.0,0.0,0.0,0.0,0.0,0.0,3.9925998242377227,-1.483491788918906,3.5152089998430185,0.0,0.0,3.8735149464188705,4.4859206468462585,0.0,0.0,0.0,3.849750938772708,6.182450069622387,0.0,8.432517341374934,0.0,0.0,3.0870172272909544,0.0,0.0,7.626251652755209
2.9103966485747272,9.299373433490072,0.0,0.0,0.0,0.0,0.0,0.0,0.0,0.0,2.586095601027902,9.336739658834196,4.427951399223228,0.0,0.0,2.3971745353055285,4.875245421690328,0.0,0.0,0.0,3.1415102739311638,3.1415102739311638,0.0,8.49631511548584,0.0,0.0,2.9103966485747272,0.0,0.0,6.201272741056124
5.423189339730742,9.108284912918835,0.0,0.0,0.0,0.0,0.0,0.0,0.0,0.0,3.0386857914760164,11.600006120453644,5.867116850333303,0.0,0.0,2.119018810129162,2.0295702349855036,0.0,0.0,0.0,3.1134725405633197,7.538766485524866,0.0,8.9876445284025,0.0,0.0,2.0295702349855036,0.0,0.0,7.883431042611774
5.063392979205183,8.940603526422171,0.0,0.0,0.0,0.0,0.0,0.0,0.0,0.0,4.5511774803631235,8.48875931829667,2.8533958526752166,0.0,0.0,4.053151608260676,6.583067375468084,0.0,0.0,0.0,3.0230392782702746,6.0426412146960855,0.0,4.5511774803631235,0.0,0.0,2.765815611924623,0.0,0.0,2.765815611924623
6.244715288836508,8.774066953250248,0.0,0.0,0.0,0.0,0.0,0.0,0.0,0.0,7.6501876358255325,8.75040336639424,3.8015293987135417,0.0,0.0,3.8800240031033626,2.4318580239761896,0.0,0.0,0.0,4.979849925907013,7.704213089639154,0.0,2.4318580239761896,0.0,0.0,2.707919991556685,0.0,0.0,6.354618657001574
1.9215153833574148,8.156824171256767,0.0,0.0,0.0,0.0,0.0,0.0,0.0,0.0,3.488841003788569,11.253048631627266,5.100837627181289,0.0,0.0,2.798270490154829,4.010297092023318,0.0,0.0,0.0,4.0839375995921525,7.393279702274595,0.0,3.488841003788569,0.0,0.0,1.9215153833574148,0.0,0.0,1.9215153833574148
6.325044074038583,1.741319269099265,0.0,0.0,0.0,0.0,0.0,0.0,0.0,0.0,3.1898397324168037,2.686080829256181,4.640476125214322,0.0,0.0,3.412584667524324,5.62343269449652,0.0,0.0,0.0,4.554541567313605,7.9555469675058434,0.0,3.1898397324168037,0.0,0.0,1.741319269099265,0.0,0.0,4.829528110338926
7.189692898045509,9.592448894493337,0.0,0.0,0.0,0.0,0.0,0.0,0.0,0.0,2.534692182562573,9.153386945087952,3.9396964790723272,0.0,0.0,3.5406288755107025,5.267478872728632,0.0,0.0,0.0,3.6382686614086492,2.536587860461436,0.0,2.534692182562573,0.0,0.0,2.6959375250895725,0.0,0.0,2.536587860461436
6.677077973822672,9.283350730921848,0.0,0.0,0.0,0.0,0.0,0.0,0.0,0.0,1.7703685361752355,8.112628774822374,4.378338264531924,0.0,0.0,3.304579693780635,5.237778192465793,0.0,0.0,0.0,3.909367237468973,7.021981031520679,0.0,1.7703685361752355,0.0,0.0,3.4148623694611833,0.0,0.0,3.783842464382772
5.095190520893914,8.738280796916694,0.0,0.0,0.0,0.0,0.0,0.0,0.0,0.0,1.231160987102872,9.751160072951148,5.517606915932573,0.0,0.0,4.089078701029187,1.8844488331684883,0.0,0.0,0.0,3.376137899501681,7.6227164536954835,0.0,1.231160987102872,0.0,0.0,4.514740441711251,0.0,0.0,5.4014668498099425
3.6388335221917725,7.886607640827695,0.0,0.0,0.0,0.0,0.0,0.0,0.0,0.0,2.1908109299558736,0.46861987832219876,3.6568448441558967,0.0,0.0,8.137680418323937,6.035214462662347,0.0,0.0,0.0,3.128340798591103,7.120991833353887,0.0,1.4749622533344109,0.0,0.0,3.6755938992989936,0.0,0.0,4.641266124207128
4.902429358945813,8.549631358845508,0.0,0.0,0.0,0.0,0.0,0.0,0.0,0.0,0.8844399686113605,10.381867077963019,6.250960780712919,0.0,0.0,4.767395656588146,6.4381237656193875,0.0,0.0,0.0,2.505207498545846,3.196511696753625,0.0,0.8844399686113605,0.0,0.0,4.4495999511639726,0.0,0.0,3.196511696753625
4.360068368163695,8.55784750568094,0.0,0.0,0.0,0.0,0.0,0.0,0.0,0.0,0.38893439892177745,11.398464829674815,4.148755728567331,0.0,0.0,1.5777084392575467,0.959955051974615,0.0,0.0,0.0,4.586059025626269,4.148755728567331,0.0,0.38893439892177745,0.0,0.0,1.5777084392575467,0.0,0.0,5.028161637402108
5.183911690138284,9.268904803592866,0.0,0.0,0.0,0.0,0.0,0.0,0.0,0.0,4.011990598939959,7.8954337173861,3.013168928297517,0.0,0.0,1.6064444316683353,2.582830873910389,0.0,0.0,0.0,2.582830873910389,3.013168928297517,0.0,1.6064444316683353,0.0,0.0,0.9762493490719204,0.0,0.0,6.050607832923565
5.504316387396125,9.874425908753112,0.0,0.0,0.0,0.0,0.0,0.0,0.0,0.0,2.7658389955484175,9.141598285140029,2.438847563103806,0.0,0.0,3.4356608546605156,7.268264126957266,0.0,0.0,0.0,3.0685284606297234,2.438847563103806,0.0,1.3745683710196377,0.0,0.0,4.2307801965610805,0.0,0.0,4.8896756053082875
5.667955651961854,10.24139409127403,0.0,0.0,0.0,0.0,0.0,0.0,0.0,0.0,2.178648423077221,9.281530875504414,5.0769562585342864,0.0,0.0,3.271445484314389,4.635315516302596,0.0,0.0,0.0,4.073071808506624,2.703196468919461,0.0,1.9404396750802144,0.0,0.0,2.703196468919461,0.0,0.0,4.2244557835076435
5.154580612624942,9.95281605867376,0.0,0.0,0.0,0.0,0.0,0.0,0.0,0.0,3.5386458086114834,9.443809535883236,2.094564368752633,0.0,0.0,3.7098374237786462,5.519655407526406,0.0,0.0,0.0,3.7612466565074367,2.094564368752633,0.0,2.151081654331009,0.0,0.0,3.738054453657259,0.0,0.0,5.302733144958267
6.859049636468204,8.55161026415337,0.0,0.0,0.0,0.0,0.0,0.0,0.0,0.0,3.7559929976662447,10.249138136747622,1.7104416334722743,0.0,0.0,1.493023634402595,4.469955175633544,0.0,0.0,0.0,2.5182507132857497,1.7104416334722743,0.0,2.985773976101518,0.0,0.0,4.088368958629232,0.0,0.0,6.908691366638628
4.968629857243576,9.182721104480041,0.0,0.0,0.0,0.0,0.0,0.0,0.0,0.0,2.6071223708768443,12.01462856732321,5.281738378674795,0.0,0.0,2.935557239199337,0.07839151259191068,0.0,0.0,0.0,5.342069035961518,2.6734603486706425,0.0,2.750301928162563,0.0,0.0,5.3813652954821265,0.0,0.0,6.847126051007554
5.929483901968403,9.829994122008172,0.0,0.0,0.0,0.0,0.0,0.0,0.0,0.0,3.866715078212279,8.218914116151073,4.554178014056366,0.0,0.0,3.705642859764345,4.955356208138041,0.0,0.0,0.0,3.9379329627361965,2.569735510313258,0.0,3.7830351615981637,0.0,0.0,5.978367106789348,0.0,0.0,5.283427643112421
5.345897957662164,-0.32083185684390525,0.0,0.0,0.0,0.0,0.0,0.0,0.0,0.0,3.437702360476208,9.306412008521418,2.964054462265545,0.0,0.0,2.4292570065385553,5.049148153688552,0.0,0.0,0.0,5.374160152812136,2.6873677115131662,0.0,3.4785797183733753,0.0,0.0,4.461377615813388,0.0,0.0,7.957479720905958
6.024110462838276,8.866843085011855,0.0,0.0,0.0,0.0,0.0,0.0,0.0,0.0,2.6571174544310296,11.44088376708244,3.5676189387230757,0.0,0.0,3.6441850482441263,4.842082438471797,0.0,0.0,0.0,2.3088816626772575,3.7024385413272793,0.0,4.5468738487067295,0.0,0.0,4.847845270595061,0.0,0.0,4.786072982342465
6.930895163545656,8.62652284245324,0.0,0.0,0.0,0.0,0.0,0.0,0.0,0.0,0.8615954332181581,9.586014691101932,3.324378077812132,0.0,0.0,5.411449512224727,5.14851213373633,0.0,0.0,0.0,3.769880188944521,3.312582745803816,0.0,4.3581223894905925,0.0,0.0,4.828340630322214,0.0,0.0,5.245689798519828
5.725992303627607,8.954942578108996,0.0,0.0,0.0,0.0,0.0,0.0,0.0,0.0,2.1734511245872143,10.322264633714548,2.1734511245872143,0.0,0.0,2.1720627016516887,5.960058948452868,0.0,0.0,0.0,2.39195110346994,4.140349853396136,0.0,3.8342386655303833,0.0,0.0,4.955783946709353,0.0,0.0,6.165743587680102
5.863815370941989,2.4783089955735873,0.0,0.0,0.0,0.0,0.0,0.0,0.0,0.0,3.4617199862122012,9.2455554221742,3.3659129131821204,0.0,0.0,4.141704912679751,6.491310712083115,0.0,0.0,0.0,5.008222450533723,3.9903491158891167,0.0,4.828146682795813,0.0,0.0,2.0991981306523124,0.0,0.0,8.154505242210393
5.206999843188018,8.911803130189302,0.0,0.0,0.0,0.0,0.0,0.0,0.0,0.0,3.9394930478116654,8.676514668376612,4.2527863952968135,0.0,0.0,4.505868835272352,6.705762768451033,0.0,0.0,0.0,3.7412464296119228,4.561733035791193,0.0,5.0446555406595825,0.0,0.0,5.638394510404922,0.0,0.0,7.74586122364787
1.1022376384684653,8.742681265334816,0.0,0.0,0.0,0.0,0.0,0.0,0.0,0.0,3.0991454448087747,1.4062735514836564,1.4062735514836564,0.0,0.0,1.1022376384684653,4.279439245844309,0.0,0.0,0.0,3.8406672654630216,5.503193987634205,0.0,5.620261574457053,0.0,0.0,4.198688143604683,0.0,0.0,6.888300896325973
4.380878913952154,8.36909954074732,0.0,0.0,0.0,0.0,0.0,0.0,0.0,0.0,3.940015794907908,11.243945422715337,4.487091570756892,0.0,0.0,2.5059088720984226,4.632369563982645,0.0,0.0,0.0,5.046851815196499,5.8543620323505605,0.0,7.174367453970729,0.0,0.0,3.787163149195555,0.0,0.0,6.521951557357247
7.478767351611943,8.189992287281543,0.0,0.0,0.0,0.0,0.0,0.0,0.0,0.0,3.6087540628902617,3.4631547358137125,3.3780665211021175,0.0,0.0,3.91888053192105,3.7556934553133523,0.0,0.0,0.0,4.245164480440167,10.026223298189601,0.0,6.987248397323299,0.0,0.0,2.3920342462235733,0.0,0.0,6.482248937205448
5.279173520588083,8.47344133964664,0.0,0.0,0.0,0.0,0.0,0.0,0.0,0.0,3.9260109782947215,10.638388459442535,2.2343747592595005,0.0,0.0,1.7257306390768161,4.3809267993236665,0.0,0.0,0.0,2.149518767011647,1.7257306390768161,0.0,7.455068606705648,0.0,0.0,2.2343747592595005,0.0,0.0,8.762224921477571
6.946974658398297,8.843839676008995,0.0,0.0,0.0,0.0,0.0,0.0,0.0,0.0,3.525592707095011,4.224889587481922,3.400979966151508,0.0,0.0,4.224889587481922,4.582063352450029,0.0,0.0,0.0,3.7049306773724053,6.389719656508867,0.0,7.9443866230401206,0.0,0.0,3.367789327803026,0.0,0.0,3.367789327803026
5.946073256008135,10.304569096046244,0.0,0.0,0.0,0.0,0.0,0.0,0.0,0.0,3.511888364845144,8.183103137722163,2.2955231075743177,0.0,0.0,2.982507305846221,4.538137981054981,0.0,0.0,0.0,4.669205088143798,6.66248653654421,0.0,7.1539562445707725,0.0,0.0,0.32907562776692867,0.0,0.0,5.3236054356075435
4.812563389928972,0.6156300136251925,0.0,0.0,0.0,0.0,0.0,0.0,0.0,0.0,2.565135618921507,7.721098871319767,3.5424073126167372,0.0,0.0,4.548793799889296,5.61886066540351,0.0,0.0,0.0,4.291260591033146,2.0129083010330904,0.0,8.524663586429076,0.0,0.0,2.0129083010330904,0.0,0.0,5.559261428657542
3.5619220893053636,7.8499260081171895,0.0,0.0,0.0,0.0,0.0,0.0,0.0,0.0,1.4226062598431146,7.6982444398358085,2.608702162049303,0.0,0.0,2.9088564104812242,4.33745888632256,0.0,0.0,0.0,3.4157998614721805,7.171541238105353,0.0,3.5619220893053636,0.0,0.0,3.193840104628508,0.0,0.0,7.425480420924914
3.771764198949827,9.928691722355843,0.0,0.0,0.0,0.0,0.0,0.0,0.0,0.0,2.4928508375539202,8.234321408945656,1.898285361194289,0.0,0.0,3.837374915315169,6.28710124701216,0.0,0.0,0.0,4.36721015390237,6.565990600439511,0.0,8.114363924894127,0.0,0.0,4.597410457200851,0.0,0.0,7.844413281181913
5.236930941729691,7.177723464886224,0.0,0.0,0.0,0.0,0.0,0.0,0.0,0.0,4.462889036606554,7.299973998656718,4.427561935716373,0.0,0.0,3.757704344894393,1.7211096275254918,0.0,0.0,0.0,3.1787662288017966,6.564866126522644,0.0,6.56843837391749,0.0,0.0,3.832147712579389,0.0,0.0,7.1983373868589595
6.948730135921685,9.40640906697226,0.0,0.0,0.0,0.0,0.0,0.0,0.0,0.0,1.5598173806004507,7.7365081955599955,4.3870100577920494,0.0,0.0,3.3285629125111256,4.894529165758972,0.0,0.0,0.0,2.8855111643289164,8.474515501173405,0.0,7.641906709993518,0.0,0.0,3.4491126927538343,0.0,0.0,7.0466518583179845
6.191811720274047,9.71153458268351,0.0,0.0,0.0,0.0,0.0,0.0,0.0,0.0,3.4121392680311047,10.174893572026459,4.923295499221174,0.0,0.0,3.0572496251630605,5.833951662181396,0.0,0.0,0.0,2.5352261009515082,7.05262672509408,0.0,8.400432246592764,0.0,0.0,6.403111744785852,0.0,0.0,6.753379230715832
7.184886665676006,8.359401528781628,0.0,0.0,0.0,0.0,0.0,0.0,0.0,0.0,2.6565339798008183,10.768846454226718,4.150902707713084,0.0,0.0,2.8179978658039193,4.994429225908332,0.0,0.0,0.0,3.2320009710765443,6.360752948177044,0.0,5.726930727690819,0.0,0.0,4.22678634516384,0.0,0.0,4.949306806556662
1.9314142179322398,7.992218562482541,0.0,0.0,0.0,0.0,0.0,0.0,0.0,0.0,4.0254436121272175,8.106400837967698,2.3833354658627632,0.0,0.0,3.913515286437005,5.528892917756309,0.0,0.0,0.0,3.2351070536290596,8.474306648778068,0.0,6.408926488027522,0.0,0.0,6.6431257490277416,0.0,0.0,5.739211016681297
6.021664801752336,1.8587475369866686,0.0,0.0,0.0,0.0,0.0,0.0,0.0,0.0,4.069609122298806,8.730652685138374,3.419774471997033,0.0,0.0,4.5150207233506965,5.0221241422303144,0.0,0.0,0.0,3.4979146294694514,8.052042125322451,0.0,6.6797527994502595,0.0,0.0,6.4685511052677445,0.0,0.0,5.9053136383065885
5.837722360168513,9.05014351803035,0.0,0.0,0.0,0.0,0.0,0.0,0.0,0.0,1.4813655932133352,1.759395975624074,5.457147935102983,0.0,0.0,5.175747159578084,5.034581500416889,0.0,0.0,0.0,4.059715554207474,6.358459023153645,0.0,7.378472127667792,0.0,0.0,4.982984485054991,0.0,0.0,6.208480057554851
5.097389660408473,2.9782766371693548,0.0,0.0,0.0,0.0,0.0,0.0,0.0,0.0,3.884915534489219,9.715107260397422,3.7769358352963147,0.0,0.0,2.9130331104172074,2.9130331104172074,0.0,0.0,0.0,4.9682476963276505,8.5106731696241,0.0,6.254355501725962,0.0,0.0,4.715852055004936,0.0,0.0,5.329107351462907
5.725266361092814,9.345268450994634,0.0,0.0,0.0,0.0,0.0,0.0,0.0,0.0,1.4112384554669672,10.602207444617735,5.455007698160133,0.0,0.0,3.500155572852893,5.717992758904962,0.0,0.0,0.0,1.5823168484699797,6.287420258392084,0.0,2.5517598445060874,0.0,0.0,5.874303949935985,0.0,0.0,1.7236703909974538
3.5260167001233453,10.011814965951029,0.0,0.0,0.0,0.0,0.0,0.0,0.0,0.0,2.7372058329472484,1.9369014053719518,5.0686385933878215,0.0,0.0,4.593585635478496,3.985322016218966,0.0,0.0,0.0,4.791019293918623,8.08733448714849,0.0,8.610963663412207,0.0,0.0,4.81762464790942,0.0,0.0,5.29292707977216
6.215873834915042,8.046502640505258,0.0,0.0,0.0,0.0,0.0,0.0,0.0,0.0,1.6966535075422944,8.741001654951324,3.1391102176999164,0.0,0.0,4.393448857206255,5.093729579477731,0.0,0.0,0.0,1.2162570423819754,9.05726263187822,0.0,8.763338224039092,0.0,0.0,5.602826307301038,0.0,0.0,5.073625753338957
6.432133732758444,7.02588692447828,0.0,0.0,0.0,0.0,0.0,0.0,0.0,0.0,3.6628117047177926,9.889754424300952,4.438309821046128,0.0,0.0,2.6059984976245074,2.241529662724482,0.0,0.0,0.0,4.927658735842641,8.952261048105429,0.0,8.676385997939446,0.0,0.0,4.585497177975448,0.0,0.0,7.298827580200077
6.413615833760813,8.815306706519653,0.0,0.0,0.0,0.0,0.0,0.0,0.0,0.0,0.005937683160879503,10.94465551852987,5.096198527823687,0.0,0.0,2.035937400184145,2.2909650144385223,0.0,0.0,0.0,3.4049433813514067,7.6849465364223954,0.0,6.938256042661781,0.0,0.0,3.7766566639612362,0.0,0.0,7.169316096588966
6.501859650214815,7.554055868863461,0.0,0.0,0.0,0.0,0.0,0.0,0.0,0.0,2.858122134989782,10.037420884411453,5.4812074022583,0.0,0.0,4.938922935812064,7.928698183952985,0.0,0.0,0.0,3.84478645282045,7.326930504216119,0.0,8.89596992149766,0.0,0.0,4.538857466489411,0.0,0.0,7.922811930896304
4.919420017836715,9.415846718912816,0.0,0.0,0.0,0.0,0.0,0.0,0.0,0.0,2.4137861615919567,5.618469972699642,2.9198867134209463,0.0,0.0,4.213776580221394,5.184977448410309,0.0,0.0,0.0,4.170113760175668,7.747143278271458,0.0,7.7776815308037435,0.0,0.0,5.051497413231128,0.0,0.0,5.618469972699642
2.830739600745726,8.245757376866074,0.0,0.0,0.0,0.0,0.0,0.0,0.0,0.0,3.9216754561445386,4.234886199341372,3.599070496299336,0.0,0.0,2.531433525771689,5.88413831328129,0.0,0.0,0.0,5.402048213327523,8.458589845296132,0.0,8.720812438610885,0.0,0.0,2.830739600745726,0.0,0.0,5.409665137449836
4.839833418624108,8.706386874870775,0.0,0.0,0.0,0.0,0.0,0.0,0.0,0.0,1.5557438536620203,8.8637581837932,5.204751690713066,0.0,0.0,5.116258517232621,4.571039930480464,0.0,0.0,0.0,5.585248430472161,7.770482307516103,0.0,9.09419036045439,0.0,0.0,4.1496555709886405,0.0,0.0,6.885648444308054
4.193989449780878,0.9693158149550618,0.0,0.0,0.0,0.0,0.0,0.0,0.0,0.0,3.8418167109198667,8.555862616863081,4.903211736587928,0.0,0.0,3.122427198309184,4.887810758442405,0.0,0.0,0.0,2.404471934033924,9.677232849588686,0.0,0.34668992187359615,0.0,0.0,5.259110950539582,0.0,0.0,6.2680121592136135
5.164325709542519,8.947013920672543,0.0,0.0,0.0,0.0,0.0,0.0,0.0,0.0,2.842141960780147,11.487402966719555,1.5258861993684776,0.0,0.0,3.5201520651758598,2.3729170882304906,0.0,0.0,0.0,2.3729170882304906,7.598165741094233,0.0,8.739086793499592,0.0,0.0,2.0140293654731805,0.0,0.0,7.774041521155856
6.598436626196592,9.29155075170921,0.0,0.0,0.0,0.0,0.0,0.0,0.0,0.0,4.506801668651812,9.60679015983341,5.323815001817645,0.0,0.0,4.91041258028989,4.767486831984849,0.0,0.0,0.0,3.360413557289366,7.154761367505465,0.0,8.805804268283042,0.0,0.0,3.0797855917849786,0.0,0.0,6.495638940533855
6.5488814243914115,9.878493340578835,0.0,0.0,0.0,0.0,0.0,0.0,0.0,0.0,3.4113193723306963,11.292534359283257,5.203966451315797,0.0,0.0,3.2120246953421123,5.197049798806857,0.0,0.0,0.0,4.0321212011382945,7.189000798528592,0.0,9.19164915456058,0.0,0.0,6.310193387776563,0.0,0.0,5.945718837272287
6.915090605966155,10.333924401760088,0.0,0.0,0.0,0.0,0.0,0.0,0.0,0.0,1.6674937482473782,8.431018299407551,5.276274177922876,0.0,0.0,2.7774381983405605,5.485945445090895,0.0,0.0,0.0,3.7961461186683914,7.107149901474635,0.0,7.436090258248019,0.0,0.0,5.527602188644497,0.0,0.0,6.176852539157147
5.001397658103832,9.63620901003194,0.0,0.0,0.0,0.0,0.0,0.0,0.0,0.0,3.8493528923742226,9.966827810972719,4.223414827911667,0.0,0.0,3.486244079526756,4.6295358994639,0.0,0.0,0.0,4.341117609969604,6.3079472623041,0.0,9.183142728371532,0.0,0.0,4.371234230318294,0.0,0.0,6.789938383810823
11.537680704070342,7.5802482917819685,0.0,0.0,0.0,0.0,0.0,0.0,0.0,0.0,2.1861959278544925,1.7392841177053862,3.8122337791936616,0.0,0.0,4.055750102718613,6.321459207256394,0.0,0.0,0.0,1.7392841177053862,6.819928931531117,0.0,1.1525175829784324,0.0,0.0,5.451566487622302,0.0,0.0,6.33409782677347
5.613701928597853,3.5771857751993723,0.0,0.0,0.0,0.0,0.0,0.0,0.0,0.0,7.317046551693164,9.080691736062054,3.928127265091258,0.0,0.0,3.198946122491389,6.135893760848088,0.0,0.0,0.0,2.9826271716203245,3.5771857751993723,0.0,8.168974946448655,0.0,0.0,5.977521584282241,0.0,0.0,6.763938508756733
5.336441733954857,7.5130092654552545,0.0,0.0,0.0,0.0,0.0,0.0,0.0,0.0,7.40681244427298,6.675465298708329,4.047284724564787,0.0,0.0,0.024992329644816458,4.979313911208928,0.0,0.0,0.0,4.565242268263413,-0.2883973438927905,0.0,10.153339937946997,0.0,0.0,5.512627665451635,0.0,0.0,6.358088485957216
6.6864352382920345,7.166575598299732,0.0,0.0,0.0,0.0,0.0,0.0,0.0,0.0,3.610267475072107,10.968029956161685,5.125111906851323,0.0,0.0,3.675182603637477,5.903242621290059,0.0,0.0,0.0,6.16986039406376,3.610267475072107,0.0,8.72070382332743,0.0,0.0,5.581046009342255,0.0,0.0,1.1709182910319262
1.6234226006715582,5.431863174718835,0.0,0.0,0.0,0.0,0.0,0.0,0.0,0.0,2.0284373793901915,10.898379399852036,3.639136103878583,0.0,0.0,4.775250983047921,5.796015331706795,0.0,0.0,0.0,2.9234750707000248,5.139776721198389,0.0,6.424783670314704,0.0,0.0,6.835926955441355,0.0,0.0,5.427240266734959
6.33138162401713,9.16617224684715,0.0,0.0,0.0,0.0,0.0,0.0,0.0,0.0,2.758107981304629,10.282005236935074,1.586048503866553,0.0,0.0,3.1261198750221086,4.8479872008376965,0.0,0.0,0.0,3.096547614593691,2.758107981304629,0.0,8.320941262718781,0.0,0.0,1.586048503866553,0.0,0.0,1.60272205749524
5.4009459724478255,2.941321540289429,0.0,0.0,0.0,0.0,0.0,0.0,0.0,0.0,3.0593012326573046,9.782494651198109,3.037155432102584,0.0,0.0,3.173858873848912,4.0613760293197325,0.0,0.0,0.0,4.45129362777125,3.0593012326573046,0.0,8.415704549802053,0.0,0.0,3.7483506490376546,0.0,0.0,6.88845059457056
3.49012876824404,8.01075934004677,0.0,0.0,0.0,0.0,0.0,0.0,0.0,0.0,2.527682048272024,9.333854004886296,5.003052883063164,0.0,0.0,1.3998272609487925,4.7826957115724325,0.0,0.0,0.0,4.4024635963559895,2.527682048272024,0.0,1.3998272609487925,0.0,0.0,7.164325022186517,0.0,0.0,6.732248040052089
4.813357039644495,10.230556248903735,0.0,0.0,0.0,0.0,0.0,0.0,0.0,0.0,1.6026007431348743,8.446343690555764,5.949389979334429,0.0,0.0,3.407802883152669,3.7536357233987756,0.0,0.0,0.0,5.497936021026372,1.6026007431348743,0.0,7.960433872386828,0.0,0.0,5.213063903465145,0.0,0.0,7.041720081782468
2.4116151867968654,0.4394933228561433,0.0,0.0,0.0,0.0,0.0,0.0,0.0,0.0,1.1057100949918826,10.283210681685212,4.345038530061629,0.0,0.0,4.738097609834318,4.6386773026796115,0.0,0.0,0.0,2.7011959729246637,1.1057100949918826,0.0,7.956803000980162,0.0,0.0,3.047950946458231,0.0,0.0,2.4116151867968654
6.686472879952004,8.629092018544942,0.0,0.0,0.0,0.0,0.0,0.0,0.0,0.0,0.7848608094054754,10.495488176382175,5.8517148322813926,0.0,0.0,2.479109397360578,4.719603613302224,0.0,0.0,0.0,3.0861744297893203,0.7848608094054754,0.0,8.536405466910564,0.0,0.0,3.4933992645674783,0.0,0.0,6.224800137269729
5.784148807585488,10.536652495106626,0.0,0.0,0.0,0.0,0.0,0.0,0.0,0.0,0.38819449455053245,3.2777046892953248,4.8099361405821295,0.0,0.0,4.738243501238201,4.819597942369392,0.0,0.0,0.0,3.4621242231654494,0.38819449455053245,0.0,6.254119815571712,0.0,0.0,5.648194681276024,0.0,0.0,8.241152467038033
8.581212954323298,0.6879057313561372,0.0,0.0,0.0,0.0,0.0,0.0,0.0,0.0,3.9684305819977927,9.926672260206509,5.025913776473052,0.0,0.0,3.6983009129866296,5.082319512291191,0.0,0.0,0.0,6.271118832040743,4.510086352597618,0.0,9.414680003765056,0.0,0.0,5.370661095667192,0.0,0.0,3.6983009129866296
6.0921142096294965,8.762507504848315,0.0,0.0,0.0,0.0,0.0,0.0,0.0,0.0,3.8472640433103242,9.73944955493908,2.363222565691749,0.0,0.0,3.8363146661502676,2.838170044492224,0.0,0.0,0.0,5.052837119547586,1.2294079868840244,0.0,10.579459941621149,0.0,0.0,3.8833516020404524,0.0,0.0,6.076283962520677
4.805043071301761,8.691415585660797,0.0,0.0,0.0,0.0,0.0,0.0,0.0,0.0,4.0189719852537165,11.34179544205927,3.4631202693816863,0.0,0.0,0.8689494645571888,7.604088888993969,0.0,0.0,0.0,3.5538441450007037,0.8689494645571888,0.0,9.060792546468697,0.0,0.0,4.519294329185583,0.0,0.0,6.449111261786643
5.657292450780409,10.809408739663104,0.0,0.0,0.0,0.0,0.0,0.0,0.0,0.0,3.689707554402184,9.47025360033984,3.742309751359098,0.0,0.0,4.789305972869821,7.642679792715773,0.0,0.0,0.0,2.2598879353440524,0.7044671492074221,0.0,9.357911553208833,0.0,0.0,6.4822899112870065,0.0,0.0,6.162260530162559
4.413442061320679,8.754152423575878,0.0,0.0,0.0,0.0,0.0,0.0,0.0,0.0,1.8852067918148048,9.035242990507548,2.6031202212030653,0.0,0.0,2.916419526762914,6.716051916433979,0.0,0.0,0.0,4.657435972495083,1.04759008546562,0.0,8.156896849055855,0.0,0.0,5.292661369376971,0.0,0.0,7.533145339405643
5.140547736217951,6.9037151559213275,0.0,0.0,0.0,0.0,0.0,0.0,0.0,0.0,3.2770002801278815,0.08044175728182257,3.613810983036804,0.0,0.0,3.6350517223243703,5.4176345519888365,0.0,0.0,0.0,1.7567279978795551,1.3344154251243387,0.0,8.642872058137874,0.0,0.0,4.517001637696575,0.0,0.0,6.7723679828095635
4.233199692569983,7.485029441496851,0.0,0.0,0.0,0.0,0.0,0.0,0.0,0.0,1.778558709531106,10.204610423079933,3.8797255112022695,0.0,0.0,3.0950227771947505,3.840953639234404,0.0,0.0,0.0,1.665771373967897,1.9156932457697133,0.0,8.833544160046129,0.0,0.0,4.803733614276734,0.0,0.0,6.527428930239861
6.028418865531689,10.143457341615795,0.0,0.0,0.0,0.0,0.0,0.0,0.0,0.0,4.4176563349313875,10.416777169825753,4.0319129499832,0.0,0.0,3.273366896075588,6.884344570005691,0.0,0.0,0.0,3.5670405706613,2.3120422769624054,0.0,8.201408752754821,0.0,0.0,3.5890945256657103,0.0,0.0,7.930427375240489
1.1764221857650095,2.951503647006657,0.0,0.0,0.0,0.0,0.0,0.0,0.0,0.0,4.086279687853786,9.714787896620953,4.372179652441829,0.0,0.0,3.931041578177013,5.453915875755581,0.0,0.0,0.0,4.527446777600284,2.5622718469829167,0.0,7.641748755895512,0.0,0.0,5.249512750661659,0.0,0.0,2.951503647006657
5.947441478317337,8.50683239601662,0.0,0.0,0.0,0.0,0.0,0.0,0.0,0.0,1.432894969451622,10.998303282615858,3.4931830310122383,0.0,0.0,2.7536431954994534,4.599461320341168,0.0,0.0,0.0,5.079778225226897,1.432894969451622,0.0,9.616601102176269,0.0,0.0,4.707590930550427,0.0,0.0,6.6732394176364105
7.78493368690445,10.574747707035726,0.0,0.0,0.0,0.0,0.0,0.0,0.0,0.0,4.634979313676361,9.157969138140794,4.444995098843134,0.0,0.0,2.7475995017692245,5.454753920442657,0.0,0.0,0.0,5.265721390881721,1.6542091997587158,0.0,6.765696452892308,0.0,0.0,3.8954493185979864,0.0,0.0,5.76933205437261
4.074580185713434,8.211567886999905,0.0,0.0,0.0,0.0,0.0,0.0,0.0,0.0,2.272610992986295,10.679518081732647,4.168994703997686,0.0,0.0,2.3443532646526304,4.709498815585432,0.0,0.0,0.0,2.4593691686946912,2.0709311469257736,0.0,7.023461641735466,0.0,0.0,1.6371746522797404,0.0,0.0,6.6515595558018825
5.223626956867561,8.10709644430978,0.0,0.0,0.0,0.0,0.0,0.0,0.0,0.0,2.3493574216242656,1.31363032713225,4.580664915256111,0.0,0.0,4.515520718090568,7.125529692522136,0.0,0.0,0.0,4.936272568347498,3.1957574628457643,0.0,9.573080185719204,0.0,0.0,2.3493574216242656,0.0,0.0,6.071303212241139
3.97573940902355,10.848706182923403,0.0,0.0,0.0,0.0,0.0,0.0,0.0,0.0,-0.06954047406594688,9.65290369203384,4.712608005694425,0.0,0.0,4.515070053547778,6.004585264523959,0.0,0.0,0.0,5.096054325273883,3.393444072355178,0.0,4.060222034221692,0.0,0.0,3.114529907483059,0.0,0.0,4.060222034221692
6.298652715051764,10.048095288769469,0.0,0.0,0.0,0.0,0.0,0.0,0.0,0.0,1.1788567274827924,10.632553789163536,4.4046577254512265,0.0,0.0,2.851623110592018,6.3279436192990834,0.0,0.0,0.0,3.4026948880620664,3.4626112004388174,0.0,7.067565527982469,0.0,0.0,4.239777896398657,0.0,0.0,7.2956571183476635
4.948070937257822,8.036363465968165,0.0,0.0,0.0,0.0,0.0,0.0,0.0,0.0,3.926033138505703,10.071282747806965,3.850550728097126,0.0,0.0,3.752508382655363,3.487275148839404,0.0,0.0,0.0,3.746767315932359,3.336756041809298,0.0,10.51181857632467,0.0,0.0,4.1359097175062605,0.0,0.0,7.5232162945168986
9.268032699107057,6.6491362802724865,0.0,0.0,0.0,0.0,0.0,0.0,0.0,0.0,1.137206348820384,11.133897416822105,3.1327306594366764,0.0,0.0,2.936990335162799,4.150618976607284,0.0,0.0,0.0,3.3360567866704036,4.205514833168054,0.0,2.936990335162799,0.0,0.0,4.100553541606754,0.0,0.0,6.98531688419483
4.8136682592223625,4.8136682592223625,0.0,0.0,0.0,0.0,0.0,0.0,0.0,0.0,2.776898557787523,8.805633746845782,4.675095958495019,0.0,0.0,3.5136032751096695,5.598835309346856,0.0,0.0,0.0,4.873073739666074,4.559393792948233,0.0,9.764270418497349,0.0,0.0,4.886441641755855,0.0,0.0,6.832429451533516
4.488258810212668,8.793960558695039,0.0,0.0,0.0,0.0,0.0,0.0,0.0,0.0,2.647812848686536,10.058530297216892,5.004560830141727,0.0,0.0,3.9546481711529817,6.5663372055678515,0.0,0.0,0.0,4.800679856059058,4.990756277834935,0.0,4.488258810212668,0.0,0.0,5.2135271101467815,0.0,0.0,2.9855241786479256
3.7018741298428504,8.238249073734732,0.0,0.0,0.0,0.0,0.0,0.0,0.0,0.0,1.0388052810214217,0.8521552055510899,2.7637851164629503,0.0,0.0,3.485841081253245,4.7695391720535,0.0,0.0,0.0,3.958694829391726,5.1741328727854725,0.0,3.7018741298428504,0.0,0.0,3.0682774241798123,0.0,0.0,2.7637851164629503
2.9957793117512055,8.907618021531034,0.0,0.0,0.0,0.0,0.0,0.0,0.0,0.0,2.83063563983536,10.042069873083612,3.6385356079060935,0.0,0.0,3.0228697231750736,7.726967771781821,0.0,0.0,0.0,4.538061337108703,4.700600109763649,0.0,2.9957793117512055,0.0,0.0,3.833850148332628,0.0,0.0,5.795894800035203
3.928698468256709,9.37261350192446,0.0,0.0,0.0,0.0,0.0,0.0,0.0,0.0,5.271020632805154,10.639485817610133,3.9820507817229034,0.0,0.0,1.5732806116608136,5.3775852271658025,0.0,0.0,0.0,3.3170504009990744,7.547397935087669,0.0,4.098830903988741,0.0,0.0,3.4053057654736634,0.0,0.0,7.373275366296667
6.572518434675078,8.086765605131225,0.0,0.0,0.0,0.0,0.0,0.0,0.0,0.0,2.083365250753158,10.511219380110003,4.278913444868774,0.0,0.0,1.7341316939566322,6.061104184344618,0.0,0.0,0.0,2.183351116463535,5.570476246440097,0.0,1.910251910311372,0.0,0.0,3.4330304468561055,0.0,0.0,7.448511683978365
3.331400823887196,9.087080005835713,0.0,0.0,0.0,0.0,0.0,0.0,0.0,0.0,2.3267749587344015,9.859275791187255,3.331400823887196,0.0,0.0,0.9383885963344967,4.816725865532343,0.0,0.0,0.0,3.491251948024197,7.211936117806699,0.0,5.833596830677028,0.0,0.0,5.598555669732049,0.0,0.0,7.216837048214183
3.4520009957524733,6.970741196295453,0.0,0.0,0.0,0.0,0.0,0.0,0.0,0.0,1.0512929574026235,10.208412932463485,4.771959636634366,0.0,0.0,4.632558113174262,1.4585332211707207,0.0,0.0,0.0,3.63647104763798,1.0512929574026235,0.0,5.224842414751717,0.0,0.0,6.617471136368158,0.0,0.0,6.987983060987719
4.334618851790998,10.57740405187894,0.0,0.0,0.0,0.0,0.0,0.0,0.0,0.0,1.5852255602709484,9.713583563497991,4.910937402363393,0.0,0.0,3.542227950562626,2.9980734954469956,0.0,0.0,0.0,4.667284203925099,8.662394922442115,0.0,6.139180835749873,0.0,0.0,5.632181901956278,0.0,0.0,5.191683380062363
3.339805514965453,9.814615602995339,0.0,0.0,0.0,0.0,0.0,0.0,0.0,0.0,3.339805514965453,9.27304720019884,4.474220511405152,0.0,0.0,1.4531338077647438,3.7207345460656214,0.0,0.0,0.0,4.144056146691326,4.220229953340279,0.0,5.597345670573564,0.0,0.0,3.116094925033222,0.0,0.0,5.2496653009699665
-0.34763283065288664,9.250106082731218,0.0,0.0,0.0,0.0,0.0,0.0,0.0,0.0,2.834680399581648,10.573861837066419,3.6444894975912225,0.0,0.0,2.987631371486369,2.6192163006264484,0.0,0.0,0.0,5.573991507859053,2.6192163006264484,0.0,5.726304197989178,0.0,0.0,3.406450063730655,0.0,0.0,6.038587353942418
3.24498083745908,7.839475565468003,0.0,0.0,0.0,0.0,0.0,0.0,0.0,0.0,3.3314497368240765,10.378700426359007,2.2584349882723815,0.0,0.0,2.2584349882723815,4.406749122712278,0.0,0.0,0.0,4.73273130689704,7.73854092552424,0.0,8.969480200818282,0.0,0.0,6.636303179490389,0.0,0.0,7.603132810042258
4.101041969037783,7.948289861576664,0.0,0.0,0.0,0.0,0.0,0.0,0.0,0.0,3.965258960713526,4.022747629373721,3.8992411074723177,0.0,0.0,3.0999381168619857,4.369207161797338,0.0,0.0,0.0,4.0619127242940065,4.022747629373721,0.0,9.360511150239738,0.0,0.0,5.492492883642323,0.0,0.0,7.022472133882001
4.4051319225184695,8.719277090083644,0.0,0.0,0.0,0.0,0.0,0.0,0.0,0.0,1.3025531501119714,9.325498926337612,3.2146145597953923,0.0,0.0,3.3846990610464185,4.19026288506313,0.0,0.0,0.0,0.5828233152995378,5.917603418010521,0.0,8.273965492429259,0.0,0.0,5.796478022751958,0.0,0.0,1.2749202509689646
4.397879678697312,7.4068692270974275,0.0,0.0,0.0,0.0,0.0,0.0,0.0,0.0,3.837861109449644,8.054583751929695,4.502750632412529,0.0,0.0,3.9277047986525737,3.863026566709684,0.0,0.0,0.0,5.411820470924782,4.5602700676031125,0.0,7.397756746388393,0.0,0.0,3.5770265414546065,0.0,0.0,6.22092297868372
5.309384042200993,9.493919194874259,0.0,0.0,0.0,0.0,0.0,0.0,0.0,0.0,3.986929155172184,8.678860021466962,4.498062761454111,0.0,0.0,4.911463711509434,4.44297696644832,0.0,0.0,0.0,3.3498749225685738,1.9653398836863412,0.0,8.7778542776394,0.0,0.0,2.863848712432555,0.0,0.0,7.1963371962744755
7.340332333933846,8.868606385699172,0.0,0.0,0.0,0.0,0.0,0.0,0.0,0.0,3.657100846326961,2.944083916934984,4.467998666707285,0.0,0.0,2.4268112221298552,4.663464766723711,0.0,0.0,0.0,2.4268112221298552,8.646367104500438,0.0,9.225696640279514,0.0,0.0,5.355299335366714,0.0,0.0,2.944083916934984
5.933796903645598,9.456569710209916,0.0,0.0,0.0,0.0,0.0,0.0,0.0,0.0,3.910893598326161,8.758198373853553,4.250794880361533,0.0,0.0,3.735746179005768,3.3183303924437126,0.0,0.0,0.0,3.8178794589600047,7.737784582018757,0.0,7.716767041192456,0.0,0.0,4.042961036915806,0.0,0.0,5.973584113351377
2.925515530915193,10.763241631672386,0.0,0.0,0.0,0.0,0.0,0.0,0.0,0.0,2.694491978433024,10.329619548734355,4.240722706994566,0.0,0.0,4.577235150642845,4.868797905716526,0.0,0.0,0.0,4.144789394052714,8.325790032169419,0.0,11.12661862753033,0.0,0.0,0.335868414365486,0.0,0.0,4.368430656081671
2.9753624158745566,8.633553999113321,0.0,0.0,0.0,0.0,0.0,0.0,0.0,0.0,1.2259413871066474,2.883878861660405,3.0638853334020144,0.0,0.0,2.611552224622283,5.307385031884187,0.0,0.0,0.0,3.6841318729159824,8.470663218435046,0.0,7.318926078273166,0.0,0.0,2.883878861660405,0.0,0.0,2.9753624158745566
4.676435402861533,8.576491319984996,0.0,0.0,0.0,0.0,0.0,0.0,0.0,0.0,3.000453833875108,9.607736547269008,3.4280020356308056,0.0,0.0,3.277206124399091,3.1539599273058707,0.0,0.0,0.0,4.091094478124955,8.289937698257281,0.0,7.855030410102172,0.0,0.0,1.8521611060763126,0.0,0.0,2.1939568233411153
4.995803759365938,9.591120245550245,0.0,0.0,0.0,0.0,0.0,0.0,0.0,0.0,3.060430253321391,10.78906141005475,0.6588544907012601,0.0,0.0,3.0725053939561513,5.13419670259507,0.0,0.0,0.0,3.6735524343193906,0.6084387600855172,0.0,1.272704019913311,0.0,0.0,6.310881320120518,0.0,0.0,7.955897115424068
5.882254430771248,9.398801367444557,0.0,0.0,0.0,0.0,0.0,0.0,0.0,0.0,0.8636950554285452,3.6159592108354097,4.358587855339883,0.0,0.0,3.2413490427375953,5.726838590175708,0.0,0.0,0.0,3.3812115132866336,8.272354590837669,0.0,8.507852226699585,0.0,0.0,3.6159592108354097,0.0,0.0,7.607980716709696
3.022774103856569,2.831526610670273,0.0,0.0,0.0,0.0,0.0,0.0,0.0,0.0,3.5718209184308125,10.023636889815338,5.687368693970435,0.0,0.0,4.004426653481678,3.916442536357174,0.0,0.0,0.0,5.076012802445508,7.28300551780516,0.0,10.658031259878442,0.0,0.0,3.8096577867797694,0.0,0.0,2.831526610670273
5.668409584798673,8.31755332869516,0.0,0.0,0.0,0.0,0.0,0.0,0.0,0.0,3.5508683564464407,7.726883579921882,3.4412347844142097,0.0,0.0,2.2413251342181977,4.0117711092625825,0.0,0.0,0.0,4.9954083987118025,7.67315139873517,0.0,8.737279400618412,0.0,0.0,3.620480213905146,0.0,0.0,6.933334289420621
5.531588530361322,8.230480372914244,0.0,0.0,0.0,0.0,0.0,0.0,0.0,0.0,1.7126345074132594,1.5623541507452898,4.988319380301307,0.0,0.0,3.375113982182449,6.068037274464803,0.0,0.0,0.0,2.4688527372494975,7.696500397266342,0.0,7.68105194379937,0.0,0.0,0.973039779390915,0.0,0.0,5.408445416157156
6.202202373452722,9.701068497175852,0.0,0.0,0.0,0.0,0.0,0.0,0.0,0.0,0.8911213457526044,8.796582095481444,5.2693103601676965,0.0,0.0,3.0288581848586493,5.801100555344808,0.0,0.0,0.0,4.500681242828128,6.286674598467973,0.0,8.860954342071192,0.0,0.0,5.162455934259588,0.0,0.0,8.145677110805504
5.445304459652573,8.752496771775917,0.0,0.0,0.0,0.0,0.0,0.0,0.0,0.0,5.746251163725754,2.346631346490466,4.143340162155755,0.0,0.0,0.4042784662634422,2.346631346490466,0.0,0.0,0.0,3.3308882418087213,7.815835124761433,0.0,2.8122390809380815,0.0,0.0,5.0323779914348306,0.0,0.0,6.204918835174259
6.057914468255621,7.35896933196117,0.0,0.0,0.0,0.0,0.0,0.0,0.0,0.0,2.8132434827503396,9.981061885214555,4.527131794975558,0.0,0.0,4.6821070684735595,4.986717352726183,0.0,0.0,0.0,3.1501753927618923,8.664069836009107,0.0,-0.1664621513272856,0.0,0.0,4.92598684032145,0.0,0.0,7.453824672860037
0.5871758836514015,9.168466875397991,0.0,0.0,0.0,0.0,0.0,0.0,0.0,0.0,4.06761739620644,10.14607384838383,4.725739071721418,0.0,0.0,4.1905059197465455,4.962149628910704,0.0,0.0,0.0,3.506677368070565,5.934010035871559,0.0,8.165990273459716,0.0,0.0,5.822460051237376,0.0,0.0,5.610300682392939
5.917193703270185,9.302640064496526,0.0,0.0,0.0,0.0,0.0,0.0,0.0,0.0,3.54403402885133,4.809605717443296,4.3118639317957665,0.0,0.0,3.5522062813888877,2.3717726927621188,0.0,0.0,0.0,4.809605717443296,2.3717726927621188,0.0,8.343624840827037,0.0,0.0,4.417671727783309,0.0,0.0,-0.15693525585529255
4.976819183374815,8.943040410411427,0.0,0.0,0.0,0.0,0.0,0.0,0.0,0.0,3.703788346474764,3.133201641278351,5.8252959069192425,0.0,0.0,1.1331593398448612,4.3598015156840075,0.0,0.0,0.0,3.526408777898142,3.133201641278351,0.0,8.108170587358622,0.0,0.0,4.190333937415946,0.0,0.0,7.143905741914001
-0.1184648160173819,8.440829987864175,0.0,0.0,0.0,0.0,0.0,0.0,0.0,0.0,3.0380700918657975,8.357981214463717,4.908834985237556,0.0,0.0,3.1053057035418763,5.124906492074851,0.0,0.0,0.0,2.098145133635261,2.390676524435663,0.0,2.098145133635261,0.0,0.0,2.390676524435663,0.0,0.0,8.733046565486426
4.99676449836484,9.1042508268704,0.0,0.0,0.0,0.0,0.0,0.0,0.0,0.0,3.355798992814465,7.728377610236457,4.184548115955433,0.0,0.0,4.428627144885557,4.273653321010375,0.0,0.0,0.0,5.69318958250923,5.379278087467743,0.0,1.966393026352943,0.0,0.0,3.377839584052161,0.0,0.0,6.269082443179035
4.64643235682494,9.58143797223582,0.0,0.0,0.0,0.0,0.0,0.0,0.0,0.0,3.4926712508669078,11.678692671847328,4.782214333966439,0.0,0.0,2.0010359361453425,5.108914439213049,0.0,0.0,0.0,2.8033034429576733,6.579473050149617,0.0,6.999925557607741,0.0,0.0,4.1291298327416035,0.0,0.0,1.1365979855434196
5.874319364252296,9.152644590465774,0.0,0.0,0.0,0.0,0.0,0.0,0.0,0.0,2.536156140113413,2.5011274341506984,4.65602158113876,0.0,0.0,1.638437940828275,0.9349432567150205,0.0,0.0,0.0,2.5011274341506984,7.294299496091188,0.0,9.915541124914753,0.0,0.0,4.727982137660998,0.0,0.0,6.790606190961425
7.6004097410484155,7.993690389193469,0.0,0.0,0.0,0.0,0.0,0.0,0.0,0.0,2.1550025561471875,12.027498345223188,3.7086079942595003,0.0,0.0,4.4898883594778685,5.923442460092754,0.0,0.0,0.0,4.735911000217176,7.756287245272142,0.0,6.5162306292771515,0.0,0.0,4.2564116002248396,0.0,0.0,5.856293661121249
5.375944066830936,9.696820076167688,0.0,0.0,0.0,0.0,0.0,0.0,0.0,0.0,2.6879864402054516,9.712730375579252,5.6329976785057205,0.0,0.0,3.703787770728788,4.695565209044202,0.0,0.0,0.0,0.8347995484998998,5.7206598857920286,0.0,8.517966063909185,0.0,0.0,4.053671238259736,0.0,0.0,5.2202025759006006
5.967295684345162,9.010874597978018,0.0,0.0,0.0,0.0,0.0,0.0,0.0,0.0,2.0748688607037855,9.900149423571932,4.649964609127,0.0,0.0,4.127841645242247,5.1429070037600955,0.0,0.0,0.0,4.9287860576667555,5.743166903309606,0.0,6.891745596735137,0.0,0.0,4.152860839149436,0.0,0.0,1.9619281063817566
5.3306577598497515,10.43943987784439,0.0,0.0,0.0,0.0,0.0,0.0,0.0,0.0,1.1882717411168187,11.360255828535006,5.677166549385159,0.0,0.0,4.900343343106773,5.465453484978809,0.0,0.0,0.0,3.164612712198897,8.598423185241982,0.0,9.480318858425392,0.0,0.0,4.286155060510691,0.0,0.0,1.1882717411168187
6.051268401839866,8.971213021727422,0.0,0.0,0.0,0.0,0.0,0.0,0.0,0.0,2.339625457741072,9.77488068856437,1.917130917293973,0.0,0.0,1.917130917293973,3.310056194231785,0.0,0.0,0.0,4.2704693115645,3.310056194231785,0.0,8.917955439291191,0.0,0.0,4.744621525442735,0.0,0.0,6.703536866157382
